1000	997000
2000	997000
3000	999000
4000	0
5000	0
6000	999000
7000	996000
8000	998000
9000	999000
10000	1997000
11000	1000000
12000	997000
13000	998000
14000	2007000
15000	998000
16000	1995000
17000	1946000
18000	1997000
19000	1000000
20000	1996000
21000	1993000
22000	1998000
23000	2995000
24000	2991000
25000	2989000
26000	1994000
27000	2991000
28000	4031000
29000	2992000
30000	2984000
31000	2993000
32000	3990000
33000	4987000
34000	4986000
35000	4986000
36000	3989000
37000	4986000
38000	4987000
39000	5983000
40000	5983000
41000	5984000
42000	5986000
43000	5984000
44000	5985000
45000	5982000
46000	6971000
47000	5980000
48000	3989000
49000	5984000
50000	4987000
51000	4982000
52000	5983000
53000	4986000
54000	5987000
55000	6984000
56000	7979000
57000	5984000
58000	7961000
59000	6977000
60000	7939000
61000	5981000
62000	6984000
63000	5984000
64000	6983000
65000	6966000
66000	6982000
67000	6982000
68000	7033000
69000	6984000
70000	7998000
71000	7980000
72000	8001000
73000	7998000
74000	7979000
75000	7981000
76000	8041000
77000	7996000
78000	7999000
79000	7979000
80000	9036000
81000	9038000
82000	8974000
83000	8997000
84000	9971000
85000	9000000
86000	9984000
87000	8915000
88000	9999000
89000	10032000
90000	9974000
91000	10928000
92000	10971000
93000	9971000
94000	10991000
95000	10990000
96000	9975000
97000	10930000
98000	10991000
99000	10908000
100000	10909000
101000	10970000
102000	10973000
103000	10969000
104000	11956000
105000	11989000
106000	11903000
107000	11952000
108000	13030000
109000	12986000
110000	12031000
111000	12936000
112000	12968000
113000	11967000
114000	12966000
115000	12956000
116000	12987000
117000	12901000
118000	12991000
119000	13962000
120000	13898000
121000	13907000
122000	14937000
123000	13937000
124000	14928000
125000	14954000
126000	14025000
127000	14895000
128000	14983000
129000	14957000
130000	15987000
131000	15955000
132000	14961000
133000	16019000
134000	15957000
135000	16007000
136000	15958000
137000	16892000
138000	16891000
139000	15996000
140000	15957000
141000	16930000
142000	16956000
143000	16955000
144000	16975000
145000	16955000
146000	16952000
147000	17989000
148000	17980000
149000	17954000
150000	18949000
151000	17888000
152000	18888000
153000	17951000
154000	18916000
155000	20983000
156000	18949000
157000	18010000
158000	18952000
159000	19882000
160000	18965000
161000	18949000
162000	18980000
163000	19944000
164000	20919000
165000	19947000
166000	19979000
167000	20919000
168000	20943000
169000	20007000
170000	21005000
171000	20944000
172000	20919000
173000	21915000
174000	20912000
175000	21911000
176000	21881000
177000	21914000
178000	21882000
179000	26927000
180000	25930000
181000	27924000
182000	25930000
183000	26961000
184000	27925000
185000	27925000
186000	26971000
187000	23894000
188000	25968000
189000	25889000
190000	23999000
191000	22941000
192000	22918000
193000	23942000
194000	23972000
195000	24902000
196000	24962000
197000	24003000
198000	24907000
199000	23944000
200000	24872000
201000	25002000
202000	24917000
203000	25996000
204000	24970000
205000	24999000
206000	25935000
207000	24933000
208000	24934000
209000	25903000
210000	25904000
211000	25930000
212000	25868000
213000	25993000
214000	26994000
215000	26898000
216000	26972000
217000	26867000
218000	26989000
219000	26925000
220000	26990000
221000	26933000
222000	27992000
223000	27892000
224000	26907000
225000	27924000
226000	26933000
227000	28920000
228000	28927000
229000	27952000
230000	28902000
231000	28927000
232000	27929000
233000	28921000
234000	28926000
235000	29920000
236000	28945000
237000	28927000
238000	29896000
239000	29949000
240000	29903000
241000	29986000
242000	29951000
243000	29925000
244000	30917000
245000	29926000
246000	30915000
247000	30917000
248000	30918000
249000	30920000
250000	30920000
251000	30924000
252000	31921000
253000	31915000
254000	31917000
255000	31956000
256000	31980000
257000	31907000
258000	32893000
259000	31920000
260000	32979000
261000	31914000
262000	32850000
263000	31915000
264000	32910000
265000	32912000
266000	32911000
267000	32910000
268000	33914000
269000	33848000
270000	33973000
271000	33976000
272000	33909000
273000	33909000
274000	33909000
275000	34907000
276000	34934000
277000	34910000
278000	35902000
279000	34864000
280000	35908000
281000	35841000
282000	35911000
283000	35888000
284000	35969000
285000	36902000
286000	35908000
287000	35944000
288000	35910000
289000	36881000
290000	36901000
291000	36932000
292000	36903000
293000	36881000
294000	36902000
295000	37902000
296000	36907000
297000	39871000
298000	37936000
299000	37903000
300000	37880000
301000	37879000
302000	38834000
303000	38900000
304000	37960000
305000	38938000
306000	39869000
307000	39898000
308000	38900000
309000	38902000
310000	38938000
311000	38877000
312000	40824000
313000	39891000
314000	38895000
315000	39892000
316000	39901000
317000	40830000
318000	40892000
319000	39923000
320000	40827000
321000	40958000
322000	40872000
323000	41884000
324000	41888000
325000	41953000
326000	41896000
327000	40930000
328000	41888000
329000	41887000
330000	41868000
331000	42862000
332000	41870000
333000	41918000
334000	43947000
335000	42914000
336000	42890000
337000	42890000
338000	43887000
339000	43879000
340000	42886000
341000	43882000
342000	43885000
343000	43880000
344000	43945000
345000	44818000
346000	43927000
347000	44860000
348000	44885000
349000	44861000
350000	45884000
351000	45876000
352000	45878000
353000	44879000
354000	44884000
355000	44922000
356000	45922000
357000	45919000
358000	45858000
359000	45875000
360000	46874000
361000	46875000
362000	45877000
363000	46876000
364000	47870000
365000	46876000
366000	47932000
367000	47872000
368000	47912000
369000	47873000
370000	47877000
371000	47876000
372000	47878000
373000	47873000
374000	48870000
375000	48803000
376000	48873000
377000	49871000
378000	48874000
379000	49871000
380000	49908000
381000	48857000
382000	49896000
383000	48932000
384000	49871000
385000	49828000
386000	50824000
387000	49873000
388000	50862000
389000	50861000
390000	50864000
391000	50894000
392000	51860000
393000	55850000
394000	50864000
395000	51798000
396000	50798000
397000	51861000
398000	51861000
399000	52857000
400000	52798000
401000	52882000
402000	52859000
403000	52856000
404000	52796000
405000	52923000
406000	51862000
407000	52862000
408000	53839000
409000	53856000
410000	53854000
411000	53855000
412000	54852000
413000	54852000
414000	54853000
415000	54853000
416000	54833000
417000	54859000
418000	54834000
419000	54857000
420000	54856000
421000	54850000
422000	56847000
423000	55850000
424000	55916000
425000	55853000
426000	55861000
427000	56917000
428000	55856000
429000	56785000
430000	56853000
431000	56846000
432000	56915000
433000	57850000
434000	56847000
435000	56859000
436000	56889000
437000	57888000
438000	57845000
439000	57917000
440000	58781000
441000	57873000
442000	57843000
443000	58816000
444000	58827000
445000	58848000
446000	61872000
447000	58842000
448000	59840000
449000	58871000
450000	58848000
451000	58851000
452000	59879000
453000	60773000
454000	59912000
455000	59910000
456000	59906000
457000	60899000
458000	60835000
459000	60836000
460000	60836000
461000	62905000
462000	60812000
463000	60903000
464000	61834000
465000	61880000
466000	61903000
467000	60841000
468000	61837000
469000	61800000
470000	62833000
471000	61797000
472000	62835000
473000	63764000
474000	62839000
475000	63767000
476000	62836000
477000	64806000
478000	62860000
479000	63830000
480000	63903000
481000	63833000
482000	63834000
483000	64808000
484000	63859000
485000	63833000
486000	64831000
487000	64829000
488000	64825000
489000	64828000
490000	65824000
491000	65890000
492000	65803000
493000	64848000
494000	65805000
495000	65892000
496000	66888000
497000	65855000
498000	65802000
499000	66828000
500000	66821000
501000	67818000
502000	67797000
503000	68820000
504000	67819000
505000	66802000
506000	67823000
507000	67825000
508000	67792000
509000	67751000
510000	67820000
511000	68817000
512000	68816000
513000	68816000
514000	68815000
515000	69881000
516000	69796000
517000	69811000
518000	68817000
519000	68814000
520000	68840000
521000	69775000
522000	69815000
523000	69748000
524000	70818000
525000	70813000
526000	69812000
527000	71809000
528000	70810000
529000	71808000
530000	71809000
531000	71807000
532000	70832000
533000	71783000
534000	70748000
535000	71807000
536000	71806000
537000	72847000
538000	71808000
539000	72805000
540000	72803000
541000	72806000
542000	72805000
543000	75736000
544000	72768000
545000	72809000
546000	73871000
547000	73808000
548000	73802000
549000	74801000
550000	73827000
551000	73807000
552000	74803000
553000	74736000
554000	74861000
555000	74801000
556000	74805000
557000	75837000
558000	75826000
559000	75863000
560000	75797000
561000	75837000
562000	75795000
563000	76795000
564000	76793000
565000	76793000
566000	76801000
567000	76825000
568000	75803000
569000	77769000
570000	76796000
571000	77797000
572000	77728000
573000	77789000
574000	77836000
575000	78857000
576000	78790000
577000	78790000
578000	77790000
579000	79785000
580000	78798000
581000	78856000
582000	79794000
583000	79832000
584000	79786000
585000	78787000
586000	79784000
587000	79751000
588000	80784000
589000	80783000
590000	81779000
591000	79787000
592000	79857000
593000	81819000
594000	80815000
595000	80783000
596000	80788000
597000	80782000
598000	80783000
599000	82779000
600000	82777000
601000	82780000
602000	81786000
603000	81811000
604000	81825000
605000	82782000
606000	83712000
607000	82808000
608000	81760000
609000	82758000
610000	82808000
611000	85794000
612000	83780000
613000	83780000
614000	84777000
615000	84778000
616000	84773000
617000	83782000
618000	85770000
619000	84771000
620000	84773000
621000	84712000
622000	84801000
623000	84813000
624000	85776000
625000	85770000
626000	85769000
627000	86765000
628000	85772000
629000	87765000
630000	85773000
631000	86771000
632000	87727000
633000	86722000
634000	87766000
635000	87764000
636000	86741000
637000	86811000
638000	87770000
639000	87728000
640000	87767000
641000	88765000
642000	88764000
643000	88788000
644000	87764000
645000	88760000
646000	88763000
647000	89786000
648000	89758000
649000	88762000
650000	88763000
651000	89741000
652000	90757000
653000	90759000
654000	92691000
655000	90758000
656000	89760000
657000	91820000
658000	90760000
659000	90758000
660000	90763000
661000	91691000
662000	91732000
663000	91761000
664000	91734000
665000	92756000
666000	91759000
667000	91798000
668000	93790000
669000	91798000
670000	92691000
671000	92750000
672000	93733000
673000	94753000
674000	92756000
675000	93793000
676000	93755000
677000	93688000
678000	93725000
679000	93755000
680000	95780000
681000	93816000
682000	95750000
683000	94747000
684000	94746000
685000	94746000
686000	95743000
687000	95743000
688000	95743000
689000	94746000
690000	95726000
691000	95743000
692000	96745000
693000	95703000
694000	96771000
695000	96810000
696000	96739000
697000	97738000
698000	96742000
699000	105717000
700000	97718000
701000	98695000
702000	97797000
703000	96766000
704000	99734000
705000	101729000
706000	97755000
707000	97738000
708000	98812000
709000	99739000
710000	101757000
711000	99770000
712000	99776000
713000	99672000
714000	99739000
715000	99762000
716000	99763000
717000	99715000
718000	100733000
719000	100731000
720000	100692000
721000	100668000
722000	100735000
723000	102689000
724000	100731000
725000	101728000
726000	101727000
727000	100684000
728000	102754000
729000	103731000
730000	101707000
731000	102662000
732000	102751000
733000	102758000
734000	102792000
735000	102704000
736000	103789000
737000	103766000
738000	104726000
739000	103660000
740000	103750000
741000	103793000
742000	104722000
743000	104680000
744000	104720000
745000	104682000
746000	106714000
747000	105717000
748000	104748000
749000	105717000
750000	104719000
751000	105717000
752000	106714000
753000	106721000
754000	107753000
755000	106715000
756000	106690000
757000	107712000
758000	106720000
759000	107649000
760000	106714000
761000	107712000
762000	107712000
763000	106753000
764000	107712000
765000	106713000
766000	108647000
767000	108709000
768000	108715000
769000	109713000
770000	109711000
771000	112697000
772000	108733000
773000	108710000
774000	109671000
775000	109707000
776000	109704000
777000	110664000
778000	110703000
779000	112698000
780000	111700000
781000	110703000
782000	110702000
783000	110703000
784000	110714000
785000	110703000
786000	111705000
787000	113695000
788000	114671000
789000	110702000
790000	111702000
791000	111705000
792000	112728000
793000	111734000
794000	113673000
795000	112674000
796000	113694000
797000	114691000
798000	114695000
799000	113762000
800000	113723000
801000	113726000
802000	114716000
803000	113671000
804000	114694000
805000	114690000
806000	114665000
807000	115757000
808000	115692000
809000	114632000
810000	115763000
811000	115757000
812000	116717000
813000	115669000
814000	116693000
815000	116692000
816000	116688000
817000	115692000
818000	117685000
819000	117691000
820000	117690000
821000	116667000
822000	117682000
823000	117695000
824000	117649000
825000	117683000
826000	118681000
827000	120706000
828000	117683000
829000	117687000
830000	118682000
831000	120677000
832000	118682000
833000	118723000
834000	121652000
835000	120683000
836000	119685000
837000	120689000
838000	120679000
839000	119710000
840000	120682000
841000	119685000
842000	121680000
843000	121678000
844000	121672000
845000	120657000
846000	120685000
847000	122734000
848000	121736000
849000	122670000
850000	122677000
851000	122671000
852000	120707000
853000	122701000
854000	121684000
855000	122739000
856000	123667000
857000	124668000
858000	123711000
859000	123700000
860000	124666000
861000	123668000
862000	123735000
863000	124733000
864000	125666000
865000	124733000
866000	123698000
867000	125734000
868000	125731000
869000	125625000
870000	124672000
871000	126730000
872000	125692000
873000	127701000
874000	126688000
875000	127664000
876000	124671000
877000	126666000
878000	128658000
879000	127619000
880000	127689000
881000	126692000
882000	128696000
883000	127662000
884000	129654000
885000	128684000
886000	129654000
887000	127688000
888000	127662000
889000	129653000
890000	128657000
891000	128657000
892000	129653000
893000	130679000
894000	129657000
895000	128681000
896000	129652000
897000	130587000
898000	130650000
899000	130716000
900000	134641000
901000	130649000
902000	130631000
903000	131648000
904000	130612000
905000	131709000
906000	132643000
907000	133642000
908000	131716000
909000	132625000
910000	131654000
911000	132641000
912000	132651000
913000	133668000
914000	134604000
915000	132624000
916000	131672000
917000	133642000
918000	134641000
919000	132643000
920000	134618000
921000	133643000
922000	133648000
923000	133642000
924000	134645000
925000	135640000
926000	134639000
927000	134641000
928000	137657000
929000	134672000
930000	135617000
931000	136635000
932000	141650000
933000	136572000
934000	139606000
935000	137637000
936000	138633000
937000	136632000
938000	136619000
939000	137637000
940000	138607000
941000	136614000
942000	139692000
943000	137638000
944000	138658000
945000	137604000
946000	138656000
947000	138636000
948000	137673000
949000	140664000
950000	139652000
951000	138660000
952000	139630000
953000	139657000
954000	142598000
955000	140629000
956000	140628000
957000	140665000
958000	139693000
959000	141622000
960000	141628000
961000	140660000
962000	141686000
963000	140689000
964000	141651000
965000	141625000
966000	142624000
967000	144680000
968000	141624000
969000	141625000
970000	143620000
971000	142617000
972000	142664000
973000	143592000
974000	143615000
975000	145609000
976000	142620000
977000	144616000
978000	144614000
979000	143640000
980000	144550000
981000	144230000
982000	144597000
983000	144618000
984000	145615000
985000	145607000
986000	144613000
987000	145613000
988000	145610000
989000	146541000
990000	145612000
991000	146607000
992000	147561000
993000	145611000
994000	147585000
995000	146607000
996000	147606000
997000	148600000
998000	149642000
999000	147584000
1000000	147607000
1000	0
2000	0
3000	0
4000	0
5000	0
6000	0
7000	0
8000	0
9000	970000
10000	0
11000	996000
12000	1994000
13000	999000
14000	997000
15000	1995000
16000	998000
17000	1996000
18000	1059000
19000	2056000
20000	1059000
21000	2005000
22000	2055000
23000	2056000
24000	2060000
25000	2056000
26000	1994000
27000	2015000
28000	2056000
29000	2993000
30000	3055000
31000	3012000
32000	3052000
33000	3054000
34000	3053000
35000	3990000
36000	3053000
37000	4011000
38000	3988000
39000	4040000
40000	3989000
41000	4051000
42000	5048000
43000	4012000
44000	4050000
45000	4008000
46000	5052000
47000	5002000
48000	5007000
49000	5048000
50000	4986000
51000	4985000
52000	5985000
53000	6045000
54000	6025000
55000	6004000
56000	5943000
57000	6003000
58000	5980000
59000	6045000
60000	6004000
61000	7042000
62000	6000000
63000	6998000
64000	7043000
65000	6980000
66000	7007000
67000	7042000
68000	6998000
69000	8040000
70000	7999000
71000	7997000
72000	7998000
73000	8040000
74000	7997000
75000	7938000
76000	9037000
77000	7998000
78000	7998000
79000	8992000
80000	9020000
81000	9036000
82000	7978000
83000	8991000
84000	8970000
85000	9973000
86000	10034000
87000	9041000
88000	10035000
89000	9911000
90000	9989000
91000	10036000
92000	10039000
93000	9993000
94000	10929000
95000	11031000
96000	9976000
97000	9974000
98000	10929000
99000	10973000
100000	10969000
101000	10971000
102000	10976000
103000	11906000
104000	12004000
105000	12033000
106000	10970000
107000	10990000
108000	12925000
109000	11949000
110000	11973000
111000	12989000
112000	11990000
113000	11967000
114000	12985000
115000	12983000
116000	12965000
117000	13983000
118000	12965000
119000	13964000
120000	13959000
121000	13967000
122000	13986000
123000	13900000
124000	13921000
125000	13963000
126000	13967000
127000	14015000
128000	14959000
129000	14959000
130000	14996000
131000	15022000
132000	14898000
133000	14963000
134000	14898000
135000	14960000
136000	15956000
137000	15894000
138000	14966000
139000	15960000
140000	15932000
141000	16893000
142000	16892000
143000	16956000
144000	16955000
145000	16991000
146000	16955000
147000	16955000
148000	16982000
149000	16930000
150000	17890000
151000	17889000
152000	17907000
153000	16955000
154000	17885000
155000	17952000
156000	18887000
157000	18923000
158000	18938000
159000	17952000
160000	18945000
161000	19922000
162000	18949000
163000	20005000
164000	19947000
165000	19947000
166000	18994000
167000	19885000
168000	19921000
169000	19983000
170000	19926000
171000	19950000
172000	19922000
173000	20939000
174000	20914000
175000	19969000
176000	20944000
177000	20942000
178000	20941000
179000	21916000
180000	20884000
181000	21945000
182000	21938000
183000	23005000
184000	21943000
185000	21946000
186000	21944000
187000	22939000
188000	22939000
189000	22936000
190000	22917000
191000	22913000
192000	22938000
193000	23006000
194000	23936000
195000	23911000
196000	23869000
197000	23936000
198000	24931000
199000	23935000
200000	23947000
201000	23955000
202000	24994000
203000	24978000
204000	24999000
205000	24937000
206000	25000000
207000	24935000
208000	24937000
209000	24934000
210000	24908000
211000	27923000
212000	29848000
213000	28924000
214000	29919000
215000	28923000
216000	28923000
217000	27925000
218000	26927000
219000	26990000
220000	27859000
221000	27925000
222000	26926000
223000	26928000
224000	26997000
225000	27988000
226000	27902000
227000	27921000
228000	27927000
229000	27926000
230000	27964000
231000	28963000
232000	28984000
233000	28963000
234000	29988000
235000	28928000
236000	28923000
237000	28859000
238000	29962000
239000	28964000
240000	29941000
241000	29916000
242000	30896000
243000	30914000
244000	30913000
245000	30852000
246000	30893000
247000	29919000
248000	30892000
249000	30919000
250000	30923000
251000	30886000
252000	30916000
253000	30923000
254000	31882000
255000	31920000
256000	33843000
257000	35904000
258000	32851000
259000	35903000
260000	35901000
261000	32910000
262000	32912000
263000	33892000
264000	32911000
265000	33976000
266000	33884000
267000	33844000
268000	33909000
269000	34905000
270000	37897000
271000	36902000
272000	37895000
273000	37899000
274000	40850000
275000	38896000
276000	35969000
277000	34914000
278000	35896000
279000	35844000
280000	35973000
281000	35837000
282000	35971000
283000	35903000
284000	35903000
285000	35903000
286000	35905000
287000	36901000
288000	37897000
289000	36901000
290000	36881000
291000	36904000
292000	37872000
293000	36902000
294000	36902000
295000	37857000
296000	39831000
297000	38902000
298000	37904000
299000	37875000
300000	37891000
301000	39869000
302000	42886000
303000	43882000
304000	42882000
305000	39955000
306000	40892000
307000	38895000
308000	40828000
309000	43881000
310000	41953000
311000	38897000
312000	39872000
313000	40868000
314000	42905000
315000	45856000
316000	43883000
317000	42886000
318000	41887000
319000	40830000
320000	41954000
321000	42951000
322000	41821000
323000	40890000
324000	41888000
325000	45814000
326000	45937000
327000	44882000
328000	41868000
329000	41866000
330000	41870000
331000	41956000
332000	42889000
333000	42927000
334000	42886000
335000	43883000
336000	43912000
337000	42889000
338000	42932000
339000	43864000
340000	43950000
341000	43820000
342000	43821000
343000	43885000
344000	43882000
345000	44884000
346000	44884000
347000	44819000
348000	43925000
349000	45856000
350000	45815000
351000	45864000
352000	45919000
353000	44886000
354000	44887000
355000	44878000
356000	45884000
357000	46878000
358000	45945000
359000	45882000
360000	46912000
361000	45940000
362000	47872000
363000	46918000
364000	46878000
365000	46881000
366000	47852000
367000	48868000
368000	48931000
369000	47871000
370000	47875000
371000	47871000
372000	47875000
373000	47936000
374000	47872000
375000	47859000
376000	48849000
377000	48871000
378000	48847000
379000	48864000
380000	48875000
381000	48935000
382000	49895000
383000	49871000
384000	49931000
385000	49872000
386000	49871000
387000	50844000
388000	51836000
389000	50894000
390000	50866000
391000	50865000
392000	51862000
393000	50864000
394000	51859000
395000	51864000
396000	50872000
397000	51860000
398000	50894000
399000	51798000
400000	52864000
401000	52857000
402000	52858000
403000	52858000
404000	52859000
405000	53856000
406000	52832000
407000	52900000
408000	53857000
409000	53857000
410000	53859000
411000	53829000
412000	53853000
413000	53855000
414000	54921000
415000	53898000
416000	54858000
417000	54884000
418000	54854000
419000	55849000
420000	55790000
421000	53854000
422000	55790000
423000	54853000
424000	55788000
425000	54851000
426000	55848000
427000	55879000
428000	55918000
429000	55813000
430000	56846000
431000	56848000
432000	56847000
433000	56848000
434000	56847000
435000	57825000
436000	56890000
437000	56877000
438000	57849000
439000	57873000
440000	57843000
441000	57847000
442000	58842000
443000	58879000
444000	58841000
445000	57845000
446000	58825000
447000	57783000
448000	59775000
449000	59866000
450000	60837000
451000	59815000
452000	59870000
453000	60903000
454000	59848000
455000	59846000
456000	59803000
457000	60842000
458000	59844000
459000	60822000
460000	60902000
461000	60870000
462000	60841000
463000	61812000
464000	61833000
465000	63827000
466000	61815000
467000	61809000
468000	62898000
469000	61818000
470000	62863000
471000	61903000
472000	62862000
473000	62832000
474000	62792000
475000	63827000
476000	63827000
477000	63766000
478000	62831000
479000	63830000
480000	63827000
481000	62832000
482000	63829000
483000	64834000
484000	64808000
485000	63859000
486000	64894000
487000	64834000
488000	66846000
489000	64826000
490000	65890000
491000	65851000
492000	64827000
493000	67817000
494000	65804000
495000	64866000
496000	65828000
497000	66802000
498000	65824000
499000	65822000
500000	66825000
501000	65824000
502000	66821000
503000	67817000
504000	67823000
505000	66820000
506000	66822000
507000	69813000
508000	68795000
509000	67849000
510000	68820000
511000	67822000
512000	67888000
513000	68815000
514000	68816000
515000	76795000
516000	68845000
517000	69794000
518000	68821000
519000	70852000
520000	71811000
521000	69854000
522000	69816000
523000	75797000
524000	69822000
525000	70817000
526000	70776000
527000	70810000
528000	70876000
529000	69815000
530000	71770000
531000	70812000
532000	71806000
533000	71806000
534000	72805000
535000	71806000
536000	72805000
537000	71807000
538000	71807000
539000	72874000
540000	71855000
541000	72804000
542000	73804000
543000	72803000
544000	73800000
545000	72871000
546000	74737000
547000	73803000
548000	73802000
549000	73812000
550000	74842000
551000	73809000
552000	74778000
553000	73766000
554000	74800000
555000	74803000
556000	74799000
557000	74805000
558000	75777000
559000	76804000
560000	75802000
561000	75826000
562000	75807000
563000	75801000
564000	75800000
565000	76732000
566000	76778000
567000	75798000
568000	76795000
569000	77792000
570000	76794000
571000	76853000
572000	77793000
573000	77821000
574000	77860000
575000	76777000
576000	78794000
577000	76803000
578000	78793000
579000	78858000
580000	79791000
581000	77799000
582000	78856000
583000	78752000
584000	78854000
585000	78794000
586000	79786000
587000	78789000
588000	79787000
589000	79784000
590000	80784000
591000	80832000
592000	80788000
593000	81786000
594000	80814000
595000	81717000
596000	80784000
597000	81784000
598000	80766000
599000	80852000
600000	81849000
601000	81850000
602000	83753000
603000	81823000
604000	82716000
605000	82760000
606000	82776000
607000	82778000
608000	83775000
609000	84773000
610000	82778000
611000	83775000
612000	82786000
613000	84754000
614000	84803000
615000	83805000
616000	83801000
617000	83756000
618000	83784000
619000	84754000
620000	85786000
621000	85776000
622000	85811000
623000	84778000
624000	85801000
625000	85778000
626000	86769000
627000	86772000
628000	86767000
629000	85771000
630000	85837000
631000	85770000
632000	87702000
633000	86766000
634000	88763000
635000	88763000
636000	87766000
637000	87765000
638000	87763000
639000	87765000
640000	87795000
641000	87771000
642000	87766000
643000	88763000
644000	88760000
645000	90758000
646000	88762000
647000	88762000
648000	89804000
649000	88761000
650000	89761000
651000	88744000
652000	89722000
653000	90757000
654000	89765000
655000	91784000
656000	89789000
657000	89741000
658000	91782000
659000	90693000
660000	90731000
661000	91759000
662000	91817000
663000	91754000
664000	90756000
665000	92749000
666000	91784000
667000	91821000
668000	92816000
669000	92765000
670000	91759000
671000	92731000
672000	92755000
673000	93687000
674000	93687000
675000	93748000
676000	94746000
677000	93748000
678000	94744000
679000	93754000
680000	93815000
681000	94724000
682000	94751000
683000	94811000
684000	94778000
685000	95742000
686000	94744000
687000	94747000
688000	94746000
689000	95744000
690000	96746000
691000	95724000
692000	96721000
693000	96743000
694000	96675000
695000	96750000
696000	96740000
697000	96743000
698000	96679000
699000	96720000
700000	97677000
701000	97738000
702000	97719000
703000	98766000
704000	97714000
705000	98734000
706000	98736000
707000	98710000
708000	100731000
709000	99732000
710000	99764000
711000	98741000
712000	100709000
713000	98712000
714000	100776000
715000	100731000
716000	100729000
717000	99742000
718000	103701000
719000	99734000
720000	100731000
721000	101772000
722000	100735000
723000	100716000
724000	101758000
725000	102726000
726000	101795000
727000	100791000
728000	101702000
729000	101732000
730000	103789000
731000	101727000
732000	103720000
733000	102727000
734000	102726000
735000	102725000
736000	102866000
737000	102786000
738000	104744000
739000	107774000
740000	102721000
741000	103721000
742000	103724000
743000	104719000
744000	105689000
745000	104724000
746000	104724000
747000	106677000
748000	104787000
749000	105656000
750000	105713000
751000	105722000
752000	106692000
753000	107774000
754000	105748000
755000	106714000
756000	107709000
757000	105715000
758000	107713000
759000	106714000
760000	106715000
761000	107742000
762000	107710000
763000	108710000
764000	107692000
765000	107711000
766000	108708000
767000	108709000
768000	109706000
769000	108669000
770000	108708000
771000	109707000
772000	113696000
773000	112696000
774000	107738000
775000	108738000
776000	110702000
777000	108684000
778000	109689000
779000	109769000
780000	109688000
781000	110708000
782000	110708000
783000	111727000
784000	111770000
785000	111768000
786000	111726000
787000	111706000
788000	111707000
789000	111703000
790000	112702000
791000	111701000
792000	112744000
793000	113635000
794000	113725000
795000	112765000
796000	113700000
797000	113724000
798000	113728000
799000	112703000
800000	114671000
801000	113725000
802000	114673000
803000	114759000
804000	113699000
805000	117690000
806000	116666000
807000	114760000
808000	115692000
809000	117661000
810000	115691000
811000	116687000
812000	116692000
813000	118686000
814000	118680000
815000	116695000
816000	116729000
817000	116685000
818000	117684000
819000	116693000
820000	116715000
821000	117751000
822000	121614000
823000	149639000
824000	116688000
825000	117715000
826000	117620000
827000	117685000
828000	122718000
829000	118641000
830000	118621000
831000	118684000
832000	119641000
833000	120674000
834000	119678000
835000	119680000
836000	119707000
837000	119662000
838000	119709000
839000	119746000
840000	121716000
841000	120745000
842000	120682000
843000	132643000
844000	120677000
845000	120681000
846000	121677000
847000	120682000
848000	123709000
849000	120678000
850000	122611000
851000	121740000
852000	123670000
853000	121673000
854000	122671000
855000	129651000
856000	123669000
857000	122738000
858000	126623000
859000	124670000
860000	124628000
861000	122672000
862000	123667000
863000	124628000
864000	125661000
865000	124641000
866000	124732000
867000	124664000
868000	126662000
869000	127661000
870000	125663000
871000	124666000
872000	126663000
873000	126660000
874000	125644000
875000	125669000
876000	125730000
877000	126729000
878000	125668000
879000	126641000
880000	127597000
881000	126641000
882000	126638000
883000	127657000
884000	127658000
885000	126689000
886000	127687000
887000	130676000
888000	127663000
889000	127663000
890000	128665000
891000	128618000
892000	127701000
893000	129661000
894000	130715000
895000	130654000
896000	128727000
897000	130648000
898000	129650000
899000	133644000
900000	130656000
901000	131646000
902000	130652000
903000	130651000
904000	131645000
905000	131646000
906000	131652000
907000	131653000
908000	131652000
909000	131653000
910000	132686000
911000	133644000
912000	132609000
913000	131649000
914000	134668000
915000	133647000
916000	133647000
917000	133607000
918000	132651000
919000	133709000
920000	132649000
921000	134578000
922000	133650000
923000	134650000
924000	133648000
925000	135637000
926000	134641000
927000	133641000
928000	134644000
929000	134642000
930000	135573000
931000	135637000
932000	136634000
933000	136641000
934000	135637000
935000	136634000
936000	136634000
937000	136634000
938000	138610000
939000	136700000
940000	138638000
941000	137602000
942000	137666000
943000	138695000
944000	136702000
945000	137633000
946000	138629000
947000	137632000
948000	139629000
949000	138629000
950000	149576000
951000	140651000
952000	138658000
953000	140623000
954000	139626000
955000	140622000
956000	140622000
957000	139626000
958000	140691000
959000	140603000
960000	141622000
961000	142617000
962000	141621000
963000	142618000
964000	141630000
965000	143616000
966000	141620000
967000	143553000
968000	141619000
969000	141687000
970000	141620000
971000	143617000
972000	141686000
973000	143553000
974000	144550000
975000	143683000
976000	143616000
977000	143550000
978000	146612000
979000	144613000
980000	145611000
981000	144610000
982000	143621000
983000	144621000
984000	144639000
985000	146587000
986000	145550000
987000	144678000
988000	146651000
989000	146608000
990000	145612000
991000	145612000
992000	147607000
993000	147605000
994000	147605000
995000	148603000
996000	146674000
997000	147612000
998000	147646000
999000	149608000
1000000	147609000
1000	0
2000	996000
3000	0
4000	0
5000	0
6000	0
7000	998000
8000	997000
9000	997000
10000	998000
11000	998000
12000	998000
13000	1994000
14000	998000
15000	997000
16000	1995000
17000	1995000
18000	1994000
19000	996000
20000	1995000
21000	1995000
22000	1994000
23000	1995000
24000	2066000
25000	2057000
26000	3057000
27000	2990000
28000	2035000
29000	2939000
30000	3054000
31000	3057000
32000	3053000
33000	3056000
34000	4052000
35000	2991000
36000	4055000
37000	3010000
38000	4052000
39000	4050000
40000	3948000
41000	4053000
42000	4053000
43000	5048000
44000	4010000
45000	5048000
46000	4010000
47000	5046000
48000	4985000
49000	4951000
50000	6047000
51000	5008000
52000	6046000
53000	5009000
54000	6026000
55000	5983000
56000	6047000
57000	6045000
58000	6045000
59000	7023000
60000	6045000
61000	5942000
62000	5932000
63000	7006000
64000	6938000
65000	7004000
66000	6997000
67000	7004000
68000	8041000
69000	7936000
70000	7002000
71000	7001000
72000	7998000
73000	7997000
74000	7977000
75000	8001000
76000	7985000
77000	9037000
78000	8998000
79000	8996000
80000	8937000
81000	8977000
82000	7999000
83000	8996000
84000	8976000
85000	10035000
86000	9989000
87000	10037000
88000	10037000
89000	8976000
90000	9931000
91000	9948000
92000	9934000
93000	9919000
94000	10996000
95000	10996000
96000	9978000
97000	10910000
98000	10968000
99000	10970000
100000	10972000
101000	10945000
102000	12032000
103000	11968000
104000	11965000
105000	11033000
106000	11927000
107000	11903000
108000	13010000
109000	12029000
110000	13001000
111000	11944000
112000	13027000
113000	12966000
114000	12966000
115000	12969000
116000	12965000
117000	12955000
118000	13962000
119000	12965000
120000	13963000
121000	13964000
122000	13963000
123000	13902000
124000	13975000
125000	14964000
126000	13963000
127000	13966000
128000	14898000
129000	14987000
130000	14896000
131000	14962000
132000	14960000
133000	15894000
134000	15958000
135000	14958000
136000	15928000
137000	15959000
138000	17016000
139000	15957000
140000	16930000
141000	15917000
142000	15958000
143000	16953000
144000	17014000
145000	16001000
146000	16885000
147000	16992000
148000	17887000
149000	17959000
150000	16889000
151000	16955000
152000	17955000
153000	17952000
154000	17914000
155000	17954000
156000	18908000
157000	18884000
158000	17929000
159000	18912000
160000	18993000
161000	18952000
162000	18946000
163000	18948000
164000	19946000
165000	19947000
166000	19922000
167000	18951000
168000	19930000
169000	19948000
170000	19947000
171000	19940000
172000	20944000
173000	19985000
174000	21940000
175000	19906000
176000	20944000
177000	20943000
178000	20913000
179000	20941000
180000	21984000
181000	22005000
182000	20878000
183000	24934000
184000	22976000
185000	21924000
186000	21917000
187000	22939000
188000	21939000
189000	22939000
190000	22918000
191000	22935000
192000	22939000
193000	23006000
194000	22937000
195000	22975000
196000	22872000
197000	23930000
198000	23895000
199000	23910000
200000	23975000
201000	23999000
202000	24973000
203000	27963000
204000	24921000
205000	25928000
206000	26891000
207000	24933000
208000	25927000
209000	24934000
210000	24936000
211000	25970000
212000	25930000
213000	25930000
214000	25934000
215000	25999000
216000	25932000
217000	25932000
218000	26908000
219000	26994000
220000	27964000
221000	26928000
222000	26929000
223000	26969000
224000	27924000
225000	27924000
226000	28899000
227000	27927000
228000	27991000
229000	27968000
230000	27921000
231000	28920000
232000	28869000
233000	28919000
234000	28922000
235000	29922000
236000	29900000
237000	29914000
238000	28928000
239000	28991000
240000	29912000
241000	29897000
242000	29920000
243000	30893000
244000	29934000
245000	30916000
246000	29903000
247000	29897000
248000	29918000
249000	30917000
250000	30942000
251000	31921000
252000	30918000
253000	30942000
254000	31914000
255000	30942000
256000	31854000
257000	31897000
258000	32844000
259000	31955000
260000	31958000
261000	32917000
262000	32916000
263000	32916000
264000	33972000
265000	33946000
266000	33976000
267000	32917000
268000	33949000
269000	32918000
270000	33910000
271000	33933000
272000	33909000
273000	33907000
274000	34907000
275000	33910000
276000	34905000
277000	35904000
278000	35903000
279000	35879000
280000	34910000
281000	35948000
282000	35839000
283000	35843000
284000	35937000
285000	35911000
286000	35903000
287000	35884000
288000	36862000
289000	35913000
290000	36907000
291000	36838000
292000	35910000
293000	36904000
294000	36899000
295000	36864000
296000	37900000
297000	37898000
298000	37899000
299000	37898000
300000	37900000
301000	37898000
302000	38871000
303000	38834000
304000	37904000
305000	38869000
306000	38964000
307000	38894000
308000	38897000
309000	38899000
310000	39858000
311000	39877000
312000	38871000
313000	39867000
314000	40953000
315000	40825000
316000	39959000
317000	39959000
318000	39893000
319000	40870000
320000	40934000
321000	40890000
322000	40865000
323000	40897000
324000	40895000
325000	41950000
326000	41935000
327000	40895000
328000	41866000
329000	41894000
330000	41955000
331000	42890000
332000	42880000
333000	43923000
334000	43892000
335000	42823000
336000	43887000
337000	42885000
338000	42883000
339000	42926000
340000	43882000
341000	43837000
342000	43863000
343000	43948000
344000	43843000
345000	43910000
346000	44884000
347000	44880000
348000	44863000
349000	44880000
350000	44878000
351000	44880000
352000	44882000
353000	44885000
354000	45877000
355000	45877000
356000	45907000
357000	45882000
358000	46911000
359000	45945000
360000	45854000
361000	46905000
362000	46873000
363000	46859000
364000	46854000
365000	46859000
366000	46879000
367000	46872000
368000	46854000
369000	46879000
370000	47809000
371000	47939000
372000	47811000
373000	47877000
374000	47898000
375000	48850000
376000	48869000
377000	48852000
378000	48874000
379000	48874000
380000	48897000
381000	49872000
382000	49908000
383000	48852000
384000	49903000
385000	50867000
386000	49801000
387000	50863000
388000	50863000
389000	50863000
390000	50863000
391000	50864000
392000	50863000
393000	50873000
394000	51857000
395000	51869000
396000	50862000
397000	51862000
398000	51861000
399000	51860000
400000	51862000
401000	52884000
402000	51897000
403000	51861000
404000	52926000
405000	51844000
406000	52925000
407000	53793000
408000	53856000
409000	52930000
410000	53855000
411000	53883000
412000	53836000
413000	53922000
414000	53855000
415000	54791000
416000	54791000
417000	54895000
418000	54851000
419000	54853000
420000	55851000
421000	54865000
422000	54856000
423000	54858000
424000	57828000
425000	55896000
426000	55851000
427000	55899000
428000	55853000
429000	56847000
430000	55854000
431000	56848000
432000	56853000
433000	56854000
434000	56923000
435000	56888000
436000	57910000
437000	57852000
438000	57891000
439000	57911000
440000	57849000
441000	57845000
442000	57851000
443000	57870000
444000	57913000
445000	57846000
446000	58842000
447000	58843000
448000	58844000
449000	58843000
450000	58850000
451000	59824000
452000	59846000
453000	59849000
454000	60904000
455000	61833000
456000	60836000
457000	59839000
458000	59839000
459000	60836000
460000	60836000
461000	60902000
462000	60821000
463000	62812000
464000	62861000
465000	61901000
466000	60901000
467000	60837000
468000	61838000
469000	61902000
470000	62837000
471000	61900000
472000	62832000
473000	62878000
474000	62834000
475000	62830000
476000	63829000
477000	62863000
478000	63871000
479000	63833000
480000	63829000
481000	63769000
482000	63814000
483000	63804000
484000	64825000
485000	64826000
486000	63830000
487000	64829000
488000	64826000
489000	64826000
490000	65828000
491000	64893000
492000	65865000
493000	65826000
494000	65829000
495000	65853000
496000	65807000
497000	66752000
498000	65866000
499000	65804000
500000	65803000
501000	66824000
502000	67816000
503000	66819000
504000	66821000
505000	67782000
506000	67825000
507000	67823000
508000	67820000
509000	68752000
510000	67801000
511000	67798000
512000	69820000
513000	67818000
514000	68755000
515000	69814000
516000	68814000
517000	68820000
518000	69814000
519000	68818000
520000	69843000
521000	68822000
522000	70810000
523000	69811000
524000	70815000
525000	70810000
526000	69820000
527000	70879000
528000	69817000
529000	71812000
530000	72874000
531000	70819000
532000	71808000
533000	70748000
534000	70808000
535000	71809000
536000	71806000
537000	71808000
538000	72804000
539000	71808000
540000	72805000
541000	72805000
542000	72806000
543000	72787000
544000	72803000
545000	72784000
546000	72832000
547000	73802000
548000	73802000
549000	76799000
550000	73851000
551000	73807000
552000	73782000
553000	74825000
554000	74866000
555000	73808000
556000	75838000
557000	75797000
558000	74829000
559000	75797000
560000	76856000
561000	77790000
562000	77831000
563000	76832000
564000	75795000
565000	76796000
566000	76796000
567000	76794000
568000	75797000
569000	77792000
570000	76757000
571000	77791000
572000	77795000
573000	77791000
574000	78791000
575000	78833000
576000	77788000
577000	78788000
578000	78794000
579000	78789000
580000	78725000
581000	79815000
582000	78829000
583000	79816000
584000	80785000
585000	79790000
586000	79854000
587000	79723000
588000	79786000
589000	80783000
590000	80782000
591000	79791000
592000	80762000
593000	79836000
594000	79816000
595000	80784000
596000	80785000
597000	81780000
598000	81822000
599000	81755000
600000	82718000
601000	82778000
602000	81781000
603000	81781000
604000	82780000
605000	81755000
606000	85770000
607000	82784000
608000	82819000
609000	82781000
610000	82784000
611000	83713000
612000	83774000
613000	83775000
614000	89757000
615000	83776000
616000	84713000
617000	85770000
618000	83778000
619000	85769000
620000	84779000
621000	84803000
622000	84779000
623000	84813000
624000	85776000
625000	85838000
626000	85752000
627000	85709000
628000	88800000
629000	85750000
630000	86772000
631000	85836000
632000	86764000
633000	87744000
634000	87746000
635000	86768000
636000	86775000
637000	87770000
638000	87776000
639000	87747000
640000	88742000
641000	87770000
642000	88768000
643000	88792000
644000	88765000
645000	88761000
646000	88738000
647000	88741000
648000	88762000
649000	88829000
650000	89803000
651000	90756000
652000	89760000
653000	89760000
654000	90757000
655000	90759000
656000	90822000
657000	90757000
658000	91796000
659000	90755000
660000	90762000
661000	91752000
662000	97738000
663000	91759000
664000	92733000
665000	91757000
666000	91775000
667000	92781000
668000	98806000
669000	92752000
670000	92756000
671000	92750000
672000	93749000
673000	93748000
674000	93786000
675000	92756000
676000	94776000
677000	94747000
678000	93755000
679000	93782000
680000	94787000
681000	95679000
682000	94787000
683000	94747000
684000	95744000
685000	106716000
686000	95725000
687000	97735000
688000	95748000
689000	94775000
690000	95743000
691000	96745000
692000	95747000
693000	97742000
694000	98743000
695000	96739000
696000	96748000
697000	97744000
698000	97744000
699000	97767000
700000	97744000
701000	97782000
702000	98741000
703000	98673000
704000	97799000
705000	98697000
706000	97743000
707000	98669000
708000	99731000
709000	100730000
710000	98735000
711000	99672000
712000	98735000
713000	100729000
714000	100739000
715000	100760000
716000	99733000
717000	99742000
718000	106692000
719000	100669000
720000	100734000
721000	100734000
722000	101726000
723000	102762000
724000	101727000
725000	101727000
726000	101727000
727000	102723000
728000	102720000
729000	101747000
730000	101732000
731000	102730000
732000	104686000
733000	101753000
734000	102730000
735000	101727000
736000	105681000
737000	104742000
738000	102699000
739000	102729000
740000	103728000
741000	104720000
742000	104700000
743000	105717000
744000	103722000
745000	105655000
746000	104725000
747000	104683000
748000	104785000
749000	105722000
750000	105740000
751000	106678000
752000	105719000
753000	106714000
754000	106713000
755000	106712000
756000	106721000
757000	106717000
758000	108696000
759000	107774000
760000	108738000
761000	107733000
762000	107711000
763000	106719000
764000	108709000
765000	107712000
766000	108709000
767000	109734000
768000	107712000
769000	108771000
770000	107718000
771000	110708000
772000	108715000
773000	108679000
774000	109707000
775000	109773000
776000	110705000
777000	110705000
778000	111704000
779000	111703000
780000	110704000
781000	110732000
782000	110703000
783000	111699000
784000	110772000
785000	110733000
786000	111706000
787000	112704000
788000	110685000
789000	111769000
790000	111769000
791000	112696000
792000	112764000
793000	112697000
794000	112706000
795000	112722000
796000	113700000
797000	112704000
798000	113695000
799000	114694000
800000	114759000
801000	113740000
802000	113696000
803000	114695000
804000	113697000
805000	114692000
806000	113763000
807000	113696000
808000	116686000
809000	115688000
810000	115722000
811000	116691000
812000	115699000
813000	116719000
814000	116714000
815000	114692000
816000	115730000
817000	117685000
818000	116687000
819000	117715000
820000	116714000
821000	117716000
822000	117647000
823000	117753000
824000	117714000
825000	117747000
826000	118687000
827000	118682000
828000	117647000
829000	117752000
830000	119635000
831000	118681000
832000	118726000
833000	118663000
834000	119680000
835000	119683000
836000	119684000
837000	119679000
838000	121674000
839000	119747000
840000	119709000
841000	120682000
842000	121613000
843000	120693000
844000	132645000
845000	121672000
846000	163562000
847000	134638000
848000	125664000
849000	132644000
850000	137631000
851000	125663000
852000	122671000
853000	133581000
854000	136701000
855000	122692000
856000	124605000
857000	122673000
858000	122670000
859000	124637000
860000	123698000
861000	123648000
862000	123672000
863000	125662000
864000	123668000
865000	124666000
866000	124667000
867000	126660000
868000	125714000
869000	125693000
870000	124666000
871000	125665000
872000	126662000
873000	125664000
874000	127650000
875000	125693000
876000	125691000
877000	128724000
878000	127658000
879000	126669000
880000	127660000
881000	128656000
882000	127658000
883000	128658000
884000	127684000
885000	128658000
886000	128635000
887000	127688000
888000	128659000
889000	130682000
890000	129652000
891000	129654000
892000	129616000
893000	128659000
894000	128657000
895000	128663000
896000	131628000
897000	129651000
898000	130643000
899000	130654000
900000	130631000
901000	129615000
902000	130589000
903000	130703000
904000	130657000
905000	131687000
906000	130651000
907000	132653000
908000	132649000
909000	136572000
910000	131674000
911000	132641000
912000	133645000
913000	132620000
914000	132713000
915000	133626000
916000	132580000
917000	133624000
918000	133642000
919000	134638000
920000	133645000
921000	134638000
922000	134640000
923000	134637000
924000	135642000
925000	135637000
926000	136678000
927000	136627000
928000	135637000
929000	135571000
930000	135644000
931000	135642000
932000	135703000
933000	137637000
934000	135704000
935000	136636000
936000	136640000
937000	139606000
938000	136635000
939000	137637000
940000	136593000
941000	137611000
942000	138633000
943000	138634000
944000	138608000
945000	137698000
946000	138608000
947000	138694000
948000	139626000
949000	138629000
950000	139632000
951000	139633000
952000	138652000
953000	139600000
954000	139636000
955000	139667000
956000	139622000
957000	140668000
958000	141625000
959000	142602000
960000	140690000
961000	140623000
962000	140623000
963000	141621000
964000	140623000
965000	141628000
966000	141619000
967000	141648000
968000	142591000
969000	143553000
970000	142623000
971000	142645000
972000	143615000
973000	143616000
974000	142617000
975000	143617000
976000	145608000
977000	143571000
978000	144612000
979000	143614000
980000	143579000
981000	144619000
982000	145620000
983000	144678000
984000	145609000
985000	144613000
986000	145588000
987000	146614000
988000	144616000
989000	146672000
990000	146613000
991000	146608000
992000	145677000
993000	147611000
994000	146607000
995000	145610000
996000	147608000
997000	152592000
998000	147588000
999000	146634000
1000000	147673000
1000	0
2000	0
3000	1002000
4000	997000
5000	0
6000	0
7000	996000
8000	997000
9000	997000
10000	997000
11000	0
12000	998000
13000	1995000
14000	998000
15000	997000
16000	1994000
17000	1996000
18000	997000
19000	1995000
20000	997000
21000	1994000
22000	2035000
23000	2041000
24000	2056000
25000	2991000
26000	2970000
27000	2056000
28000	3055000
29000	2017000
30000	3004000
31000	3054000
32000	3054000
33000	2990000
34000	4027000
35000	3014000
36000	3053000
37000	3997000
38000	4052000
39000	4051000
40000	3991000
41000	4051000
42000	4049000
43000	4015000
44000	4051000
45000	5039000
46000	5028000
47000	5048000
48000	5006000
49000	5048000
50000	4991000
51000	5006000
52000	5942000
53000	5006000
54000	6047000
55000	6051000
56000	6045000
57000	6045000
58000	6004000
59000	6046000
60000	7044000
61000	6003000
62000	6003000
63000	5989000
64000	6983000
65000	7007000
66000	7043000
67000	6998000
68000	7042000
69000	7001000
70000	8040000
71000	8039000
72000	8040000
73000	8040000
74000	8977000
75000	7979000
76000	7941000
77000	9000000
78000	8990000
79000	7980000
80000	7918000
81000	8976000
82000	7979000
83000	8992000
84000	8995000
85000	8975000
86000	9972000
87000	9969000
88000	9974000
89000	8972000
90000	9994000
91000	9975000
92000	9908000
93000	9958000
94000	10991000
95000	10992000
96000	9910000
97000	10934000
98000	11031000
99000	10915000
100000	10970000
101000	10945000
102000	11988000
103000	10991000
104000	11907000
105000	11965000
106000	11966000
107000	11964000
108000	11966000
109000	11968000
110000	11980000
111000	12946000
112000	11972000
113000	12986000
114000	12925000
115000	13963000
116000	12900000
117000	12903000
118000	13923000
119000	13985000
120000	13902000
121000	13900000
122000	13963000
123000	13962000
124000	14979000
125000	13963000
126000	14899000
127000	14959000
128000	14961000
129000	14958000
130000	14963000
131000	14960000
132000	14958000
133000	14960000
134000	14949000
135000	14963000
136000	14963000
137000	15894000
138000	15958000
139000	15952000
140000	16017000
141000	16890000
142000	16961000
143000	17023000
144000	16957000
145000	16893000
146000	16979000
147000	17889000
148000	16954000
149000	18012000
150000	17893000
151000	17951000
152000	17953000
153000	17993000
154000	17950000
155000	17948000
156000	17952000
157000	17955000
158000	17953000
159000	18980000
160000	18952000
161000	19883000
162000	18946000
163000	19884000
164000	19947000
165000	18950000
166000	18924000
167000	19947000
168000	19945000
169000	19883000
170000	19946000
171000	20882000
172000	20922000
173000	19924000
174000	20943000
175000	20943000
176000	20944000
177000	20921000
178000	20947000
179000	20882000
180000	21941000
181000	20941000
182000	22898000
183000	21943000
184000	21980000
185000	21881000
186000	21934000
187000	21881000
188000	22878000
189000	22999000
190000	22939000
191000	23001000
192000	22915000
193000	22939000
194000	23873000
195000	23873000
196000	22936000
197000	23896000
198000	23998000
199000	24971000
200000	23925000
201000	24003000
202000	23912000
203000	24934000
204000	24931000
205000	23999000
206000	24914000
207000	24974000
208000	25999000
209000	25930000
210000	24934000
211000	25931000
212000	25903000
213000	25972000
214000	25905000
215000	25903000
216000	25936000
217000	26973000
218000	26908000
219000	26933000
220000	26865000
221000	26956000
222000	26927000
223000	27928000
224000	27859000
225000	26906000
226000	27990000
227000	26969000
228000	27993000
229000	28902000
230000	27966000
231000	27991000
232000	28905000
233000	28987000
234000	28846000
235000	28926000
236000	28899000
237000	28924000
238000	29920000
239000	29921000
240000	29919000
241000	29920000
242000	29857000
243000	30917000
244000	30914000
245000	29896000
246000	29963000
247000	30914000
248000	30897000
249000	31913000
250000	30922000
251000	30918000
252000	30877000
253000	31951000
254000	30957000
255000	34844000
256000	30961000
257000	31985000
258000	31981000
259000	31901000
260000	31946000
261000	32978000
262000	32891000
263000	31915000
264000	31935000
265000	32913000
266000	33890000
267000	32850000
268000	33908000
269000	33907000
270000	33910000
271000	33908000
272000	33910000
273000	33970000
274000	34980000
275000	34845000
276000	33888000
277000	33889000
278000	34912000
279000	34972000
280000	34913000
281000	34973000
282000	34970000
283000	34913000
284000	35969000
285000	35908000
286000	35912000
287000	35971000
288000	35902000
289000	36938000
290000	36900000
291000	36901000
292000	36903000
293000	37897000
294000	37897000
295000	39833000
296000	36902000
297000	37897000
298000	37878000
299000	37835000
300000	37897000
301000	38894000
302000	37898000
303000	37882000
304000	38962000
305000	37903000
306000	38896000
307000	38962000
308000	38899000
309000	38900000
310000	38875000
311000	39897000
312000	40870000
313000	39901000
314000	39877000
315000	40896000
316000	39874000
317000	40826000
318000	40918000
319000	39958000
320000	40895000
321000	40895000
322000	40870000
323000	40957000
324000	40868000
325000	41914000
326000	41955000
327000	41866000
328000	40895000
329000	42866000
330000	41894000
331000	42915000
332000	41914000
333000	42883000
334000	43820000
335000	42884000
336000	43882000
337000	43884000
338000	42884000
339000	43883000
340000	43882000
341000	43882000
342000	43882000
343000	44880000
344000	43923000
345000	44879000
346000	44946000
347000	43923000
348000	44905000
349000	44883000
350000	44881000
351000	44886000
352000	44879000
353000	45877000
354000	45875000
355000	44878000
356000	46875000
357000	45875000
358000	46812000
359000	45946000
360000	45882000
361000	45856000
362000	46882000
363000	46904000
364000	47897000
365000	46874000
366000	46874000
367000	46874000
368000	47870000
369000	47873000
370000	47877000
371000	47871000
372000	47870000
373000	47872000
374000	48868000
375000	48848000
376000	49889000
377000	48878000
378000	48874000
379000	49848000
380000	49932000
381000	49851000
382000	48875000
383000	48850000
384000	49867000
385000	49846000
386000	50847000
387000	49927000
388000	49873000
389000	50868000
390000	50901000
391000	50930000
392000	51859000
393000	50861000
394000	51861000
395000	51861000
396000	50863000
397000	51862000
398000	51870000
399000	51889000
400000	52920000
401000	52837000
402000	51869000
403000	52898000
404000	51861000
405000	52858000
406000	53856000
407000	52859000
408000	52859000
409000	53819000
410000	53855000
411000	53855000
412000	53856000
413000	53854000
414000	54854000
415000	54831000
416000	54902000
417000	54857000
418000	54892000
419000	54925000
420000	54870000
421000	54856000
422000	55852000
423000	54882000
424000	55916000
425000	55921000
426000	56853000
427000	55917000
428000	55888000
429000	55851000
430000	56786000
431000	55855000
432000	55917000
433000	57868000
434000	56829000
435000	56854000
436000	57821000
437000	56847000
438000	57911000
439000	57912000
440000	57825000
441000	57851000
442000	58909000
443000	57890000
444000	58807000
445000	57872000
446000	58782000
447000	59844000
448000	58846000
449000	58846000
450000	61901000
451000	59838000
452000	59819000
453000	59845000
454000	59869000
455000	59846000
456000	60848000
457000	60877000
458000	60819000
459000	60817000
460000	60840000
461000	63789000
462000	61902000
463000	60858000
464000	61816000
465000	61832000
466000	61835000
467000	61836000
468000	61841000
469000	61774000
470000	63805000
471000	61814000
472000	63895000
473000	62794000
474000	62866000
475000	62873000
476000	63900000
477000	62860000
478000	62858000
479000	63828000
480000	62831000
481000	64764000
482000	63871000
483000	63811000
484000	63809000
485000	64894000
486000	64829000
487000	64828000
488000	64825000
489000	65850000
490000	65825000
491000	65822000
492000	65823000
493000	66824000
494000	65891000
495000	65892000
496000	66819000
497000	65825000
498000	66821000
499000	65850000
500000	66797000
501000	66863000
502000	66888000
503000	67757000
504000	67885000
505000	67818000
506000	68844000
507000	67823000
508000	67827000
509000	67800000
510000	68819000
511000	68841000
512000	68843000
513000	68814000
514000	68860000
515000	67823000
516000	69796000
517000	68824000
518000	69840000
519000	69826000
520000	69817000
521000	68883000
522000	69815000
523000	69817000
524000	69813000
525000	70809000
526000	70809000
527000	72805000
528000	71809000
529000	71807000
530000	71808000
531000	70811000
532000	71881000
533000	71814000
534000	71788000
535000	70853000
536000	72803000
537000	71807000
538000	72812000
539000	71817000
540000	75799000
541000	72806000
542000	78794000
543000	72809000
544000	73803000
545000	74800000
546000	74802000
547000	73801000
548000	75796000
549000	75797000
550000	73804000
551000	73828000
552000	74805000
553000	74804000
554000	74784000
555000	90825000
556000	74778000
557000	73833000
558000	76794000
559000	75734000
560000	74800000
561000	75802000
562000	75796000
563000	75799000
564000	75797000
565000	76795000
566000	75832000
567000	78830000
568000	76793000
569000	77795000
570000	77797000
571000	76862000
572000	77730000
573000	77797000
574000	77772000
575000	78800000
576000	78789000
577000	77729000
578000	78789000
579000	78794000
580000	78823000
581000	78814000
582000	78796000
583000	79830000
584000	79785000
585000	78771000
586000	78770000
587000	79852000
588000	78814000
589000	80784000
590000	79792000
591000	79786000
592000	79790000
593000	80827000
594000	80784000
595000	80784000
596000	81783000
597000	81787000
598000	82822000
599000	81785000
600000	80827000
601000	81809000
602000	81783000
603000	81782000
604000	82780000
605000	82777000
606000	82809000
607000	83777000
608000	83776000
609000	83777000
610000	84773000
611000	82755000
612000	85768000
613000	83781000
614000	84753000
615000	83714000
616000	84777000
617000	83774000
618000	84773000
619000	86706000
620000	84773000
621000	84772000
622000	86766000
623000	84779000
624000	85800000
625000	85771000
626000	85774000
627000	85835000
628000	85753000
629000	85837000
630000	87795000
631000	85836000
632000	86707000
633000	85746000
634000	86779000
635000	86842000
636000	86773000
637000	87811000
638000	87728000
639000	87745000
640000	87830000
641000	88831000
642000	88697000
643000	88762000
644000	87765000
645000	89741000
646000	89760000
647000	89760000
648000	89761000
649000	89758000
650000	89760000
651000	89761000
652000	90757000
653000	90756000
654000	89759000
655000	89757000
656000	89803000
657000	90760000
658000	91735000
659000	90755000
660000	92728000
661000	90738000
662000	90735000
663000	94745000
664000	90733000
665000	91758000
666000	91758000
667000	92796000
668000	91756000
669000	91733000
670000	92733000
671000	92786000
672000	92751000
673000	93778000
674000	92817000
675000	92752000
676000	93747000
677000	94746000
678000	92758000
679000	93732000
680000	94683000
681000	94746000
682000	94747000
683000	94751000
684000	95744000
685000	95746000
686000	94744000
687000	94750000
688000	95751000
689000	98712000
690000	96741000
691000	95810000
692000	95768000
693000	95753000
694000	96744000
695000	97726000
696000	96766000
697000	96738000
698000	96766000
699000	98803000
700000	96765000
701000	97720000
702000	97769000
703000	97721000
704000	99737000
705000	97738000
706000	98735000
707000	97675000
708000	98693000
709000	98736000
710000	99733000
711000	99797000
712000	98798000
713000	99733000
714000	99731000
715000	99668000
716000	99729000
717000	100731000
718000	100866000
719000	101789000
720000	100711000
721000	100732000
722000	103721000
723000	100730000
724000	101760000
725000	101727000
726000	102764000
727000	101765000
728000	102726000
729000	102724000
730000	102754000
731000	102788000
732000	102724000
733000	101706000
734000	102768000
735000	103723000
736000	102763000
737000	104719000
738000	104743000
739000	103723000
740000	103704000
741000	103722000
742000	103718000
743000	104720000
744000	104719000
745000	104721000
746000	104698000
747000	104725000
748000	104724000
749000	104720000
750000	104720000
751000	105679000
752000	106712000
753000	105717000
754000	106745000
755000	106651000
756000	105689000
757000	107696000
758000	106689000
759000	107711000
760000	106714000
761000	106718000
762000	107633000
763000	108707000
764000	107712000
765000	107716000
766000	108774000
767000	107779000
768000	108707000
769000	108709000
770000	107753000
771000	110723000
772000	109710000
773000	108715000
774000	109643000
775000	109711000
776000	109736000
777000	109743000
778000	116729000
779000	110702000
780000	110724000
781000	110702000
782000	110703000
783000	114717000
784000	112766000
785000	112700000
786000	111706000
787000	111700000
788000	111737000
789000	111725000
790000	111701000
791000	111734000
792000	112700000
793000	112638000
794000	112700000
795000	112702000
796000	117729000
797000	112768000
798000	112696000
799000	112730000
800000	113670000
801000	113635000
802000	114693000
803000	114653000
804000	115691000
805000	114692000
806000	115691000
807000	114694000
808000	114695000
809000	115665000
810000	114759000
811000	115690000
812000	114724000
813000	114760000
814000	115668000
815000	115669000
816000	116669000
817000	116688000
818000	117687000
819000	117746000
820000	116686000
821000	116693000
822000	118661000
823000	116718000
824000	118746000
825000	118687000
826000	117669000
827000	118710000
828000	117659000
829000	117689000
830000	117686000
831000	118713000
832000	119682000
833000	118680000
834000	119685000
835000	119685000
836000	119685000
837000	118688000
838000	119659000
839000	120652000
840000	121674000
841000	120676000
842000	122678000
843000	120677000
844000	121703000
845000	121679000
846000	120703000
847000	121675000
848000	123674000
849000	121676000
850000	121741000
851000	122677000
852000	122673000
853000	122675000
854000	123606000
855000	122675000
856000	123672000
857000	124645000
858000	122672000
859000	123648000
860000	124672000
861000	123673000
862000	124664000
863000	125662000
864000	124668000
865000	124666000
866000	124671000
867000	124696000
868000	125641000
869000	124686000
870000	125665000
871000	126601000
872000	124654000
873000	125668000
874000	126672000
875000	126661000
876000	125602000
877000	126661000
878000	125694000
879000	128660000
880000	126662000
881000	127687000
882000	126690000
883000	128681000
884000	127660000
885000	128654000
886000	131646000
887000	128654000
888000	127687000
889000	128656000
890000	128645000
891000	131649000
892000	129653000
893000	128657000
894000	129658000
895000	129657000
896000	130630000
897000	130651000
898000	130651000
899000	129654000
900000	130650000
901000	130655000
902000	130655000
903000	131648000
904000	130654000
905000	131647000
906000	132647000
907000	131647000
908000	131674000
909000	131627000
910000	132645000
911000	132675000
912000	132685000
913000	131710000
914000	134668000
915000	133641000
916000	133642000
917000	134682000
918000	133642000
919000	134640000
920000	134638000
921000	135598000
922000	133640000
923000	134707000
924000	135637000
925000	134638000
926000	134638000
927000	135645000
928000	135704000
929000	134667000
930000	136613000
931000	134710000
932000	137610000
933000	135645000
934000	136615000
935000	136632000
936000	137613000
937000	136641000
938000	137570000
939000	139633000
940000	138567000
941000	136637000
942000	137631000
943000	137629000
944000	138628000
945000	138658000
946000	139628000
947000	138626000
948000	138627000
949000	138651000
950000	138633000
951000	139630000
952000	139564000
953000	138634000
954000	140629000
955000	139626000
956000	140607000
957000	140622000
958000	139606000
959000	140690000
960000	140625000
961000	146608000
962000	141620000
963000	140623000
964000	143595000
965000	143618000
966000	141662000
967000	141652000
968000	171507000
969000	198470000
970000	156591000
971000	171478000
972000	167490000
973000	156581000
974000	143684000
975000	153593000
976000	196476000
977000	150595000
978000	204450000
979000	168551000
980000	160529000
981000	157517000
982000	161633000
983000	144640000
984000	145602000
985000	145652000
986000	164586000
987000	148602000
988000	180518000
989000	190490000
990000	155582000
991000	146597000
992000	146651000
993000	148603000
994000	147604000
995000	147603000
996000	147606000
997000	147606000
998000	148601000
999000	147604000
1000000	147611000
1000	0
2000	0
3000	0
4000	0
5000	1001000
6000	0
7000	0
8000	0
9000	0
10000	997000
11000	997000
12000	998000
13000	998000
14000	1995000
15000	1995000
16000	996000
17000	1001000
18000	2069000
19000	1997000
20000	1997000
21000	2048000
22000	1997000
23000	1999000
24000	1997000
25000	1994000
26000	2994000
27000	1997000
28000	2995000
29000	2995000
30000	2991000
31000	2996000
32000	2996000
33000	2996000
34000	3993000
35000	3990000
36000	3994000
37000	3993000
38000	3993000
39000	4010000
40000	4045000
41000	4046000
42000	5041000
43000	4025000
44000	5048000
45000	4008000
46000	4008000
47000	5049000
48000	5050000
49000	5050000
50000	5051000
51000	6048000
52000	5006000
53000	4943000
54000	5984000
55000	4987000
56000	5026000
57000	5007000
58000	6005000
59000	6047000
60000	6005000
61000	7044000
62000	6005000
63000	5942000
64000	7003000
65000	7047000
66000	6979000
67000	7003000
68000	7979000
69000	8041000
70000	7005000
71000	8004000
72000	7937000
73000	7978000
74000	8040000
75000	8039000
76000	8018000
77000	9037000
78000	8977000
79000	9037000
80000	9040000
81000	8041000
82000	8983000
83000	8996000
84000	8996000
85000	8995000
86000	8995000
87000	8978000
88000	9020000
89000	9968000
90000	8914000
91000	9993000
92000	9971000
93000	9970000
94000	9909000
95000	10911000
96000	11008000
97000	10905000
98000	10998000
99000	10945000
100000	10972000
101000	10971000
102000	10909000
103000	11944000
104000	11930000
105000	11992000
106000	11966000
107000	12032000
108000	11945000
109000	11967000
110000	12986000
111000	11942000
112000	12987000
113000	11959000
114000	14921000
115000	13027000
116000	12970000
117000	12966000
118000	13901000
119000	12912000
120000	13901000
121000	13962000
122000	14015000
123000	13967000
124000	14024000
125000	14959000
126000	13962000
127000	14955000
128000	14958000
129000	15957000
130000	14921000
131000	15892000
132000	15957000
133000	14958000
134000	14896000
135000	15928000
136000	15957000
137000	15000000
138000	15965000
139000	15958000
140000	15895000
141000	15992000
142000	16911000
143000	16949000
144000	15982000
145000	16957000
146000	16955000
147000	16956000
148000	17972000
149000	17928000
150000	17889000
151000	17951000
152000	17953000
153000	17974000
154000	17973000
155000	18014000
156000	17952000
157000	18915000
158000	18987000
159000	19921000
160000	18895000
161000	18950000
162000	18969000
163000	20008000
164000	18950000
165000	19916000
166000	19945000
167000	19882000
168000	19986000
169000	19950000
170000	20008000
171000	20985000
172000	20919000
173000	19885000
174000	20879000
175000	20917000
176000	20944000
177000	20888000
178000	20971000
179000	22004000
180000	21944000
181000	21942000
182000	21941000
183000	21876000
184000	21972000
185000	22004000
186000	21916000
187000	22959000
188000	21945000
189000	21979000
190000	22949000
191000	23000000
192000	23917000
193000	22939000
194000	23000000
195000	23912000
196000	23872000
197000	23941000
198000	25871000
199000	27923000
200000	25969000
201000	23941000
202000	24933000
203000	24934000
204000	25000000
205000	25000000
206000	24893000
207000	24933000
208000	24935000
209000	25968000
210000	25930000
211000	25929000
212000	25929000
213000	25929000
214000	26906000
215000	26872000
216000	25864000
217000	25996000
218000	26931000
219000	26924000
220000	26926000
221000	26001000
222000	26902000
223000	26902000
224000	27987000
225000	27935000
226000	27987000
227000	27904000
228000	27987000
229000	27995000
230000	28893000
231000	27965000
232000	27899000
233000	28951000
234000	28989000
235000	28965000
236000	28964000
237000	29921000
238000	28963000
239000	31979000
240000	28983000
241000	29895000
242000	29903000
243000	29922000
244000	30898000
245000	29962000
246000	30915000
247000	30917000
248000	30917000
249000	30915000
250000	30917000
251000	31894000
252000	30854000
253000	32973000
254000	31937000
255000	30959000
256000	31850000
257000	31920000
258000	32911000
259000	31957000
260000	32910000
261000	32978000
262000	32910000
263000	32911000
264000	32910000
265000	33908000
266000	32914000
267000	32911000
268000	33949000
269000	33952000
270000	32915000
271000	33975000
272000	34948000
273000	33975000
274000	34905000
275000	34944000
276000	34911000
277000	34937000
278000	34912000
279000	34975000
280000	34906000
281000	34905000
282000	34887000
283000	35903000
284000	35970000
285000	35906000
286000	35971000
287000	36963000
288000	36841000
289000	36945000
290000	37836000
291000	35908000
292000	36901000
293000	37898000
294000	38939000
295000	38834000
296000	36901000
297000	36902000
298000	37935000
299000	37903000
300000	37970000
301000	37831000
302000	37898000
303000	37896000
304000	39892000
305000	38894000
306000	38962000
307000	38894000
308000	38896000
309000	38833000
310000	38857000
311000	39960000
312000	38921000
313000	39831000
314000	39877000
315000	39896000
316000	40892000
317000	40890000
318000	40890000
319000	40890000
320000	40888000
321000	41863000
322000	41885000
323000	41951000
324000	40932000
325000	40918000
326000	41892000
327000	41865000
328000	41823000
329000	42887000
330000	41887000
331000	41869000
332000	42953000
333000	42865000
334000	43882000
335000	42821000
336000	42886000
337000	42950000
338000	42864000
339000	43881000
340000	43918000
341000	42916000
342000	43923000
343000	43925000
344000	43927000
345000	43862000
346000	43949000
347000	44880000
348000	44880000
349000	44880000
350000	44880000
351000	45816000
352000	44880000
353000	45875000
354000	45875000
355000	44878000
356000	45876000
357000	45907000
358000	45882000
359000	45856000
360000	46854000
361000	46853000
362000	46877000
363000	51888000
364000	46852000
365000	47853000
366000	46877000
367000	47870000
368000	46875000
369000	47871000
370000	48936000
371000	47873000
372000	47878000
373000	48871000
374000	47870000
375000	48867000
376000	48866000
377000	49864000
378000	48875000
379000	48869000
380000	48849000
381000	49862000
382000	48935000
383000	48897000
384000	49867000
385000	49934000
386000	50905000
387000	49929000
388000	49871000
389000	50864000
390000	50863000
391000	51840000
392000	49933000
393000	50869000
394000	50869000
395000	51864000
396000	50924000
397000	51861000
398000	52796000
399000	51863000
400000	51860000
401000	52860000
402000	51860000
403000	52856000
404000	52859000
405000	51928000
406000	52863000
407000	52864000
408000	53849000
409000	53898000
410000	53855000
411000	53856000
412000	54853000
413000	53855000
414000	53855000
415000	53920000
416000	54897000
417000	54838000
418000	54864000
419000	54858000
420000	55858000
421000	55851000
422000	55850000
423000	55830000
424000	55917000
425000	55916000
426000	55855000
427000	56829000
428000	55891000
429000	56849000
430000	55850000
431000	56827000
432000	56862000
433000	56919000
434000	57842000
435000	56893000
436000	56884000
437000	57848000
438000	57845000
439000	58779000
440000	57845000
441000	57825000
442000	58868000
443000	57825000
444000	57906000
445000	58909000
446000	58909000
447000	58842000
448000	59846000
449000	58842000
450000	58842000
451000	58873000
452000	59841000
453000	58842000
454000	59844000
455000	59841000
456000	60866000
457000	60881000
458000	59906000
459000	59777000
460000	60844000
461000	60812000
462000	60841000
463000	60844000
464000	61868000
465000	60904000
466000	60843000
467000	61838000
468000	61839000
469000	61876000
470000	62836000
471000	61864000
472000	63873000
473000	63830000
474000	62873000
475000	62864000
476000	62898000
477000	62794000
478000	63897000
479000	63830000
480000	63833000
481000	64828000
482000	64825000
483000	63829000
484000	63830000
485000	64809000
486000	65827000
487000	64853000
488000	64825000
489000	65825000
490000	65824000
491000	64836000
492000	65821000
493000	65828000
494000	65824000
495000	65786000
496000	65823000
497000	65831000
498000	66822000
499000	65823000
500000	66823000
501000	65893000
502000	66821000
503000	67817000
504000	67818000
505000	66821000
506000	67818000
507000	66786000
508000	68842000
509000	68814000
510000	69818000
511000	67798000
512000	67822000
513000	68880000
514000	68816000
515000	67756000
516000	68813000
517000	68816000
518000	69815000
519000	68791000
520000	69794000
521000	69819000
522000	69879000
523000	69777000
524000	69854000
525000	70810000
526000	70814000
527000	70808000
528000	70776000
529000	70816000
530000	71771000
531000	70852000
532000	71811000
533000	70814000
534000	71809000
535000	71811000
536000	71772000
537000	74798000
538000	72811000
539000	72835000
540000	71811000
541000	72835000
542000	73807000
543000	73802000
544000	73812000
545000	72805000
546000	73805000
547000	73800000
548000	73767000
549000	73803000
550000	74775000
551000	73831000
552000	73810000
553000	74803000
554000	74801000
555000	73803000
556000	74831000
557000	75796000
558000	75813000
559000	75865000
560000	75804000
561000	75827000
562000	76800000
563000	75826000
564000	78771000
565000	76836000
566000	76806000
567000	76734000
568000	76860000
569000	77797000
570000	76835000
571000	77789000
572000	77791000
573000	76795000
574000	77753000
575000	77791000
576000	78790000
577000	77859000
578000	78772000
579000	78815000
580000	78817000
581000	78831000
582000	79825000
583000	78792000
584000	79724000
585000	79792000
586000	79812000
587000	79792000
588000	79750000
589000	79785000
590000	79851000
591000	79792000
592000	80721000
593000	80846000
594000	80763000
595000	81786000
596000	80748000
597000	81717000
598000	81761000
599000	80782000
600000	82760000
601000	81786000
602000	82807000
603000	81785000
604000	81741000
605000	81785000
606000	82760000
607000	82782000
608000	83755000
609000	83776000
610000	82778000
611000	83776000
612000	83779000
613000	83779000
614000	83775000
615000	83713000
616000	83777000
617000	87766000
618000	84774000
619000	83775000
620000	86766000
621000	84773000
622000	84775000
623000	85771000
624000	89740000
625000	85769000
626000	86748000
627000	85748000
628000	86836000
629000	86762000
630000	86767000
631000	86777000
632000	86797000
633000	86774000
634000	86768000
635000	87795000
636000	87744000
637000	87746000
638000	87795000
639000	88762000
640000	88761000
641000	87765000
642000	88768000
643000	88769000
644000	87746000
645000	88752000
646000	89764000
647000	88761000
648000	89697000
649000	89758000
650000	90757000
651000	89762000
652000	89800000
653000	89759000
654000	91760000
655000	90764000
656000	90720000
657000	90787000
658000	90761000
659000	90737000
660000	91754000
661000	91757000
662000	90761000
663000	91760000
664000	91739000
665000	91760000
666000	92751000
667000	92757000
668000	91795000
669000	93752000
670000	92750000
671000	92758000
672000	92762000
673000	93777000
674000	92731000
675000	93753000
676000	93746000
677000	98771000
678000	94745000
679000	94684000
680000	93751000
681000	94751000
682000	94751000
683000	94788000
684000	94813000
685000	94748000
686000	95722000
687000	95748000
688000	96741000
689000	94771000
690000	94813000
691000	99671000
692000	95768000
693000	97743000
694000	95724000
695000	96768000
696000	97713000
697000	97738000
698000	97740000
699000	96741000
700000	97740000
701000	97738000
702000	97699000
703000	97739000
704000	97738000
705000	98736000
706000	98734000
707000	98736000
708000	99741000
709000	97678000
710000	99736000
711000	98804000
712000	100736000
713000	99738000
714000	100729000
715000	99762000
716000	99799000
717000	100711000
718000	101726000
719000	100730000
720000	100729000
721000	100665000
722000	99733000
723000	102705000
724000	102700000
725000	100730000
726000	100744000
727000	100751000
728000	102727000
729000	101758000
730000	102725000
731000	101753000
732000	103784000
733000	103681000
734000	102730000
735000	103698000
736000	102747000
737000	103770000
738000	104720000
739000	103723000
740000	103721000
741000	104720000
742000	105717000
743000	104719000
744000	104719000
745000	104720000
746000	105717000
747000	105716000
748000	106712000
749000	104720000
750000	105715000
751000	105723000
752000	105752000
753000	105747000
754000	105742000
755000	106744000
756000	106744000
757000	108709000
758000	106653000
759000	108743000
760000	106717000
761000	107711000
762000	107711000
763000	106759000
764000	107710000
765000	107693000
766000	109712000
767000	108708000
768000	107711000
769000	108710000
770000	108709000
771000	107708000
772000	107736000
773000	109703000
774000	109750000
775000	109738000
776000	110640000
777000	109708000
778000	109706000
779000	110746000
780000	110686000
781000	109706000
782000	111699000
783000	111664000
784000	111705000
785000	110734000
786000	111709000
787000	110705000
788000	112703000
789000	111701000
790000	111731000
791000	111768000
792000	111728000
793000	111705000
794000	112764000
795000	113724000
796000	112698000
797000	112698000
798000	113695000
799000	113696000
800000	113696000
801000	114692000
802000	113695000
803000	113696000
804000	114693000
805000	115688000
806000	114693000
807000	115689000
808000	115691000
809000	114692000
810000	115703000
811000	115649000
812000	115671000
813000	115697000
814000	115696000
815000	116687000
816000	116669000
817000	116626000
818000	118744000
819000	116692000
820000	116694000
821000	117687000
822000	117685000
823000	118704000
824000	117688000
825000	117687000
826000	118712000
827000	117690000
828000	118683000
829000	118682000
830000	119678000
831000	121674000
832000	118745000
833000	119683000
834000	118661000
835000	118680000
836000	120677000
837000	119658000
838000	119645000
839000	119725000
840000	123740000
841000	120679000
842000	120658000
843000	119680000
844000	121706000
845000	120681000
846000	122673000
847000	121655000
848000	121676000
849000	121674000
850000	122672000
851000	122650000
852000	122700000
853000	123708000
854000	123669000
855000	121673000
856000	123668000
857000	122671000
858000	121741000
859000	122650000
860000	123632000
861000	124672000
862000	125691000
863000	123672000
864000	122675000
865000	124671000
866000	123648000
867000	124666000
868000	124642000
869000	124672000
870000	125668000
871000	124695000
872000	123736000
873000	125669000
874000	125708000
875000	131643000
876000	125639000
877000	126649000
878000	126665000
879000	129715000
880000	126691000
881000	127659000
882000	129654000
883000	127663000
884000	127660000
885000	126661000
886000	128594000
887000	127656000
888000	127659000
889000	128655000
890000	128593000
891000	128591000
892000	128657000
893000	129652000
894000	129658000
895000	129656000
896000	130586000
897000	130677000
898000	129658000
899000	129657000
900000	130652000
901000	131647000
902000	130651000
903000	131609000
904000	130650000
905000	131714000
906000	131651000
907000	130632000
908000	131650000
909000	131655000
910000	131650000
911000	130675000
912000	131652000
913000	131690000
914000	132644000
915000	131626000
916000	137630000
917000	133643000
918000	132646000
919000	140625000
920000	137571000
921000	132644000
922000	133623000
923000	134638000
924000	137643000
925000	134645000
926000	134682000
927000	134707000
928000	134640000
929000	135642000
930000	135641000
931000	141648000
932000	136632000
933000	135642000
934000	136638000
935000	136632000
936000	136632000
937000	138565000
938000	136664000
939000	137657000
940000	136664000
941000	138633000
942000	136610000
943000	137591000
944000	138658000
945000	137637000
946000	139629000
947000	137610000
948000	139657000
949000	138660000
950000	140629000
951000	139630000
952000	139635000
953000	138626000
954000	140623000
955000	139628000
956000	140665000
957000	141628000
958000	139630000
959000	140581000
960000	139562000
961000	140624000
962000	140653000
963000	142597000
964000	140665000
965000	140690000
966000	141666000
967000	141652000
968000	142617000
969000	142650000
970000	144545000
971000	142616000
972000	143595000
973000	143616000
974000	143617000
975000	144654000
976000	144552000
977000	143614000
978000	142619000
979000	143554000
980000	145676000
981000	144615000
982000	144613000
983000	144642000
984000	145633000
985000	144613000
986000	144616000
987000	145634000
988000	144613000
989000	147542000
990000	146607000
991000	145610000
992000	146606000
993000	145608000
994000	147605000
995000	147604000
996000	147605000
997000	151529000
998000	147603000
999000	146611000
1000000	146614000
1000	0
2000	0
3000	997000
4000	999000
5000	0
6000	0
7000	999000
8000	997000
9000	997000
10000	998000
11000	998000
12000	997000
13000	997000
14000	997000
15000	999000
16000	998000
17000	997000
18000	998000
19000	1994000
20000	1995000
21000	1994000
22000	1995000
23000	1995000
24000	2991000
25000	2992000
26000	2992000
27000	2992000
28000	3029000
29000	3053000
30000	3990000
31000	2056000
32000	3990000
33000	3012000
34000	3047000
35000	3054000
36000	4052000
37000	3988000
38000	4028000
39000	4051000
40000	3947000
41000	4984000
42000	4011000
43000	3989000
44000	5047000
45000	4051000
46000	5966000
47000	3989000
48000	5051000
49000	5005000
50000	5048000
51000	5984000
52000	6046000
53000	5047000
54000	5007000
55000	6044000
56000	6050000
57000	6045000
58000	6048000
59000	6044000
60000	6047000
61000	5985000
62000	7000000
63000	7042000
64000	7043000
65000	7042000
66000	7042000
67000	7002000
68000	8041000
69000	6997000
70000	7000000
71000	7002000
72000	7999000
73000	9044000
74000	7932000
75000	7978000
76000	7998000
77000	7998000
78000	7978000
79000	8043000
80000	7979000
81000	8997000
82000	8995000
83000	8974000
84000	8915000
85000	9001000
86000	9002000
87000	8976000
88000	8978000
89000	10034000
90000	9033000
91000	9969000
92000	9974000
93000	9949000
94000	9934000
95000	9994000
96000	10929000
97000	9949000
98000	10991000
99000	10970000
100000	11034000
101000	10908000
102000	10995000
103000	11032000
104000	11994000
105000	10972000
106000	11988000
107000	11983000
108000	11987000
109000	12028000
110000	11994000
111000	11969000
112000	12986000
113000	12966000
114000	12906000
115000	12966000
116000	12905000
117000	12966000
118000	13984000
119000	13983000
120000	12985000
121000	13961000
122000	13941000
123000	13962000
124000	14896000
125000	13925000
126000	14985000
127000	14961000
128000	14958000
129000	14897000
130000	15947000
131000	14894000
132000	15933000
133000	14962000
134000	14959000
135000	15956000
136000	15894000
137000	15954000
138000	15963000
139000	16894000
140000	15902000
141000	15959000
142000	16956000
143000	16957000
144000	16955000
145000	16954000
146000	16931000
147000	16953000
148000	16955000
149000	17951000
150000	17956000
151000	17951000
152000	17929000
153000	17890000
154000	17974000
155000	17952000
156000	18886000
157000	19883000
158000	18966000
159000	17952000
160000	18984000
161000	18949000
162000	18946000
163000	19884000
164000	18949000
165000	18947000
166000	19884000
167000	18950000
168000	20009000
169000	19967000
170000	19949000
171000	19948000
172000	21006000
173000	19992000
174000	21880000
175000	20945000
176000	20882000
177000	21881000
178000	20945000
179000	21941000
180000	22939000
181000	20920000
182000	21916000
183000	21941000
184000	21942000
185000	21940000
186000	21940000
187000	21917000
188000	22938000
189000	22938000
190000	22938000
191000	23001000
192000	22938000
193000	22936000
194000	23936000
195000	23936000
196000	23936000
197000	23936000
198000	23922000
199000	23935000
200000	23914000
201000	24994000
202000	24939000
203000	24930000
204000	24915000
205000	24999000
206000	24995000
207000	24939000
208000	24974000
209000	25000000
210000	25917000
211000	25956000
212000	25898000
213000	25931000
214000	26927000
215000	26914000
216000	25955000
217000	26927000
218000	26927000
219000	26995000
220000	26971000
221000	27927000
222000	26952000
223000	26928000
224000	27920000
225000	27928000
226000	26993000
227000	26932000
228000	27926000
229000	27930000
230000	27986000
231000	27966000
232000	28985000
233000	28904000
234000	28990000
235000	28904000
236000	28928000
237000	29897000
238000	29917000
239000	29916000
240000	28951000
241000	29990000
242000	29963000
243000	29922000
244000	30917000
245000	30917000
246000	30854000
247000	30961000
248000	30917000
249000	30917000
250000	30917000
251000	31914000
252000	31912000
253000	30855000
254000	31915000
255000	31914000
256000	31912000
257000	31915000
258000	32913000
259000	31917000
260000	32952000
261000	31924000
262000	33946000
263000	32921000
264000	32921000
265000	33974000
266000	32978000
267000	32889000
268000	33937000
269000	33912000
270000	33976000
271000	33953000
272000	33971000
273000	33897000
274000	34943000
275000	34929000
276000	34949000
277000	34906000
278000	35902000
279000	34974000
280000	34897000
281000	34973000
282000	35972000
283000	34911000
284000	34975000
285000	35908000
286000	34971000
287000	35885000
288000	35920000
289000	36880000
290000	35904000
291000	36841000
292000	35909000
293000	36906000
294000	36906000
295000	36881000
296000	37900000
297000	37902000
298000	36835000
299000	37904000
300000	37836000
301000	38831000
302000	37903000
303000	37874000
304000	37839000
305000	37878000
306000	38896000
307000	38962000
308000	38896000
309000	38939000
310000	38921000
311000	38900000
312000	38961000
313000	39897000
314000	38894000
315000	39853000
316000	39900000
317000	39935000
318000	40888000
319000	40929000
320000	40830000
321000	40927000
322000	40958000
323000	40920000
324000	41871000
325000	41954000
326000	41955000
327000	41960000
328000	41933000
329000	42954000
330000	41894000
331000	42952000
332000	41931000
333000	41891000
334000	42933000
335000	43861000
336000	42914000
337000	42890000
338000	42950000
339000	43863000
340000	44881000
341000	43921000
342000	44908000
343000	43888000
344000	43861000
345000	44886000
346000	44818000
347000	43861000
348000	43950000
349000	43865000
350000	44878000
351000	44886000
352000	44936000
353000	46907000
354000	45861000
355000	45856000
356000	45887000
357000	45878000
358000	45876000
359000	46876000
360000	46912000
361000	45854000
362000	46879000
363000	47848000
364000	47915000
365000	46941000
366000	46873000
367000	47869000
368000	46874000
369000	47857000
370000	47876000
371000	47872000
372000	47897000
373000	47877000
374000	48936000
375000	48845000
376000	48870000
377000	48881000
378000	48806000
379000	49847000
380000	50862000
381000	48868000
382000	49865000
383000	49865000
384000	48807000
385000	49829000
386000	49871000
387000	49850000
388000	49871000
389000	50864000
390000	50869000
391000	50862000
392000	50863000
393000	51840000
394000	50872000
395000	55886000
396000	51891000
397000	53794000
398000	51866000
399000	51823000
400000	52859000
401000	52859000
402000	52858000
403000	52924000
404000	52887000
405000	52863000
406000	53901000
407000	52865000
408000	52864000
409000	53879000
410000	53864000
411000	53864000
412000	54858000
413000	53861000
414000	55877000
415000	54857000
416000	53856000
417000	55852000
418000	53840000
419000	53855000
420000	55850000
421000	54857000
422000	54858000
423000	54899000
424000	56848000
425000	55850000
426000	55850000
427000	55855000
428000	55856000
429000	55825000
430000	55856000
431000	57844000
432000	56849000
433000	56848000
434000	56923000
435000	57852000
436000	56831000
437000	56857000
438000	57851000
439000	56894000
440000	57886000
441000	58825000
442000	57850000
443000	57910000
444000	57843000
445000	58909000
446000	58805000
447000	58847000
448000	58843000
449000	59837000
450000	64826000
451000	59815000
452000	59844000
453000	58848000
454000	59845000
455000	59906000
456000	59844000
457000	60882000
458000	60835000
459000	60866000
460000	60841000
461000	60839000
462000	61832000
463000	60843000
464000	60840000
465000	61835000
466000	60837000
467000	61837000
468000	61833000
469000	61834000
470000	62769000
471000	61902000
472000	62830000
473000	62903000
474000	62771000
475000	62831000
476000	62832000
477000	63860000
478000	63830000
479000	63833000
480000	63895000
481000	63830000
482000	63858000
483000	64765000
484000	63837000
485000	63812000
486000	64854000
487000	65890000
488000	65803000
489000	64807000
490000	65802000
491000	65828000
492000	65850000
493000	65854000
494000	65890000
495000	65803000
496000	65826000
497000	65856000
498000	66825000
499000	65888000
500000	66806000
501000	66795000
502000	66821000
503000	67816000
504000	66821000
505000	67817000
506000	66802000
507000	67798000
508000	67781000
509000	67799000
510000	67784000
511000	67800000
512000	68795000
513000	68887000
514000	68791000
515000	68817000
516000	70811000
517000	93751000
518000	69812000
519000	68796000
520000	69794000
521000	70815000
522000	69855000
523000	69855000
524000	70814000
525000	69856000
526000	69793000
527000	70748000
528000	70840000
529000	71876000
530000	70877000
531000	71778000
532000	70815000
533000	70877000
534000	71787000
535000	71848000
536000	71875000
537000	72810000
538000	72808000
539000	72810000
540000	72834000
541000	71747000
542000	72852000
543000	72809000
544000	72785000
545000	72809000
546000	72809000
547000	73808000
548000	74804000
549000	73808000
550000	74806000
551000	74825000
552000	74831000
553000	74869000
554000	74797000
555000	74797000
556000	75833000
557000	74842000
558000	74797000
559000	75825000
560000	75839000
561000	76796000
562000	75796000
563000	75797000
564000	76794000
565000	76830000
566000	76835000
567000	77755000
568000	77798000
569000	76773000
570000	76801000
571000	76835000
572000	77791000
573000	80848000
574000	77771000
575000	77792000
576000	77772000
577000	78830000
578000	77797000
579000	78790000
580000	78789000
581000	78818000
582000	78856000
583000	78771000
584000	79831000
585000	80757000
586000	79777000
587000	79790000
588000	79818000
589000	79822000
590000	79789000
591000	80826000
592000	80853000
593000	79787000
594000	80784000
595000	80846000
596000	80852000
597000	80810000
598000	81744000
599000	81781000
600000	81804000
601000	81846000
602000	81782000
603000	82782000
604000	82846000
605000	82741000
606000	82845000
607000	82742000
608000	82779000
609000	83776000
610000	83748000
611000	83782000
612000	83750000
613000	83775000
614000	83775000
615000	83776000
616000	84802000
617000	83779000
618000	84843000
619000	85709000
620000	84771000
621000	85772000
622000	85772000
623000	85775000
624000	85776000
625000	85775000
626000	84775000
627000	86746000
628000	86774000
629000	87745000
630000	85770000
631000	86702000
632000	88764000
633000	89759000
634000	86771000
635000	86795000
636000	86747000
637000	87745000
638000	87766000
639000	88767000
640000	88788000
641000	87747000
642000	88763000
643000	88700000
644000	89801000
645000	88767000
646000	88742000
647000	87766000
648000	90738000
649000	88746000
650000	89761000
651000	88767000
652000	89827000
653000	89788000
654000	89738000
655000	91753000
656000	89800000
657000	89699000
658000	90799000
659000	90761000
660000	92751000
661000	91752000
662000	92756000
663000	90739000
664000	91759000
665000	92780000
666000	92781000
667000	90739000
668000	93726000
669000	92782000
670000	92793000
671000	92740000
672000	94782000
673000	92752000
674000	92751000
675000	93791000
676000	93746000
677000	92731000
678000	93754000
679000	94726000
680000	94751000
681000	96719000
682000	94709000
683000	93736000
684000	94747000
685000	95720000
686000	94746000
687000	95745000
688000	95742000
689000	96740000
690000	95744000
691000	96739000
692000	96810000
693000	95753000
694000	96720000
695000	96678000
696000	96747000
697000	97763000
698000	96741000
699000	97737000
700000	100665000
701000	97749000
702000	97782000
703000	97737000
704000	97719000
705000	98736000
706000	98734000
707000	100728000
708000	99733000
709000	100730000
710000	98737000
711000	99735000
712000	100735000
713000	98803000
714000	99671000
715000	99715000
716000	99738000
717000	107712000
718000	101771000
719000	100711000
720000	99743000
721000	101726000
722000	101725000
723000	100729000
724000	101735000
725000	100725000
726000	102786000
727000	102723000
728000	103722000
729000	102727000
730000	101794000
731000	102727000
732000	102731000
733000	103727000
734000	102752000
735000	103726000
736000	103685000
737000	104720000
738000	103752000
739000	103720000
740000	102732000
741000	104749000
742000	104722000
743000	110701000
744000	104719000
745000	104783000
746000	104732000
747000	103730000
748000	109709000
749000	104738000
750000	105717000
751000	105722000
752000	106782000
753000	106714000
754000	106678000
755000	106720000
756000	117650000
757000	138697000
758000	107774000
759000	107713000
760000	107737000
761000	107778000
762000	107712000
763000	107711000
764000	108736000
765000	107777000
766000	108714000
767000	108709000
768000	109706000
769000	109707000
770000	109706000
771000	108780000
772000	108740000
773000	109730000
774000	108709000
775000	109685000
776000	111702000
777000	110703000
778000	109745000
779000	110704000
780000	109684000
781000	110705000
782000	110703000
783000	111701000
784000	111703000
785000	111701000
786000	112703000
787000	111706000
788000	111701000
789000	111769000
790000	112696000
791000	112661000
792000	119640000
793000	111708000
794000	112677000
795000	112681000
796000	114717000
797000	114760000
798000	113728000
799000	114693000
800000	113675000
801000	114693000
802000	115698000
803000	114694000
804000	113695000
805000	114701000
806000	113699000
807000	115692000
808000	115729000
809000	114673000
810000	115692000
811000	116669000
812000	115669000
813000	115663000
814000	115688000
815000	116686000
816000	115690000
817000	116669000
818000	117687000
819000	117685000
820000	116665000
821000	116624000
822000	117691000
823000	117693000
824000	117690000
825000	116715000
826000	117688000
827000	117667000
828000	118680000
829000	117727000
830000	119680000
831000	118680000
832000	119680000
833000	118681000
834000	119748000
835000	118723000
836000	119668000
837000	119684000
838000	120744000
839000	121741000
840000	124666000
841000	120657000
842000	120743000
843000	119709000
844000	121653000
845000	121674000
846000	121676000
847000	121672000
848000	121720000
849000	122673000
850000	122670000
851000	120675000
852000	121678000
853000	122696000
854000	123701000
855000	122677000
856000	123668000
857000	124643000
858000	123670000
859000	122742000
860000	123642000
861000	125689000
862000	123669000
863000	125628000
864000	124667000
865000	125664000
866000	124673000
867000	124670000
868000	125659000
869000	125663000
870000	124669000
871000	124705000
872000	125730000
873000	125663000
874000	126659000
875000	126729000
876000	126663000
877000	126661000
878000	126659000
879000	126662000
880000	126665000
881000	126665000
882000	127660000
883000	128656000
884000	128696000
885000	130658000
886000	128670000
887000	127657000
888000	127730000
889000	128684000
890000	129657000
891000	127662000
892000	130649000
893000	128651000
894000	129612000
895000	129617000
896000	129651000
897000	130587000
898000	129657000
899000	134619000
900000	129617000
901000	129722000
902000	188475000
903000	130717000
904000	130713000
905000	131585000
906000	131708000
907000	132644000
908000	131648000
909000	133641000
910000	132646000
911000	131651000
912000	133622000
913000	133627000
914000	133602000
915000	132647000
916000	132643000
917000	133617000
918000	133709000
919000	133621000
920000	133603000
921000	134639000
922000	134639000
923000	134640000
924000	135636000
925000	134641000
926000	135642000
927000	134619000
928000	134639000
929000	136634000
930000	135637000
931000	135610000
932000	141680000
933000	135681000
934000	136700000
935000	135704000
936000	138634000
937000	138566000
938000	136675000
939000	136618000
940000	138633000
941000	136705000
942000	137569000
943000	137674000
944000	138634000
945000	138627000
946000	138629000
947000	138634000
948000	138660000
949000	139657000
950000	139651000
951000	138634000
952000	139564000
953000	139607000
954000	140654000
955000	139656000
956000	139656000
957000	139585000
958000	140623000
959000	142623000
960000	141559000
961000	140626000
962000	140629000
963000	150595000
964000	141621000
965000	142580000
966000	141619000
967000	147605000
968000	143614000
969000	142616000
970000	144613000
971000	142619000
972000	142616000
973000	142615000
974000	142625000
975000	144680000
976000	144613000
977000	143598000
978000	143615000
979000	144575000
980000	144611000
981000	144612000
982000	145609000
983000	145609000
984000	145608000
985000	145622000
986000	144610000
987000	144611000
988000	147605000
989000	146677000
990000	145679000
991000	146606000
992000	146608000
993000	146609000
994000	146676000
995000	147604000
996000	147604000
997000	148604000
998000	146674000
999000	148606000
1000000	146641000
1000	0
2000	0
3000	996000
4000	0
5000	0
6000	985000
7000	998000
8000	997000
9000	1000000
10000	995000
11000	997000
12000	998000
13000	997000
14000	998000
15000	997000
16000	1994000
17000	1995000
18000	2000000
19000	1989000
20000	1994000
21000	1995000
22000	2030000
23000	2993000
24000	2956000
25000	3054000
26000	1993000
27000	2059000
28000	3053000
29000	1995000
30000	3054000
31000	2994000
32000	3039000
33000	3992000
34000	3011000
35000	3927000
36000	3053000
37000	3992000
38000	3991000
39000	4048000
40000	3989000
41000	4052000
42000	5049000
43000	4050000
44000	3987000
45000	5050000
46000	3946000
47000	4986000
48000	5051000
49000	6045000
50000	5015000
51000	5050000
52000	6045000
53000	5010000
54000	5006000
55000	5006000
56000	4986000
57000	6001000
58000	6007000
59000	6048000
60000	6006000
61000	6980000
62000	5922000
63000	7006000
64000	7002000
65000	7019000
66000	6919000
67000	6983000
68000	7042000
69000	6938000
70000	7005000
71000	6933000
72000	8007000
73000	7980000
74000	7998000
75000	8040000
76000	7997000
77000	8974000
78000	8914000
79000	8932000
80000	9038000
81000	9036000
82000	8996000
83000	8972000
84000	9037000
85000	9932000
86000	8983000
87000	9991000
88000	9929000
89000	9971000
90000	8998000
91000	10991000
92000	9974000
93000	10929000
94000	9970000
95000	9969000
96000	10906000
97000	10005000
98000	10990000
99000	10908000
100000	10970000
101000	10971000
102000	10970000
103000	12030000
104000	10910000
105000	11988000
106000	12008000
107000	11906000
108000	11902000
109000	11893000
110000	11927000
111000	12991000
112000	12901000
113000	12903000
114000	12966000
115000	12940000
116000	12967000
117000	13986000
118000	12966000
119000	13986000
120000	13898000
121000	13979000
122000	13980000
123000	13954000
124000	14024000
125000	14956000
126000	14936000
127000	14026000
128000	14022000
129000	14960000
130000	15023000
131000	15896000
132000	14960000
133000	15956000
134000	15933000
135000	15982000
136000	15957000
137000	15962000
138000	15958000
139000	15960000
140000	16892000
141000	16955000
142000	16927000
143000	15975000
144000	16912000
145000	16977000
146000	16955000
147000	17016000
148000	16953000
149000	16953000
150000	17926000
151000	18017000
152000	17950000
153000	17889000
154000	17951000
155000	18888000
156000	18949000
157000	18971000
158000	18950000
159000	18952000
160000	18950000
161000	18945000
162000	18925000
163000	18950000
164000	19011000
165000	18950000
166000	19884000
167000	20008000
168000	19922000
169000	19946000
170000	19946000
171000	20009000
172000	20919000
173000	20947000
174000	21006000
175000	19947000
176000	20970000
177000	20880000
178000	21915000
179000	20918000
180000	21917000
181000	20918000
182000	21918000
183000	21967000
184000	21921000
185000	22916000
186000	21940000
187000	22914000
188000	23935000
189000	21941000
190000	22876000
191000	23935000
192000	22914000
193000	22940000
194000	23936000
195000	23937000
196000	23931000
197000	23975000
198000	24976000
199000	27924000
200000	23935000
201000	24909000
202000	24935000
203000	23998000
204000	24933000
205000	24939000
206000	25906000
207000	24976000
208000	25906000
209000	24916000
210000	24954000
211000	25934000
212000	25932000
213000	26891000
214000	25935000
215000	26929000
216000	25997000
217000	26994000
218000	25992000
219000	26929000
220000	26901000
221000	26927000
222000	27855000
223000	27961000
224000	26929000
225000	27993000
226000	27965000
227000	27925000
228000	27925000
229000	27991000
230000	27995000
231000	28873000
232000	28930000
233000	27989000
234000	28924000
235000	28932000
236000	29929000
237000	28964000
238000	28902000
239000	29920000
240000	29986000
241000	29910000
242000	28927000
243000	29922000
244000	31913000
245000	29879000
246000	30916000
247000	29965000
248000	30983000
249000	30983000
250000	30978000
251000	30916000
252000	31916000
253000	30942000
254000	31980000
255000	31955000
256000	31980000
257000	31939000
258000	31892000
259000	31977000
260000	31919000
261000	32911000
262000	32918000
263000	32893000
264000	32983000
265000	32839000
266000	32977000
267000	33888000
268000	33909000
269000	33974000
270000	33910000
271000	33907000
272000	34908000
273000	33908000
274000	34844000
275000	33915000
276000	34971000
277000	34913000
278000	34949000
279000	34892000
280000	36839000
281000	34846000
282000	34949000
283000	35911000
284000	34885000
285000	35929000
286000	35968000
287000	36943000
288000	36904000
289000	36907000
290000	36900000
291000	36901000
292000	36881000
293000	36942000
294000	36934000
295000	36876000
296000	37836000
297000	37883000
298000	36883000
299000	37898000
300000	38938000
301000	37965000
302000	37899000
303000	38878000
304000	38934000
305000	38894000
306000	38900000
307000	38939000
308000	39891000
309000	39830000
310000	39888000
311000	39891000
312000	39891000
313000	39922000
314000	39937000
315000	39891000
316000	40890000
317000	40890000
318000	40891000
319000	40892000
320000	40829000
321000	40891000
322000	40896000
323000	40962000
324000	41892000
325000	40895000
326000	42870000
327000	41955000
328000	41896000
329000	41867000
330000	42861000
331000	42885000
332000	43880000
333000	42884000
334000	42883000
335000	42884000
336000	42884000
337000	43820000
338000	43879000
339000	42884000
340000	43882000
341000	43880000
342000	43887000
343000	43822000
344000	44859000
345000	44879000
346000	43883000
347000	44860000
348000	44884000
349000	43883000
350000	44861000
351000	44884000
352000	45851000
353000	44880000
354000	44878000
355000	44881000
356000	45879000
357000	45878000
358000	45881000
359000	45947000
360000	45880000
361000	45815000
362000	46836000
363000	46813000
364000	45945000
365000	46876000
366000	47871000
367000	46906000
368000	47913000
369000	47855000
370000	47869000
371000	48869000
372000	47873000
373000	47852000
374000	48933000
375000	48871000
376000	48869000
377000	49865000
378000	48833000
379000	49867000
380000	49872000
381000	49879000
382000	49933000
383000	49870000
384000	49867000
385000	51862000
386000	50865000
387000	50864000
388000	49867000
389000	50843000
390000	50892000
391000	50869000
392000	51861000
393000	50868000
394000	51805000
395000	51859000
396000	51861000
397000	51861000
398000	52863000
399000	51929000
400000	51866000
401000	51866000
402000	51865000
403000	52857000
404000	52860000
405000	52858000
406000	53856000
407000	53889000
408000	52859000
409000	52923000
410000	53856000
411000	53924000
412000	54858000
413000	53921000
414000	54854000
415000	54895000
416000	53860000
417000	54853000
418000	55850000
419000	53917000
420000	54852000
421000	55849000
422000	55789000
423000	55851000
424000	54853000
425000	55790000
426000	55855000
427000	55855000
428000	56846000
429000	56847000
430000	56852000
431000	56889000
432000	56850000
433000	55880000
434000	56886000
435000	56827000
436000	57911000
437000	57850000
438000	57851000
439000	56853000
440000	57845000
441000	58841000
442000	57911000
443000	58783000
444000	59839000
445000	63809000
446000	58884000
447000	59224000
448000	66821000
449000	68751000
450000	68816000
451000	73865000
452000	72806000
453000	72805000
454000	63789000
455000	59839000
456000	60837000
457000	60817000
458000	60815000
459000	60867000
460000	60842000
461000	59849000
462000	60904000
463000	61834000
464000	61814000
465000	61839000
466000	61837000
467000	61877000
468000	61774000
469000	62766000
470000	62839000
471000	61842000
472000	63804000
473000	62806000
474000	62859000
475000	62811000
476000	68779000
477000	78851000
478000	64785000
479000	64785000
480000	69752000
481000	69834000
482000	70812000
483000	70785000
484000	65762000
485000	73846000
486000	74736000
487000	84752000
488000	78791000
489000	73802000
490000	74861000
491000	73836000
492000	73802000
493000	66821000
494000	65825000
495000	70876000
496000	65852000
497000	66831000
498000	67879000
499000	66862000
500000	67797000
501000	66824000
502000	66827000
503000	66893000
504000	67820000
505000	67798000
506000	67817000
507000	67817000
508000	67817000
509000	67824000
510000	67822000
511000	68888000
512000	68820000
513000	69815000
514000	68815000
515000	69813000
516000	68801000
517000	68798000
518000	68780000
519000	68816000
520000	69818000
521000	69879000
522000	70791000
523000	68843000
524000	70815000
525000	69778000
526000	69854000
527000	70810000
528000	70748000
529000	71807000
530000	71810000
531000	70810000
532000	70748000
533000	71808000
534000	71808000
535000	71849000
536000	72819000
537000	72813000
538000	71809000
539000	72739000
540000	71791000
541000	73812000
542000	72848000
543000	72784000
544000	72805000
545000	72808000
546000	72811000
547000	73808000
548000	73826000
549000	74739000
550000	73782000
551000	73845000
552000	74800000
553000	75796000
554000	75796000
555000	74801000
556000	74799000
557000	74806000
558000	75736000
559000	74804000
560000	75796000
561000	76734000
562000	75799000
563000	76794000
564000	76761000
565000	76796000
566000	75797000
567000	76825000
568000	77790000
569000	76794000
570000	77798000
571000	76825000
572000	85775000
573000	78764000
574000	77790000
575000	77791000
576000	77722000
577000	78821000
578000	78790000
579000	77858000
580000	79793000
581000	78752000
582000	78794000
583000	78795000
584000	78817000
585000	79786000
586000	79855000
587000	78726000
588000	79723000
589000	79764000
590000	79725000
591000	80789000
592000	80815000
593000	80850000
594000	79786000
595000	80782000
596000	82715000
597000	81779000
598000	82779000
599000	82815000
600000	81780000
601000	81782000
602000	82786000
603000	81809000
604000	82779000
605000	81785000
606000	82758000
607000	83763000
608000	82784000
609000	82760000
610000	84772000
611000	82760000
612000	82742000
613000	83712000
614000	83756000
615000	83819000
616000	84774000
617000	85775000
618000	84753000
619000	84780000
620000	84734000
621000	86766000
622000	85814000
623000	84772000
624000	85750000
625000	85811000
626000	85771000
627000	86768000
628000	85769000
629000	85770000
630000	86770000
631000	86768000
632000	86767000
633000	86804000
634000	86766000
635000	86768000
636000	90756000
637000	87770000
638000	88765000
639000	87776000
640000	87730000
641000	87768000
642000	90761000
643000	88787000
644000	88763000
645000	87765000
646000	88830000
647000	88773000
648000	89789000
649000	89699000
650000	90753000
651000	88762000
652000	90757000
653000	90759000
654000	90757000
655000	90787000
656000	89759000
657000	89759000
658000	91755000
659000	91754000
660000	93747000
661000	92752000
662000	91756000
663000	91755000
664000	91718000
665000	91760000
666000	91754000
667000	91755000
668000	91779000
669000	92755000
670000	91762000
671000	92819000
672000	92772000
673000	92758000
674000	92712000
675000	93749000
676000	94745000
677000	92754000
678000	93749000
679000	93708000
680000	94746000
681000	95744000
682000	94727000
683000	94751000
684000	94813000
685000	94749000
686000	94750000
687000	95810000
688000	94686000
689000	95745000
690000	95744000
691000	97738000
692000	97738000
693000	96743000
694000	95681000
695000	96740000
696000	97743000
697000	99800000
698000	96745000
699000	97719000
700000	99759000
701000	96770000
702000	98673000
703000	97740000
704000	97767000
705000	98743000
706000	97738000
707000	98715000
708000	98739000
709000	98736000
710000	98733000
711000	99800000
712000	99801000
713000	98758000
714000	99761000
715000	99729000
716000	100734000
717000	99712000
718000	99697000
719000	105752000
720000	100729000
721000	101727000
722000	101731000
723000	100734000
724000	100712000
725000	101757000
726000	101665000
727000	101754000
728000	101747000
729000	101748000
730000	102733000
731000	103754000
732000	103762000
733000	103758000
734000	102733000
735000	102705000
736000	105691000
737000	102751000
738000	103749000
739000	103723000
740000	102732000
741000	104718000
742000	103722000
743000	103783000
744000	104723000
745000	104746000
746000	104727000
747000	104727000
748000	104746000
749000	104797000
750000	106745000
751000	105742000
752000	105717000
753000	106716000
754000	106714000
755000	106715000
756000	106714000
757000	106716000
758000	107711000
759000	106746000
760000	106717000
761000	107717000
762000	106718000
763000	107709000
764000	108720000
765000	107715000
766000	107778000
767000	108709000
768000	108713000
769000	107751000
770000	107741000
771000	108671000
772000	108735000
773000	109712000
774000	107737000
775000	109709000
776000	111665000
777000	109731000
778000	109644000
779000	109736000
780000	111701000
781000	110702000
782000	111703000
783000	111706000
784000	110708000
785000	110706000
786000	111726000
787000	112727000
788000	111738000
789000	110732000
790000	111703000
791000	112703000
792000	111728000
793000	112699000
794000	112723000
795000	114693000
796000	112703000
797000	112703000
798000	113763000
799000	113698000
800000	113695000
801000	114759000
802000	113700000
803000	116691000
804000	113765000
805000	114698000
806000	113697000
807000	117752000
808000	115692000
809000	114698000
810000	115691000
811000	115692000
812000	116686000
813000	115694000
814000	116731000
815000	116755000
816000	118621000
817000	115691000
818000	115670000
819000	115757000
820000	116693000
821000	116718000
822000	116627000
823000	116688000
824000	117684000
825000	118681000
826000	117685000
827000	117686000
828000	118684000
829000	118681000
830000	120684000
831000	118709000
832000	119685000
833000	120679000
834000	120689000
835000	118750000
836000	119665000
837000	118686000
838000	121680000
839000	119709000
840000	119748000
841000	121739000
842000	124672000
843000	120710000
844000	119659000
845000	129655000
846000	121701000
847000	120684000
848000	121655000
849000	124707000
850000	121675000
851000	122677000
852000	121718000
853000	124642000
854000	121741000
855000	121678000
856000	123672000
857000	123671000
858000	123670000
859000	122672000
860000	123648000
861000	125706000
862000	124626000
863000	124666000
864000	124666000
865000	125667000
866000	124672000
867000	124666000
868000	125663000
869000	125662000
870000	126688000
871000	125693000
872000	125636000
873000	126728000
874000	125638000
875000	125666000
876000	127663000
877000	127620000
878000	128659000
879000	126662000
880000	127658000
881000	129652000
882000	126660000
883000	127656000
884000	126661000
885000	128635000
886000	126661000
887000	127639000
888000	128592000
889000	128594000
890000	128618000
891000	128660000
892000	130633000
893000	129651000
894000	129632000
895000	129683000
896000	131650000
897000	129657000
898000	129718000
899000	131689000
900000	131630000
901000	131647000
902000	130651000
903000	131647000
904000	131647000
905000	131650000
906000	133649000
907000	131610000
908000	131652000
909000	131646000
910000	131653000
911000	132675000
912000	132649000
913000	134644000
914000	133669000
915000	133642000
916000	133642000
917000	132644000
918000	132647000
919000	135637000
920000	132645000
921000	134706000
922000	133647000
923000	134708000
924000	135704000
925000	134707000
926000	136615000
927000	134641000
928000	135636000
929000	135616000
930000	135703000
931000	135641000
932000	135639000
933000	135704000
934000	136662000
935000	135644000
936000	136632000
937000	136572000
938000	136616000
939000	138655000
940000	138628000
941000	137632000
942000	137633000
943000	137633000
944000	138696000
945000	138630000
946000	138609000
947000	138611000
948000	139691000
949000	139656000
950000	138633000
951000	139629000
952000	138628000
953000	141619000
954000	139626000
955000	139608000
956000	140625000
957000	141619000
958000	141622000
959000	140604000
960000	140629000
961000	141628000
962000	140668000
963000	142629000
964000	141596000
965000	142620000
966000	142582000
967000	142618000
968000	142620000
969000	142558000
970000	143615000
971000	142618000
972000	145610000
973000	142668000
974000	143617000
975000	144615000
976000	143644000
977000	144616000
978000	142598000
979000	144576000
980000	142640000
981000	143554000
982000	145609000
983000	144613000
984000	146610000
985000	146586000
986000	145613000
987000	145609000
988000	145547000
989000	147584000
990000	150601000
991000	147605000
992000	146616000
993000	147608000
994000	147584000
995000	147609000
996000	148602000
997000	148572000
998000	147675000
999000	147578000
1000000	147611000
1000	0
2000	996000
3000	0
4000	0
5000	985000
6000	995000
7000	999000
8000	997000
9000	997000
10000	998000
11000	997000
12000	998000
13000	997000
14000	998000
15000	998000
16000	1063000
17000	1058000
18000	1060000
19000	961000
20000	2057000
21000	2049000
22000	1940000
23000	1933000
24000	2936000
25000	1996000
26000	2987000
27000	2055000
28000	3055000
29000	3053000
30000	2933000
31000	3055000
32000	3056000
33000	3054000
34000	3057000
35000	4052000
36000	2949000
37000	4052000
38000	3011000
39000	4034000
40000	4051000
41000	4986000
42000	3987000
43000	3990000
44000	3948000
45000	5049000
46000	5048000
47000	4009000
48000	5010000
49000	5049000
50000	5049000
51000	5050000
52000	5010000
53000	6047000
54000	5982000
55000	4987000
56000	6046000
57000	6045000
58000	6003000
59000	5984000
60000	5942000
61000	7043000
62000	6005000
63000	6045000
64000	6048000
65000	7001000
66000	7043000
67000	7980000
68000	7003000
69000	8042000
70000	7977000
71000	7980000
72000	7994000
73000	8040000
74000	7978000
75000	8041000
76000	7998000
77000	7967000
78000	7980000
79000	7979000
80000	7998000
81000	8997000
82000	8998000
83000	8934000
84000	8976000
85000	10969000
86000	9936000
87000	9984000
88000	10032000
89000	9974000
90000	9938000
91000	9974000
92000	9974000
93000	9972000
94000	9974000
95000	9968000
96000	9972000
97000	11033000
98000	10971000
99000	10949000
100000	10924000
101000	10970000
102000	10975000
103000	10971000
104000	11988000
105000	11902000
106000	10970000
107000	11924000
108000	11925000
109000	11968000
110000	12988000
111000	11905000
112000	12966000
113000	11967000
114000	13025000
115000	12984000
116000	12989000
117000	12967000
118000	13962000
119000	13899000
120000	12990000
121000	12899000
122000	13968000
123000	13962000
124000	13961000
125000	14955000
126000	13954000
127000	14027000
128000	14946000
129000	14982000
130000	14953000
131000	16022000
132000	14965000
133000	14959000
134000	15958000
135000	15978000
136000	15952000
137000	16926000
138000	15894000
139000	15960000
140000	15963000
141000	15892000
142000	16954000
143000	15999000
144000	16892000
145000	17017000
146000	17951000
147000	16953000
148000	16955000
149000	18923000
150000	17950000
151000	16991000
152000	17957000
153000	17953000
154000	16952000
155000	17952000
156000	17890000
157000	18949000
158000	18951000
159000	18955000
160000	18942000
161000	18883000
162000	18984000
163000	19011000
164000	18955000
165000	18949000
166000	19944000
167000	18986000
168000	19924000
169000	19920000
170000	20919000
171000	19947000
172000	20950000
173000	21011000
174000	20955000
175000	20943000
176000	20946000
177000	20940000
178000	21007000
179000	20882000
180000	21941000
181000	22936000
182000	20943000
183000	22005000
184000	21978000
185000	22876000
186000	21941000
187000	21879000
188000	22999000
189000	21941000
190000	23936000
191000	22938000
192000	22938000
193000	23940000
194000	23007000
195000	23906000
196000	23934000
197000	23930000
198000	23916000
199000	24969000
200000	24999000
201000	24908000
202000	23941000
203000	23922000
204000	23978000
205000	24971000
206000	24995000
207000	24913000
208000	25000000
209000	24933000
210000	25993000
211000	25935000
212000	25991000
213000	25936000
214000	25992000
215000	25936000
216000	26905000
217000	25972000
218000	26970000
219000	25972000
220000	26861000
221000	27882000
222000	27924000
223000	26927000
224000	27924000
225000	26928000
226000	27905000
227000	27924000
228000	27923000
229000	27925000
230000	27897000
231000	27926000
232000	28962000
233000	28904000
234000	28952000
235000	28964000
236000	28988000
237000	28988000
238000	28957000
239000	28924000
240000	29881000
241000	29919000
242000	29918000
243000	29919000
244000	29918000
245000	30916000
246000	29947000
247000	30853000
248000	30916000
249000	30896000
250000	30918000
251000	30917000
252000	31955000
253000	31910000
254000	31952000
255000	31901000
256000	31890000
257000	30980000
258000	30913000
259000	31943000
260000	32954000
261000	31914000
262000	32916000
263000	32922000
264000	32919000
265000	32889000
266000	32983000
267000	33927000
268000	32977000
269000	33887000
270000	33915000
271000	33975000
272000	33909000
273000	33889000
274000	33976000
275000	33846000
276000	33905000
277000	34911000
278000	33907000
279000	34911000
280000	35945000
281000	34949000
282000	35868000
283000	35907000
284000	35904000
285000	35970000
286000	35864000
287000	36899000
288000	36883000
289000	35902000
290000	37897000
291000	36901000
292000	36899000
293000	37837000
294000	37878000
295000	36901000
296000	36840000
297000	36902000
298000	37859000
299000	37837000
300000	38894000
301000	38894000
302000	37836000
303000	37859000
304000	38895000
305000	38893000
306000	41889000
307000	38894000
308000	38896000
309000	38902000
310000	38896000
311000	38902000
312000	39875000
313000	39959000
314000	39891000
315000	40890000
316000	43883000
317000	39891000
318000	40931000
319000	40895000
320000	40897000
321000	40892000
322000	40891000
323000	40891000
324000	41889000
325000	41892000
326000	41823000
327000	41892000
328000	45817000
329000	41928000
330000	42885000
331000	41888000
332000	42883000
333000	42884000
334000	42885000
335000	42883000
336000	42867000
337000	43944000
338000	43883000
339000	43882000
340000	42890000
341000	44817000
342000	42886000
343000	43908000
344000	43909000
345000	44818000
346000	43888000
347000	43870000
348000	44860000
349000	44883000
350000	44879000
351000	45856000
352000	44863000
353000	44883000
354000	44879000
355000	45877000
356000	45878000
357000	46875000
358000	45878000
359000	46936000
360000	45875000
361000	46875000
362000	46873000
363000	46875000
364000	47939000
365000	47903000
366000	47809000
367000	46854000
368000	48909000
369000	47808000
370000	47872000
371000	47848000
372000	47905000
373000	47871000
374000	48874000
375000	47937000
376000	48918000
377000	48869000
378000	49866000
379000	48931000
380000	48875000
381000	48868000
382000	49872000
383000	49929000
384000	49801000
385000	49916000
386000	50862000
387000	49865000
388000	50867000
389000	50845000
390000	49865000
391000	50864000
392000	51861000
393000	50865000
394000	51859000
395000	50862000
396000	51860000
397000	51861000
398000	51899000
399000	51862000
400000	51866000
401000	51836000
402000	52926000
403000	53840000
404000	52862000
405000	52865000
406000	52858000
407000	53841000
408000	52925000
409000	52858000
410000	53918000
411000	52857000
412000	54791000
413000	54852000
414000	54858000
415000	53860000
416000	54919000
417000	54903000
418000	54853000
419000	54852000
420000	54860000
421000	55824000
422000	54860000
423000	54859000
424000	54858000
425000	58781000
426000	56851000
427000	56848000
428000	54854000
429000	56846000
430000	57845000
431000	56846000
432000	56914000
433000	56890000
434000	59257000
435000	58847000
436000	58885000
437000	56848000
438000	57913000
439000	57820000
440000	57842000
441000	57847000
442000	58844000
443000	57845000
444000	58776000
445000	58842000
446000	58921000
447000	58823000
448000	58841000
449000	59845000
450000	60775000
451000	59839000
452000	59867000
453000	59848000
454000	59867000
455000	59839000
456000	59819000
457000	59840000
458000	59839000
459000	59870000
460000	61865000
461000	60885000
462000	60837000
463000	60839000
464000	61770000
465000	61834000
466000	61834000
467000	60843000
468000	62810000
469000	62864000
470000	61834000
471000	61866000
472000	63833000
473000	61834000
474000	63830000
475000	62812000
476000	63861000
477000	62899000
478000	62861000
479000	63871000
480000	63828000
481000	62831000
482000	63812000
483000	64824000
484000	63829000
485000	63829000
486000	65829000
487000	64831000
488000	64804000
489000	64827000
490000	64826000
491000	64824000
492000	65824000
493000	64811000
494000	66820000
495000	65821000
496000	66826000
497000	66819000
498000	65829000
499000	65825000
500000	66820000
501000	66864000
502000	66828000
503000	66888000
504000	66850000
505000	67802000
506000	67851000
507000	67828000
508000	67823000
509000	67800000
510000	67816000
511000	68753000
512000	68815000
513000	68821000
514000	69816000
515000	68838000
516000	68845000
517000	68822000
518000	68826000
519000	68845000
520000	69792000
521000	68795000
522000	69817000
523000	69795000
524000	69813000
525000	70811000
526000	70791000
527000	70809000
528000	70809000
529000	70749000
530000	71813000
531000	71784000
532000	71745000
533000	71792000
534000	71770000
535000	71809000
536000	71806000
537000	70822000
538000	72785000
539000	72804000
540000	72811000
541000	72780000
542000	72834000
543000	72810000
544000	73844000
545000	72805000
546000	74867000
547000	73806000
548000	73832000
549000	73782000
550000	75798000
551000	73845000
552000	75795000
553000	74799000
554000	74800000
555000	74799000
556000	74797000
557000	75795000
558000	74802000
559000	75802000
560000	75802000
561000	75837000
562000	75801000
563000	75803000
564000	76771000
565000	77767000
566000	76773000
567000	76793000
568000	77729000
569000	76774000
570000	77790000
571000	76793000
572000	77753000
573000	77791000
574000	77790000
575000	76799000
576000	77792000
577000	77729000
578000	78794000
579000	79792000
580000	78765000
581000	78798000
582000	78772000
583000	78789000
584000	79787000
585000	79786000
586000	78773000
587000	79790000
588000	79790000
589000	78857000
590000	80782000
591000	82778000
592000	80847000
593000	80781000
594000	80782000
595000	80825000
596000	81780000
597000	81818000
598000	80785000
599000	81781000
600000	82779000
601000	81760000
602000	81791000
603000	82780000
604000	82762000
605000	82844000
606000	82806000
607000	83799000
608000	83776000
609000	83774000
610000	83776000
611000	83774000
612000	83774000
613000	83774000
614000	83774000
615000	83775000
616000	84771000
617000	84773000
618000	84804000
619000	84778000
620000	85748000
621000	84737000
622000	85772000
623000	85772000
624000	85770000
625000	85772000
626000	85768000
627000	86834000
628000	85776000
629000	86836000
630000	86749000
631000	85776000
632000	86773000
633000	86767000
634000	86835000
635000	88830000
636000	87830000
637000	86773000
638000	88766000
639000	87765000
640000	87776000
641000	87744000
642000	88763000
643000	88762000
644000	88762000
645000	89760000
646000	88763000
647000	87770000
648000	90755000
649000	89759000
650000	89761000
651000	89759000
652000	89759000
653000	91755000
654000	90757000
655000	89765000
656000	90756000
657000	89801000
658000	90825000
659000	90729000
660000	89758000
661000	92691000
662000	91738000
663000	91734000
664000	91754000
665000	91757000
666000	92752000
667000	91755000
668000	92750000
669000	92735000
670000	92730000
671000	93748000
672000	91753000
673000	93747000
674000	92732000
675000	94807000
676000	93749000
677000	92751000
678000	93748000
679000	93756000
680000	94748000
681000	94744000
682000	94746000
683000	95706000
684000	94786000
685000	95774000
686000	95786000
687000	95680000
688000	96726000
689000	94751000
690000	97806000
691000	95748000
692000	96739000
693000	97738000
694000	95750000
695000	96741000
696000	96746000
697000	97768000
698000	96727000
699000	96746000
700000	96701000
701000	96741000
702000	97805000
703000	97768000
704000	98735000
705000	98734000
706000	97805000
707000	106722000
708000	98800000
709000	98761000
710000	98673000
711000	99796000
712000	104659000
713000	99734000
714000	99736000
715000	100692000
716000	100797000
717000	99715000
718000	100735000
719000	100731000
720000	101758000
721000	102725000
722000	100756000
723000	100730000
724000	100750000
725000	105754000
726000	100731000
727000	103660000
728000	101794000
729000	102730000
730000	103723000
731000	101792000
732000	102724000
733000	103701000
734000	102675000
735000	102728000
736000	103757000
737000	103790000
738000	103727000
739000	105696000
740000	103748000
741000	103751000
742000	103755000
743000	105721000
744000	105717000
745000	104701000
746000	104752000
747000	105744000
748000	105718000
749000	104718000
750000	105717000
751000	106712000
752000	106715000
753000	105715000
754000	106745000
755000	105747000
756000	109739000
757000	106715000
758000	107716000
759000	106740000
760000	106740000
761000	107668000
762000	107712000
763000	107748000
764000	108708000
765000	108709000
766000	107685000
767000	108710000
768000	109707000
769000	108708000
770000	109706000
771000	108708000
772000	110702000
773000	109706000
774000	108709000
775000	109707000
776000	111665000
777000	109705000
778000	110702000
779000	109712000
780000	111702000
781000	112699000
782000	109717000
783000	110775000
784000	110736000
785000	112709000
786000	111727000
787000	111730000
788000	111655000
789000	113694000
790000	111706000
791000	111733000
792000	131678000
793000	111705000
794000	113633000
795000	112709000
796000	113696000
797000	114692000
798000	114698000
799000	112632000
800000	113655000
801000	112703000
802000	114760000
803000	113737000
804000	114679000
805000	116729000
806000	114714000
807000	115696000
808000	115758000
809000	114734000
810000	115721000
811000	115695000
812000	116688000
813000	117684000
814000	116717000
815000	116756000
816000	116692000
817000	115694000
818000	115752000
819000	116669000
820000	119677000
821000	116693000
822000	116690000
823000	118683000
824000	117685000
825000	117747000
826000	119680000
827000	118748000
828000	120746000
829000	117684000
830000	118710000
831000	119685000
832000	119744000
833000	119682000
834000	118689000
835000	118707000
836000	120745000
837000	119722000
838000	120677000
839000	120679000
840000	120675000
841000	120675000
842000	120680000
843000	123736000
844000	121677000
845000	120639000
846000	121678000
847000	126727000
848000	121741000
849000	121740000
850000	122670000
851000	122673000
852000	122671000
853000	122670000
854000	123670000
855000	122710000
856000	124671000
857000	123665000
858000	124668000
859000	122670000
860000	123670000
861000	123696000
862000	123626000
863000	123703000
864000	125704000
865000	123713000
866000	123736000
867000	124671000
868000	126671000
869000	125661000
870000	125664000
871000	124660000
872000	126666000
873000	126726000
874000	125601000
875000	125694000
876000	126661000
877000	126659000
878000	125663000
879000	128657000
880000	128657000
881000	128657000
882000	128657000
883000	127658000
884000	128660000
885000	128655000
886000	129688000
887000	131682000
888000	128661000
889000	128657000
890000	128661000
891000	128723000
892000	128629000
893000	129656000
894000	129657000
895000	129678000
896000	128657000
897000	129653000
898000	129652000
899000	130690000
900000	129634000
901000	132668000
902000	131655000
903000	130650000
904000	130679000
905000	135640000
906000	132623000
907000	132626000
908000	131654000
909000	130654000
910000	132608000
911000	132650000
912000	132609000
913000	131652000
914000	133645000
915000	133646000
916000	132713000
917000	134644000
918000	132621000
919000	132648000
920000	133670000
921000	135643000
922000	133620000
923000	133631000
924000	134641000
925000	134670000
926000	133642000
927000	135637000
928000	135637000
929000	136633000
930000	135638000
931000	134640000
932000	137674000
933000	137631000
934000	136633000
935000	137594000
936000	137658000
937000	141599000
938000	137662000
939000	137698000
940000	136662000
941000	141620000
942000	138696000
943000	137633000
944000	138696000
945000	137606000
946000	138639000
947000	138634000
948000	139692000
949000	138669000
950000	140624000
951000	139626000
952000	139630000
953000	138658000
954000	140655000
955000	140561000
956000	139634000
957000	140649000
958000	139602000
959000	140562000
960000	141621000
961000	143616000
962000	140622000
963000	140629000
964000	142683000
965000	141602000
966000	141651000
967000	141622000
968000	158513000
969000	142619000
970000	144615000
971000	142617000
972000	142617000
973000	142618000
974000	142617000
975000	148584000
976000	143646000
977000	143615000
978000	145612000
979000	147606000
980000	149666000
981000	143658000
982000	145611000
983000	143553000
984000	144612000
985000	146606000
986000	145610000
987000	145610000
988000	146606000
989000	145612000
990000	145610000
991000	146543000
992000	147633000
993000	146608000
994000	145610000
995000	147606000
996000	147580000
997000	146612000
998000	147580000
999000	146606000
1000000	147606000
1000	0
2000	0
3000	997000
4000	0
5000	0
6000	998000
7000	997000
8000	997000
9000	999000
10000	0
11000	998000
12000	998000
13000	997000
14000	997000
15000	986000
16000	996000
17000	997000
18000	997000
19000	1994000
20000	1994000
21000	996000
22000	1994000
23000	1995000
24000	2991000
25000	3032000
26000	2992000
27000	2059000
28000	2056000
29000	3054000
30000	3055000
31000	3053000
32000	4008000
33000	3013000
34000	3052000
35000	3053000
36000	4049000
37000	3011000
38000	3014000
39000	3989000
40000	4050000
41000	3988000
42000	4988000
43000	5047000
44000	4007000
45000	5051000
46000	5051000
47000	4945000
48000	5048000
49000	5004000
50000	5940000
51000	4985000
52000	4985000
53000	6044000
54000	5941000
55000	5944000
56000	5005000
57000	5941000
58000	5992000
59000	6004000
60000	6982000
61000	5982000
62000	7043000
63000	6981000
64000	6979000
65000	7001000
66000	7042000
67000	7002000
68000	7045000
69000	7996000
70000	7979000
71000	8041000
72000	8043000
73000	7041000
74000	7939000
75000	7979000
76000	8976000
77000	8004000
78000	7998000
79000	8016000
80000	7977000
81000	8932000
82000	8976000
83000	8932000
84000	8978000
85000	8935000
86000	8977000
87000	9971000
88000	10037000
89000	9905000
90000	10000000
91000	9912000
92000	9976000
93000	10966000
94000	9974000
95000	9974000
96000	10995000
97000	9908000
98000	11031000
99000	10910000
100000	10970000
101000	10911000
102000	12905000
103000	10970000
104000	11903000
105000	11973000
106000	10973000
107000	11926000
108000	12927000
109000	11909000
110000	11970000
111000	11928000
112000	13919000
113000	11996000
114000	11903000
115000	12902000
116000	12897000
117000	12962000
118000	12965000
119000	13961000
120000	13960000
121000	13942000
122000	13900000
123000	13967000
124000	13903000
125000	14967000
126000	14964000
127000	14896000
128000	14963000
129000	14898000
130000	14986000
131000	14958000
132000	14933000
133000	14960000
134000	15956000
135000	15957000
136000	16020000
137000	15941000
138000	16889000
139000	16988000
140000	15957000
141000	15934000
142000	16893000
143000	16953000
144000	17019000
145000	16890000
146000	15957000
147000	16953000
148000	17954000
149000	17951000
150000	17890000
151000	17953000
152000	17952000
153000	17890000
154000	17950000
155000	17949000
156000	17950000
157000	18926000
158000	17952000
159000	18949000
160000	18950000
161000	18950000
162000	19013000
163000	19949000
164000	18888000
165000	18948000
166000	19949000
167000	19881000
168000	19969000
169000	19884000
170000	19947000
171000	20010000
172000	20946000
173000	19946000
174000	20881000
175000	20945000
176000	20883000
177000	21978000
178000	21965000
179000	20942000
180000	20945000
181000	22938000
182000	21939000
183000	21913000
184000	21944000
185000	21939000
186000	21941000
187000	22977000
188000	22975000
189000	23933000
190000	22939000
191000	22938000
192000	22938000
193000	22914000
194000	24005000
195000	23935000
196000	24001000
197000	23870000
198000	23997000
199000	23916000
200000	24934000
201000	23915000
202000	23999000
203000	24938000
204000	24940000
205000	24930000
206000	24932000
207000	25932000
208000	24990000
209000	24937000
210000	25938000
211000	24963000
212000	25910000
213000	25930000
214000	25931000
215000	26932000
216000	25971000
217000	25935000
218000	26926000
219000	26912000
220000	26927000
221000	26926000
222000	26996000
223000	26927000
224000	26990000
225000	27992000
226000	26996000
227000	27904000
228000	27990000
229000	27987000
230000	27863000
231000	28984000
232000	27949000
233000	29951000
234000	28988000
235000	28905000
236000	28922000
237000	28928000
238000	28988000
239000	29919000
240000	28860000
241000	29853000
242000	29919000
243000	29920000
244000	29919000
245000	29921000
246000	30918000
247000	30924000
248000	30939000
249000	30982000
250000	30915000
251000	31914000
252000	31913000
253000	30853000
254000	31916000
255000	30961000
256000	31980000
257000	31954000
258000	31976000
259000	31978000
260000	31980000
261000	32975000
262000	32982000
263000	33909000
264000	33888000
265000	32979000
266000	33973000
267000	33914000
268000	33939000
269000	33915000
270000	33952000
271000	33909000
272000	33848000
273000	33890000
274000	34907000
275000	34973000
276000	34907000
277000	33981000
278000	34905000
279000	34974000
280000	34972000
281000	34841000
282000	35945000
283000	35902000
284000	35902000
285000	35843000
286000	35903000
287000	35903000
288000	37899000
289000	36899000
290000	36906000
291000	36905000
292000	36967000
293000	35973000
294000	36899000
295000	36899000
296000	36965000
297000	37960000
298000	36840000
299000	37904000
300000	37969000
301000	38904000
302000	38900000
303000	38896000
304000	38895000
305000	38907000
306000	38902000
307000	38962000
308000	38876000
309000	38876000
310000	39935000
311000	40895000
312000	39894000
313000	39937000
314000	39894000
315000	40889000
316000	39893000
317000	39873000
318000	40890000
319000	40957000
320000	40930000
321000	40890000
322000	40955000
323000	40894000
324000	40871000
325000	41826000
326000	41871000
327000	42823000
328000	41917000
329000	41889000
330000	42894000
331000	41891000
332000	43821000
333000	42887000
334000	42888000
335000	42891000
336000	42890000
337000	42928000
338000	43915000
339000	43862000
340000	42893000
341000	44882000
342000	43883000
343000	43864000
344000	44940000
345000	43886000
346000	43952000
347000	44860000
348000	44949000
349000	44882000
350000	44922000
351000	44885000
352000	45857000
353000	44946000
354000	45882000
355000	45887000
356000	45856000
357000	45858000
358000	46873000
359000	46854000
360000	45945000
361000	46878000
362000	46880000
363000	46855000
364000	46937000
365000	46876000
366000	47867000
367000	47934000
368000	47876000
369000	47880000
370000	47870000
371000	47810000
372000	47836000
373000	47883000
374000	47871000
375000	48871000
376000	48848000
377000	49867000
378000	48803000
379000	48896000
380000	49871000
381000	49866000
382000	49933000
383000	49869000
384000	49864000
385000	49797000
386000	49906000
387000	49866000
388000	50865000
389000	50863000
390000	50864000
391000	50894000
392000	50862000
393000	50905000
394000	50929000
395000	51866000
396000	50862000
397000	51859000
398000	52860000
399000	51859000
400000	52859000
401000	52856000
402000	51861000
403000	53855000
404000	52838000
405000	52921000
406000	54852000
407000	52857000
408000	52857000
409000	53924000
410000	53854000
411000	53898000
412000	53896000
413000	53790000
414000	53856000
415000	54851000
416000	54854000
417000	54855000
418000	54857000
419000	54894000
420000	54859000
421000	54860000
422000	55831000
423000	55851000
424000	56821000
425000	55854000
426000	55850000
427000	55851000
428000	56851000
429000	56851000
430000	55850000
431000	56847000
432000	56847000
433000	56846000
434000	56850000
435000	56828000
436000	56849000
437000	56853000
438000	57848000
439000	57840000
440000	57850000
441000	57851000
442000	57835000
443000	58824000
444000	58842000
445000	58780000
446000	57844000
447000	59842000
448000	59839000
449000	59839000
450000	58842000
451000	58823000
452000	60817000
453000	59907000
454000	59844000
455000	60835000
456000	59840000
457000	59841000
458000	60835000
459000	60812000
460000	60906000
461000	63829000
462000	60814000
463000	61835000
464000	60837000
465000	61836000
466000	60869000
467000	61773000
468000	60816000
469000	61904000
470000	61843000
471000	62814000
472000	61816000
473000	62793000
474000	62833000
475000	62863000
476000	62812000
477000	63816000
478000	64831000
479000	63833000
480000	63820000
481000	64828000
482000	63827000
483000	64827000
484000	63896000
485000	64824000
486000	64831000
487000	64834000
488000	64822000
489000	64788000
490000	64868000
491000	65803000
492000	65828000
493000	64829000
494000	65829000
495000	66819000
496000	65805000
497000	66819000
498000	65824000
499000	66866000
500000	66830000
501000	66801000
502000	67818000
503000	67803000
504000	66821000
505000	67861000
506000	67799000
507000	67860000
508000	67886000
509000	67886000
510000	67817000
511000	68798000
512000	67821000
513000	68791000
514000	67859000
515000	69851000
516000	69795000
517000	68816000
518000	69818000
519000	69815000
520000	68821000
521000	69817000
522000	69810000
523000	69816000
524000	69845000
525000	69814000
526000	70844000
527000	75825000
528000	69814000
529000	70812000
530000	70813000
531000	71806000
532000	71847000
533000	71840000
534000	72872000
535000	71772000
536000	72743000
537000	72810000
538000	72871000
539000	73804000
540000	72807000
541000	72741000
542000	72872000
543000	73736000
544000	72803000
545000	73803000
546000	73800000
547000	72765000
548000	73761000
549000	73802000
550000	73767000
551000	74800000
552000	74830000
553000	73782000
554000	74799000
555000	74829000
556000	75800000
557000	74779000
558000	75735000
559000	75802000
560000	75828000
561000	76798000
562000	75796000
563000	76835000
564000	76799000
565000	76798000
566000	76770000
567000	75798000
568000	76824000
569000	77771000
570000	76826000
571000	76793000
572000	76824000
573000	77792000
574000	77765000
575000	77795000
576000	77799000
577000	77792000
578000	78790000
579000	78772000
580000	78856000
581000	78820000
582000	79788000
583000	79787000
584000	80766000
585000	79764000
586000	79818000
587000	79730000
588000	80849000
589000	79786000
590000	79785000
591000	79787000
592000	79775000
593000	79815000
594000	81823000
595000	80746000
596000	80790000
597000	81846000
598000	81780000
599000	81781000
600000	81780000
601000	83774000
602000	81740000
603000	81760000
604000	82783000
605000	82776000
606000	82779000
607000	81781000
608000	82803000
609000	83756000
610000	82808000
611000	83738000
612000	84777000
613000	83754000
614000	84774000
615000	84774000
616000	84776000
617000	84772000
618000	84805000
619000	85774000
620000	85773000
621000	84840000
622000	85777000
623000	85834000
624000	84776000
625000	86774000
626000	84774000
627000	85797000
628000	85727000
629000	86747000
630000	86810000
631000	86748000
632000	86747000
633000	86747000
634000	86773000
635000	86797000
636000	87741000
637000	86766000
638000	87807000
639000	87763000
640000	88769000
641000	87767000
642000	87804000
643000	88762000
644000	88793000
645000	88761000
646000	88767000
647000	89697000
648000	89759000
649000	89827000
650000	89758000
651000	89759000
652000	89740000
653000	89790000
654000	90739000
655000	90793000
656000	89802000
657000	90825000
658000	90760000
659000	90819000
660000	92751000
661000	91754000
662000	92750000
663000	90758000
664000	91761000
665000	91733000
666000	92756000
667000	91754000
668000	92752000
669000	92754000
670000	92752000
671000	92733000
672000	93712000
673000	92766000
674000	93754000
675000	93677000
676000	92792000
677000	95749000
678000	94722000
679000	93728000
680000	93779000
681000	94787000
682000	94749000
683000	95743000
684000	94793000
685000	94751000
686000	94747000
687000	95744000
688000	95681000
689000	95744000
690000	95747000
691000	95774000
692000	95769000
693000	95774000
694000	96746000
695000	96741000
696000	97768000
697000	96746000
698000	98730000
699000	97769000
700000	97743000
701000	97717000
702000	98711000
703000	97784000
704000	97738000
705000	102730000
706000	98738000
707000	98737000
708000	98739000
709000	98743000
710000	98736000
711000	98805000
712000	98765000
713000	100730000
714000	99733000
715000	99734000
716000	99738000
717000	99672000
718000	99733000
719000	99733000
720000	101732000
721000	100712000
722000	100761000
723000	101705000
724000	101704000
725000	101728000
726000	101727000
727000	101710000
728000	102709000
729000	101733000
730000	101751000
731000	102750000
732000	102736000
733000	102663000
734000	103735000
735000	103723000
736000	102725000
737000	102748000
738000	103724000
739000	103724000
740000	103723000
741000	104658000
742000	105746000
743000	104718000
744000	105723000
745000	104790000
746000	104747000
747000	106781000
748000	104720000
749000	104684000
750000	106741000
751000	104759000
752000	106653000
753000	105784000
754000	105721000
755000	106715000
756000	107720000
757000	106716000
758000	109710000
759000	106723000
760000	107715000
761000	107717000
762000	107739000
763000	106708000
764000	107745000
765000	107716000
766000	108708000
767000	107714000
768000	108712000
769000	108713000
770000	109710000
771000	109706000
772000	108708000
773000	108710000
774000	108682000
775000	109704000
776000	109643000
777000	109773000
778000	111726000
779000	111702000
780000	110703000
781000	109707000
782000	109708000
783000	111701000
784000	111706000
785000	110704000
786000	110704000
787000	110746000
788000	112702000
789000	111730000
790000	112674000
791000	112703000
792000	112724000
793000	112723000
794000	112633000
795000	111703000
796000	113719000
797000	114702000
798000	114629000
799000	113694000
800000	114761000
801000	113696000
802000	113697000
803000	113694000
804000	113696000
805000	115691000
806000	115654000
807000	114692000
808000	115696000
809000	115696000
810000	114693000
811000	114691000
812000	115696000
813000	115670000
814000	116690000
815000	116691000
816000	116691000
817000	122701000
818000	117688000
819000	116693000
820000	117691000
821000	121699000
822000	118682000
823000	115758000
824000	119710000
825000	117727000
826000	117728000
827000	117726000
828000	118621000
829000	117685000
830000	122739000
831000	118681000
832000	118682000
833000	118680000
834000	119678000
835000	119740000
836000	119703000
837000	119682000
838000	121740000
839000	120650000
840000	120685000
841000	120703000
842000	119679000
843000	122646000
844000	120717000
845000	121704000
846000	120679000
847000	122701000
848000	120744000
849000	121655000
850000	121741000
851000	122670000
852000	122676000
853000	123734000
854000	123607000
855000	124666000
856000	122672000
857000	123736000
858000	122713000
859000	123607000
860000	124731000
861000	129664000
862000	124666000
863000	125663000
864000	124731000
865000	128590000
866000	124671000
867000	124672000
868000	125694000
869000	126663000
870000	125704000
871000	126663000
872000	125666000
873000	126671000
874000	127598000
875000	127695000
876000	126729000
877000	126658000
878000	126727000
879000	128661000
880000	127633000
881000	126693000
882000	129654000
883000	128656000
884000	127658000
885000	127661000
886000	127636000
887000	127659000
888000	127658000
889000	129589000
890000	128653000
891000	127658000
892000	128653000
893000	128618000
894000	129653000
895000	129697000
896000	131582000
897000	129651000
898000	130649000
899000	130650000
900000	129653000
901000	130636000
902000	130651000
903000	130653000
904000	131647000
905000	131647000
906000	130690000
907000	131629000
908000	131647000
909000	134616000
910000	131628000
911000	132626000
912000	131674000
913000	133642000
914000	132624000
915000	133642000
916000	132671000
917000	134639000
918000	133623000
919000	133618000
920000	134710000
921000	132712000
922000	133708000
923000	135638000
924000	134665000
925000	136665000
926000	134649000
927000	134704000
928000	135661000
929000	134639000
930000	137638000
931000	135613000
932000	136659000
933000	135634000
934000	136633000
935000	137607000
936000	135571000
937000	136636000
938000	138567000
939000	136666000
940000	138627000
941000	137630000
942000	138630000
943000	139626000
944000	137671000
945000	137630000
946000	138627000
947000	138631000
948000	139626000
949000	138617000
950000	139668000
951000	138629000
952000	138606000
953000	140587000
954000	138659000
955000	141626000
956000	139626000
957000	140624000
958000	140690000
959000	141620000
960000	141601000
961000	140699000
962000	141584000
963000	141621000
964000	142599000
965000	141620000
966000	140628000
967000	143682000
968000	141620000
969000	143554000
970000	142618000
971000	143616000
972000	156582000
973000	143616000
974000	143681000
975000	144644000
976000	144655000
977000	144613000
978000	146609000
979000	143614000
980000	144612000
981000	144549000
982000	144595000
983000	145587000
984000	146607000
985000	144592000
986000	145638000
987000	145610000
988000	145590000
989000	145614000
990000	148602000
991000	147544000
992000	145640000
993000	146615000
994000	149539000
995000	147613000
996000	146606000
997000	147609000
998000	148600000
999000	147605000
1000000	148607000
1000	0
2000	999000
3000	0
4000	0
5000	995000
6000	996000
7000	0
8000	0
9000	0
10000	997000
11000	997000
12000	997000
13000	998000
14000	1995000
15000	997000
16000	1991000
17000	1996000
18000	1065000
19000	2000000
20000	1995000
21000	1959000
22000	2049000
23000	2049000
24000	1994000
25000	2058000
26000	1995000
27000	2987000
28000	2055000
29000	2989000
30000	3053000
31000	3053000
32000	3053000
33000	3053000
34000	3054000
35000	4024000
36000	3054000
37000	4019000
38000	4047000
39000	3014000
40000	4923000
41000	4002000
42000	4052000
43000	3948000
44000	3990000
45000	5049000
46000	4945000
47000	5049000
48000	5047000
49000	5049000
50000	5049000
51000	5049000
52000	5008000
53000	6047000
54000	5008000
55000	5022000
56000	6045000
57000	6048000
58000	6011000
59000	6004000
60000	7020000
61000	7042000
62000	6006000
63000	6002000
64000	6002000
65000	6999000
66000	6999000
67000	6981000
68000	7003000
69000	8042000
70000	7002000
71000	7001000
72000	7936000
73000	8004000
74000	7997000
75000	9041000
76000	8043000
77000	8001000
78000	7997000
79000	8994000
80000	8999000
81000	9038000
82000	7977000
83000	9013000
84000	8935000
85000	8994000
86000	10035000
87000	9998000
88000	8975000
89000	10006000
90000	9931000
91000	9936000
92000	10992000
93000	9954000
94000	9972000
95000	9973000
96000	10993000
97000	9971000
98000	10971000
99000	10970000
100000	10971000
101000	10972000
102000	10906000
103000	11018000
104000	11986000
105000	11968000
106000	11987000
107000	12005000
108000	11965000
109000	11903000
110000	13001000
111000	11898000
112000	12961000
113000	12902000
114000	12966000
115000	12969000
116000	12964000
117000	12898000
118000	13895000
119000	13996000
120000	13936000
121000	13935000
122000	13960000
123000	13961000
124000	14938000
125000	13963000
126000	14961000
127000	13961000
128000	14957000
129000	14960000
130000	14936000
131000	15933000
132000	15957000
133000	14940000
134000	14961000
135000	15958000
136000	15956000
137000	15956000
138000	15947000
139000	15956000
140000	16892000
141000	15982000
142000	15958000
143000	15955000
144000	16975000
145000	16932000
146000	16951000
147000	16952000
148000	16954000
149000	16948000
150000	17951000
151000	17953000
152000	17952000
153000	17950000
154000	17955000
155000	17888000
156000	17990000
157000	18987000
158000	18014000
159000	19012000
160000	18950000
161000	18886000
162000	18987000
163000	19884000
164000	18889000
165000	19955000
166000	19882000
167000	19883000
168000	19920000
169000	20919000
170000	19945000
171000	20944000
172000	20946000
173000	19949000
174000	20944000
175000	20918000
176000	20980000
177000	20941000
178000	20883000
179000	20944000
180000	20883000
181000	21917000
182000	21944000
183000	22876000
184000	21879000
185000	21915000
186000	22915000
187000	21939000
188000	22941000
189000	22938000
190000	22864000
191000	22937000
192000	22938000
193000	23933000
194000	22913000
195000	23948000
196000	23941000
197000	23936000
198000	23931000
199000	24931000
200000	24872000
201000	24004000
202000	23980000
203000	23999000
204000	23941000
205000	24002000
206000	24933000
207000	24956000
208000	24932000
209000	25932000
210000	25906000
211000	25932000
212000	25936000
213000	26967000
214000	25933000
215000	26001000
216000	25930000
217000	25992000
218000	32975000
219000	26904000
220000	26972000
221000	26929000
222000	26965000
223000	27936000
224000	27902000
225000	27860000
226000	27904000
227000	27927000
228000	27856000
229000	27992000
230000	27926000
231000	27923000
232000	27968000
233000	28917000
234000	29858000
235000	30918000
236000	28993000
237000	28964000
238000	29899000
239000	29922000
240000	28927000
241000	29859000
242000	29926000
243000	29981000
244000	29899000
245000	29854000
246000	29918000
247000	29918000
248000	31914000
249000	30917000
250000	30913000
251000	31915000
252000	30917000
253000	31915000
254000	30922000
255000	31916000
256000	31929000
257000	31894000
258000	32919000
259000	31915000
260000	32887000
261000	31919000
262000	32907000
263000	32914000
264000	32921000
265000	33847000
266000	32919000
267000	33948000
268000	33912000
269000	33845000
270000	33848000
271000	33935000
272000	32919000
273000	33848000
274000	33976000
275000	33976000
276000	34973000
277000	34924000
278000	34888000
279000	35910000
280000	35908000
281000	35879000
282000	35841000
283000	35913000
284000	35904000
285000	35910000
286000	35903000
287000	36966000
288000	35910000
289000	35904000
290000	35948000
291000	36946000
292000	36937000
293000	36901000
294000	36969000
295000	36901000
296000	37967000
297000	37899000
298000	36901000
299000	37895000
300000	38897000
301000	37942000
302000	37906000
303000	37903000
304000	37909000
305000	38894000
306000	38897000
307000	38856000
308000	38902000
309000	39872000
310000	38894000
311000	39900000
312000	38937000
313000	39893000
314000	39893000
315000	39934000
316000	39925000
317000	40889000
318000	39898000
319000	40866000
320000	40896000
321000	40933000
322000	40895000
323000	40896000
324000	41889000
325000	40890000
326000	41825000
327000	41851000
328000	41867000
329000	41888000
330000	41889000
331000	41930000
332000	42865000
333000	42951000
334000	42886000
335000	42886000
336000	42886000
337000	43928000
338000	42951000
339000	43925000
340000	43949000
341000	43909000
342000	43846000
343000	44875000
344000	44882000
345000	43857000
346000	43887000
347000	44880000
348000	44885000
349000	45906000
350000	44884000
351000	44861000
352000	45862000
353000	44878000
354000	44861000
355000	44855000
356000	45840000
357000	46942000
358000	45877000
359000	45883000
360000	45938000
361000	46874000
362000	46873000
363000	46879000
364000	46882000
365000	46880000
366000	46916000
367000	46905000
368000	48851000
369000	53897000
370000	48933000
371000	48832000
372000	49805000
373000	59840000
374000	50864000
375000	52859000
376000	55809000
377000	56842000
378000	60837000
379000	59839000
380000	58840000
381000	54851000
382000	57845000
383000	51862000
384000	50865000
385000	52863000
386000	50863000
387000	50868000
388000	50862000
389000	49932000
390000	51861000
391000	52857000
392000	51863000
393000	58844000
394000	58858000
395000	58801000
396000	52840000
397000	50894000
398000	52858000
399000	51841000
400000	52796000
401000	51866000
402000	52859000
403000	51866000
404000	53854000
405000	53856000
406000	52857000
407000	52858000
408000	53856000
409000	54921000
410000	53926000
411000	53862000
412000	53859000
413000	54837000
414000	54920000
415000	53885000
416000	54858000
417000	53925000
418000	54886000
419000	54856000
420000	55850000
421000	54854000
422000	54921000
423000	54895000
424000	56914000
425000	54920000
426000	55921000
427000	55849000
428000	55849000
429000	55917000
430000	56849000
431000	56857000
432000	56852000
433000	56827000
434000	61877000
435000	58780000
436000	56916000
437000	57825000
438000	61810000
439000	72808000
440000	70809000
441000	72805000
442000	63830000
443000	58881000
444000	80722000
445000	61897000
446000	66819000
447000	71809000
448000	74800000
449000	73802000
450000	61834000
451000	86707000
452000	61835000
453000	61836000
454000	61833000
455000	67820000
456000	67819000
457000	63892000
458000	60836000
459000	66821000
460000	60843000
461000	69779000
462000	63830000
463000	63891000
464000	66757000
465000	82775000
466000	67817000
467000	65825000
468000	72807000
469000	68815000
470000	67819000
471000	72804000
472000	68815000
473000	71808000
474000	63812000
475000	73740000
476000	72842000
477000	64821000
478000	67780000
479000	73767000
480000	73804000
481000	66821000
482000	63833000
483000	65847000
484000	65763000
485000	69814000
486000	67817000
487000	65867000
488000	65803000
489000	64868000
490000	69815000
491000	77792000
492000	71809000
493000	82739000
494000	78830000
495000	79787000
496000	80753000
497000	80785000
498000	69814000
499000	67881000
500000	68819000
501000	68861000
502000	71806000
503000	68818000
504000	75794000
505000	72805000
506000	186502000
507000	79789000
508000	73801000
509000	74806000
510000	79789000
511000	85772000
512000	94746000
513000	77791000
514000	80783000
515000	71807000
516000	75762000
517000	72873000
518000	80790000
519000	71807000
520000	81781000
521000	78854000
522000	70816000
523000	71808000
524000	70747000
525000	332111000
526000	333110000
527000	1665542000
528000	302191000
529000	181515000
530000	172538000
531000	98736000
532000	95744000
533000	696143000
534000	722049000
535000	93749000
536000	92752000
537000	88761000
538000	89759000
539000	90757000
540000	93750000
541000	92753000
542000	92750000
543000	91754000
544000	90757000
545000	87766000
546000	91755000
547000	89759000
548000	75858000
549000	77792000
550000	74798000
551000	75795000
552000	77857000
553000	74769000
554000	80784000
555000	75798000
556000	75798000
557000	75797000
558000	76795000
559000	77794000
560000	77792000
561000	79725000
562000	76732000
563000	77791000
564000	77793000
565000	76796000
566000	78790000
567000	77792000
568000	75797000
569000	78789000
570000	77793000
571000	78788000
572000	80763000
573000	83778000
574000	110703000
575000	92746000
576000	96742000
577000	117689000
578000	83775000
579000	79854000
580000	80788000
581000	79788000
582000	80784000
583000	78794000
584000	79851000
585000	80788000
586000	80764000
587000	85768000
588000	85783000
589000	87829000
590000	94807000
591000	88764000
592000	104722000
593000	91816000
594000	86819000
595000	89696000
596000	85768000
597000	85771000
598000	84779000
599000	131584000
600000	83840000
601000	107670000
602000	81847000
603000	87740000
604000	83843000
605000	91759000
606000	83786000
607000	85837000
608000	84838000
609000	108647000
610000	88804000
611000	109641000
612000	101727000
613000	91756000
614000	89821000
615000	86707000
616000	85772000
617000	84774000
618000	84749000
619000	107647000
620000	108706000
621000	170545000
622000	121674000
623000	113698000
624000	111702000
625000	121671000
626000	89797000
627000	113650000
628000	100714000
629000	89696000
630000	105779000
631000	87766000
632000	97799000
633000	118682000
634000	101727000
635000	101727000
636000	90759000
637000	89760000
638000	104659000
639000	116748000
640000	95683000
641000	101692000
642000	91754000
643000	98674000
644000	96802000
645000	95745000
646000	109646000
647000	107711000
648000	112698000
649000	94746000
650000	89827000
651000	89761000
652000	91754000
653000	89765000
654000	90757000
655000	91692000
656000	90697000
657000	100736000
658000	90758000
659000	90756000
660000	92752000
661000	91761000
662000	92750000
663000	93752000
664000	91756000
665000	92751000
666000	91815000
667000	92781000
668000	92756000
669000	92758000
670000	92731000
671000	92752000
672000	91733000
673000	93825000
674000	93732000
675000	96717000
676000	96724000
677000	94752000
678000	93730000
679000	94769000
680000	93689000
681000	95680000
682000	95752000
683000	94745000
684000	93750000
685000	94751000
686000	96746000
687000	94750000
688000	94813000
689000	95722000
690000	95742000
691000	97740000
692000	95744000
693000	96703000
694000	96785000
695000	96743000
696000	98735000
697000	96740000
698000	95743000
699000	97750000
700000	97739000
701000	97895000
702000	97770000
703000	99705000
704000	98736000
705000	98741000
706000	99738000
707000	98765000
708000	99767000
709000	97739000
710000	99734000
711000	99669000
712000	99732000
713000	99756000
714000	99801000
715000	101710000
716000	100741000
717000	99713000
718000	100708000
719000	101770000
720000	100693000
721000	101766000
722000	101727000
723000	100791000
724000	100728000
725000	101729000
726000	103764000
727000	101733000
728000	102723000
729000	102725000
730000	101730000
731000	104782000
732000	102724000
733000	102720000
734000	103726000
735000	104721000
736000	102724000
737000	102757000
738000	102754000
739000	103697000
740000	107711000
741000	104726000
742000	103721000
743000	103748000
744000	104719000
745000	105717000
746000	105715000
747000	105777000
748000	105681000
749000	106712000
750000	105722000
751000	106712000
752000	105719000
753000	105715000
754000	107715000
755000	105715000
756000	106713000
757000	105742000
758000	107710000
759000	106714000
760000	106712000
761000	106777000
762000	106712000
763000	108738000
764000	108738000
765000	108689000
766000	108692000
767000	108771000
768000	108708000
769000	108709000
770000	109730000
771000	108742000
772000	110765000
773000	109735000
774000	108683000
775000	108777000
776000	108672000
777000	110765000
778000	109704000
779000	109771000
780000	109707000
781000	111700000
782000	113695000
783000	112697000
784000	111701000
785000	111705000
786000	110769000
787000	111705000
788000	111706000
789000	111729000
790000	113729000
791000	112707000
792000	112700000
793000	113693000
794000	113695000
795000	113673000
796000	129653000
797000	114760000
798000	113726000
799000	115674000
800000	112728000
801000	113723000
802000	112703000
803000	114724000
804000	113678000
805000	114663000
806000	114722000
807000	115671000
808000	114697000
809000	114630000
810000	113722000
811000	114758000
812000	115696000
813000	116717000
814000	116713000
815000	115717000
816000	116717000
817000	115696000
818000	116738000
819000	116687000
820000	118681000
821000	117684000
822000	116689000
823000	118682000
824000	120677000
825000	119678000
826000	116690000
827000	117713000
828000	117685000
829000	118662000
830000	118710000
831000	118684000
832000	119720000
833000	118621000
834000	118682000
835000	120675000
836000	119644000
837000	119685000
838000	119679000
839000	119685000
840000	120675000
841000	121681000
842000	120677000
843000	120675000
844000	121677000
845000	122633000
846000	121672000
847000	121677000
848000	120684000
849000	122671000
850000	122715000
851000	121672000
852000	122654000
853000	122700000
854000	122673000
855000	121675000
856000	123669000
857000	123669000
858000	123630000
859000	123669000
860000	129652000
861000	124669000
862000	124667000
863000	124670000
864000	126661000
865000	125663000
866000	124668000
867000	125664000
868000	125663000
869000	125643000
870000	124603000
871000	125692000
872000	125706000
873000	127694000
874000	127702000
875000	125602000
876000	125727000
877000	126670000
878000	125671000
879000	128656000
880000	127634000
881000	127659000
882000	127725000
883000	126662000
884000	127658000
885000	127658000
886000	127657000
887000	127658000
888000	128657000
889000	128655000
890000	129658000
891000	129682000
892000	129634000
893000	128662000
894000	129680000
895000	130678000
896000	129691000
897000	128681000
898000	128723000
899000	128721000
900000	130711000
901000	156577000
902000	138691000
903000	138630000
904000	159574000
905000	149620000
906000	135638000
907000	158572000
908000	146673000
909000	138696000
910000	132649000
911000	150634000
912000	133708000
913000	131646000
914000	135612000
915000	133672000
916000	132643000
917000	133647000
918000	133666000
919000	133643000
920000	134648000
921000	134647000
922000	134644000
923000	133642000
924000	134645000
925000	133649000
926000	135574000
927000	134616000
928000	134645000
929000	136638000
930000	135663000
931000	135641000
932000	135640000
933000	135702000
934000	136622000
935000	136634000
936000	137636000
937000	135666000
938000	136632000
939000	137635000
940000	136634000
941000	140603000
942000	137636000
943000	137632000
944000	137635000
945000	138657000
946000	138565000
947000	140561000
948000	138659000
949000	139626000
950000	138630000
951000	138629000
952000	139606000
953000	139589000
954000	143555000
955000	140624000
956000	139628000
957000	139627000
958000	140625000
959000	140584000
960000	139626000
961000	142623000
962000	140628000
963000	140623000
964000	140625000
965000	141626000
966000	141691000
967000	143626000
968000	144617000
969000	141603000
970000	141650000
971000	142619000
972000	142580000
973000	144612000
974000	143619000
975000	144596000
976000	142618000
977000	143591000
978000	144642000
979000	144643000
980000	147667000
981000	144616000
982000	144616000
983000	144616000
984000	145589000
985000	147610000
986000	144620000
987000	147579000
988000	145652000
989000	144611000
990000	145610000
991000	146607000
992000	147607000
993000	146611000
994000	147611000
995000	146614000
996000	146589000
997000	146605000
998000	146572000
999000	147634000
1000000	147579000
