1000	0
2000	0
3000	0
4000	0
5000	999000
6000	994000
7000	997000
8000	998000
9000	996000
10000	0
11000	995000
12000	997000
13000	998000
14000	1001000
15000	1000000
16000	1000000
17000	997000
18000	1995000
19000	1997000
20000	2055000
21000	2014000
22000	1997000
23000	1996000
24000	1996000
25000	2991000
26000	2994000
27000	1996000
28000	2994000
29000	3054000
30000	2995000
31000	2992000
32000	2997000
33000	3989000
34000	4986000
35000	4987000
36000	2991000
37000	3987000
38000	4986000
39000	4990000
40000	5981000
41000	3991000
42000	3988000
43000	4991000
44000	4987000
45000	4989000
46000	5983000
47000	4987000
48000	5055000
49000	4006000
50000	5012000
51000	5048000
52000	6048000
53000	5006000
54000	6045000
55000	6004000
56000	6006000
57000	5984000
58000	5982000
59000	7977000
60000	6941000
61000	7979000
62000	7935000
63000	7047000
64000	7047000
65000	6000000
66000	7002000
67000	7042000
68000	6980000
69000	7043000
70000	7002000
71000	7042000
72000	8039000
73000	6921000
74000	7979000
75000	7997000
76000	9040000
77000	7996000
78000	7999000
79000	8042000
80000	8988000
81000	9037000
82000	7935000
83000	8997000
84000	8970000
85000	8976000
86000	8974000
87000	10972000
88000	9968000
89000	9932000
90000	8981000
91000	9993000
92000	9040000
93000	9973000
94000	9982000
95000	9932000
96000	10971000
97000	13963000
98000	12926000
99000	13942000
100000	13963000
101000	12964000
102000	12966000
103000	12962000
104000	11969000
105000	15957000
106000	11968000
107000	11968000
108000	11970000
109000	13962000
110000	14959000
111000	14960000
112000	12965000
113000	11968000
114000	12030000
115000	11951000
116000	12962000
117000	12985000
118000	12956000
119000	12965000
120000	12970000
121000	12965000
122000	12965000
123000	12965000
124000	14024000
125000	13959000
126000	13960000
127000	13969000
128000	13959000
129000	14931000
130000	13946000
131000	14960000
132000	14960000
133000	13958000
134000	13962000
135000	14960000
136000	14933000
137000	15025000
138000	14999000
139000	14969000
140000	16018000
141000	15958000
142000	15957000
143000	15957000
144000	15930000
145000	15958000
146000	16951000
147000	16951000
148000	17015000
149000	16955000
150000	17928000
151000	16948000
152000	16893000
153000	16887000
154000	16992000
155000	17889000
156000	20946000
157000	20982000
158000	20981000
159000	20988000
160000	19989000
161000	19904000
162000	21935000
163000	22937000
164000	21941000
165000	21940000
166000	18986000
167000	21942000
168000	23895000
169000	19967000
170000	18884000
171000	18951000
172000	20013000
173000	18949000
174000	19943000
175000	20010000
176000	19884000
177000	20009000
178000	19951000
179000	20007000
180000	19884000
181000	19947000
182000	20939000
183000	19937000
184000	20945000
185000	19908000
186000	20881000
187000	21008000
188000	20946000
189000	21949000
190000	21876000
191000	21940000
192000	21942000
193000	22002000
194000	21879000
195000	21941000
196000	22943000
197000	21977000
198000	21943000
199000	22939000
200000	21940000
201000	21941000
202000	22937000
203000	22939000
204000	22939000
205000	23911000
206000	23936000
207000	23924000
208000	23937000
209000	23957000
210000	23872000
211000	23939000
212000	23941000
213000	23942000
214000	24996000
215000	24935000
216000	24971000
217000	24994000
218000	23979000
219000	24933000
220000	24941000
221000	24937000
222000	24934000
223000	25931000
224000	25931000
225000	25001000
226000	25906000
227000	25870000
228000	25969000
229000	25993000
230000	25960000
231000	26904000
232000	25941000
233000	26990000
234000	26929000
235000	26929000
236000	26928000
237000	26988000
238000	26932000
239000	27900000
240000	27926000
241000	27925000
242000	26991000
243000	27926000
244000	27925000
245000	27926000
246000	28861000
247000	27924000
248000	27864000
249000	28965000
250000	28909000
251000	28905000
252000	28985000
253000	28988000
254000	28922000
255000	29899000
256000	28923000
257000	29920000
258000	28923000
259000	29855000
260000	29903000
261000	29982000
262000	29990000
263000	29920000
264000	30918000
265000	30916000
266000	29942000
267000	30924000
268000	31854000
269000	31915000
270000	30980000
271000	30917000
272000	31914000
273000	31922000
274000	31915000
275000	31892000
276000	32916000
277000	31980000
278000	32891000
279000	31913000
280000	32911000
281000	32918000
282000	33920000
283000	33910000
284000	32910000
285000	32911000
286000	33909000
287000	32911000
288000	33910000
289000	33947000
290000	34909000
291000	33910000
292000	33911000
293000	33917000
294000	34911000
295000	34908000
296000	34911000
297000	34909000
298000	34911000
299000	33951000
300000	34914000
301000	34916000
302000	35883000
303000	35901000
304000	35946000
305000	35903000
306000	35902000
307000	35906000
308000	36944000
309000	35906000
310000	36883000
311000	36942000
312000	36901000
313000	36883000
314000	36944000
315000	36967000
316000	37879000
317000	36911000
318000	36942000
319000	36931000
320000	37903000
321000	37899000
322000	37901000
323000	37909000
324000	36907000
325000	38869000
326000	37897000
327000	37838000
328000	37906000
329000	37903000
330000	37943000
331000	38902000
332000	38871000
333000	38834000
334000	38898000
335000	38900000
336000	38921000
337000	38939000
338000	38928000
339000	39954000
340000	39894000
341000	39896000
342000	39893000
343000	40928000
344000	39899000
345000	40933000
346000	40897000
347000	40956000
348000	41826000
349000	41931000
350000	40898000
351000	41887000
352000	41918000
353000	40890000
354000	41931000
355000	43887000
356000	41889000
357000	41851000
358000	41892000
359000	42894000
360000	42892000
361000	42892000
362000	43882000
363000	43857000
364000	42823000
365000	42865000
366000	43881000
367000	43884000
368000	43880000
369000	44908000
370000	43909000
371000	43887000
372000	43861000
373000	43948000
374000	43882000
375000	44856000
376000	43862000
377000	44861000
378000	44947000
379000	44880000
380000	44906000
381000	45908000
382000	44993000
383000	44881000
384000	45875000
385000	45876000
386000	45857000
387000	45885000
388000	45876000
389000	45910000
390000	45906000
391000	44883000
392000	45888000
393000	45880000
394000	47850000
395000	45886000
396000	46859000
397000	46938000
398000	46874000
399000	46879000
400000	46904000
401000	46895000
402000	47914000
403000	47872000
404000	47877000
405000	48845000
406000	47876000
407000	47933000
408000	47873000
409000	48932000
410000	48868000
411000	48869000
412000	48869000
413000	48869000
414000	48894000
415000	48932000
416000	48871000
417000	49893000
418000	49892000
419000	49929000
420000	49906000
421000	49866000
422000	49866000
423000	49847000
424000	49805000
425000	49852000
426000	49865000
427000	49871000
428000	49865000
429000	50862000
430000	50865000
431000	50840000
432000	50827000
433000	50864000
434000	51861000
435000	50888000
436000	51800000
437000	51923000
438000	51861000
439000	51861000
440000	51860000
441000	51800000
442000	51862000
443000	52858000
444000	52888000
445000	51861000
446000	52858000
447000	52859000
448000	52857000
449000	52859000
450000	53857000
451000	53833000
452000	53795000
453000	53855000
454000	53854000
455000	52865000
456000	54918000
457000	53856000
458000	53855000
459000	53857000
460000	54853000
461000	54855000
462000	54852000
463000	54852000
464000	55851000
465000	53863000
466000	54827000
467000	54847000
468000	55874000
469000	55849000
470000	56846000
471000	55856000
472000	55912000
473000	55851000
474000	56878000
475000	56910000
476000	56848000
477000	56830000
478000	57866000
479000	57817000
480000	56853000
481000	56855000
482000	56853000
483000	56848000
484000	56914000
485000	57876000
486000	57849000
487000	56848000
488000	57845000
489000	57850000
490000	57846000
491000	58872000
492000	58842000
493000	57882000
494000	58842000
495000	59839000
496000	58815000
497000	57850000
498000	58817000
499000	58844000
500000	59867000
501000	59862000
502000	59818000
503000	58839000
504000	59815000
505000	59901000
506000	59910000
507000	59840000
508000	59840000
509000	59838000
510000	59842000
511000	60865000
512000	59840000
513000	60834000
514000	60837000
515000	59918000
516000	60861000
517000	60837000
518000	60837000
519000	61840000
520000	60837000
521000	60835000
522000	61834000
523000	62769000
524000	61809000
525000	61810000
526000	62832000
527000	62862000
528000	62857000
529000	61833000
530000	62807000
531000	62830000
532000	62770000
533000	62831000
534000	62856000
535000	63890000
536000	63831000
537000	64826000
538000	64763000
539000	63830000
540000	63854000
541000	64826000
542000	64804000
543000	63854000
544000	64890000
545000	64827000
546000	64888000
547000	65824000
548000	65825000
549000	64851000
550000	65798000
551000	65824000
552000	66827000
553000	65824000
554000	66822000
555000	65831000
556000	65802000
557000	66821000
558000	66854000
559000	66796000
560000	66821000
561000	67815000
562000	67820000
563000	67821000
564000	67879000
565000	67817000
566000	67814000
567000	67878000
568000	68821000
569000	67820000
570000	69815000
571000	67817000
572000	67819000
573000	68818000
574000	68816000
575000	68816000
576000	68789000
577000	68815000
578000	69812000
579000	70811000
580000	68818000
581000	68811000
582000	69813000
583000	69812000
584000	69876000
585000	68821000
586000	69813000
587000	69816000
588000	70810000
589000	70816000
590000	69838000
591000	71870000
592000	69849000
593000	71832000
594000	71853000
595000	70744000
596000	71809000
597000	71834000
598000	71833000
599000	70770000
600000	72805000
601000	71810000
602000	72807000
603000	73863000
604000	71807000
605000	71807000
606000	72830000
607000	72779000
608000	72782000
609000	73806000
610000	73803000
611000	73825000
612000	73802000
613000	73801000
614000	73804000
615000	74798000
616000	74799000
617000	74801000
618000	74803000
619000	75822000
620000	73824000
621000	74763000
622000	74771000
623000	74777000
624000	75733000
625000	74800000
626000	75797000
627000	75798000
628000	74803000
629000	75798000
630000	75858000
631000	75800000
632000	75767000
633000	75797000
634000	75767000
635000	75823000
636000	75858000
637000	76793000
638000	75776000
639000	77792000
640000	76734000
641000	76797000
642000	75859000
643000	76771000
644000	76795000
645000	76832000
646000	77792000
647000	76770000
648000	79750000
649000	76733000
650000	79764000
651000	77781000
652000	78790000
653000	77790000
654000	77789000
655000	78788000
656000	78791000
657000	78752000
658000	78792000
659000	78789000
660000	78757000
661000	78816000
662000	79788000
663000	78790000
664000	78790000
665000	79847000
666000	80784000
667000	80786000
668000	79758000
669000	79787000
670000	79787000
671000	79788000
672000	80785000
673000	80783000
674000	80786000
675000	81777000
676000	80785000
677000	80819000
678000	81817000
679000	80788000
680000	81780000
681000	81781000
682000	81803000
683000	82783000
684000	81776000
685000	81756000
686000	81816000
687000	82809000
688000	82780000
689000	83775000
690000	82780000
691000	83774000
692000	83751000
693000	82781000
694000	85749000
695000	83841000
696000	83801000
697000	84779000
698000	83840000
699000	83776000
700000	83773000
701000	83810000
702000	84735000
703000	84809000
704000	84772000
705000	85770000
706000	84772000
707000	86769000
708000	86766000
709000	85771000
710000	86769000
711000	85771000
712000	85769000
713000	86768000
714000	86767000
715000	86768000
716000	86771000
717000	89785000
718000	86786000
719000	86832000
720000	85711000
721000	88701000
722000	87831000
723000	86768000
724000	86769000
725000	87741000
726000	87764000
727000	87765000
728000	88764000
729000	88761000
730000	87740000
731000	87741000
732000	88800000
733000	87765000
734000	87766000
735000	88761000
736000	88781000
737000	87764000
738000	88761000
739000	89760000
740000	88761000
741000	89735000
742000	89759000
743000	89760000
744000	89759000
745000	88762000
746000	89738000
747000	89760000
748000	90758000
749000	90758000
750000	90759000
751000	90758000
752000	89758000
753000	90820000
754000	91719000
755000	89761000
756000	91755000
757000	91753000
758000	91758000
759000	91693000
760000	91756000
761000	92752000
762000	91779000
763000	91754000
764000	92690000
765000	92753000
766000	90793000
767000	92685000
768000	92818000
769000	91781000
770000	92817000
771000	92753000
772000	93724000
773000	93723000
774000	93750000
775000	92788000
776000	93751000
777000	92753000
778000	92751000
779000	92755000
780000	93689000
781000	92727000
782000	93749000
783000	94746000
784000	93748000
785000	93753000
786000	94747000
787000	93809000
788000	94747000
789000	94742000
790000	94771000
791000	94747000
792000	95744000
793000	96741000
794000	95743000
795000	94747000
796000	95744000
797000	96741000
798000	95722000
799000	95766000
800000	96766000
801000	95745000
802000	96706000
803000	95744000
804000	96743000
805000	96742000
806000	96742000
807000	97737000
808000	97741000
809000	96741000
810000	97717000
811000	97744000
812000	98735000
813000	98736000
814000	98736000
815000	97740000
816000	98761000
817000	98737000
818000	99734000
819000	98736000
820000	98761000
821000	99759000
822000	98673000
823000	100755000
824000	99731000
825000	99732000
826000	99735000
827000	99734000
828000	99755000
829000	101728000
830000	99671000
831000	99758000
832000	101692000
833000	100730000
834000	100750000
835000	100733000
836000	100668000
837000	102700000
838000	100731000
839000	101704000
840000	100793000
841000	100725000
842000	101789000
843000	100755000
844000	101726000
845000	101753000
846000	102721000
847000	102747000
848000	102761000
849000	103721000
850000	102751000
851000	103748000
852000	102727000
853000	102729000
854000	103725000
855000	103753000
856000	103723000
857000	101788000
858000	104718000
859000	104719000
860000	103724000
861000	104721000
862000	104719000
863000	105719000
864000	104722000
865000	104719000
866000	104783000
867000	104746000
868000	105780000
869000	104747000
870000	105718000
871000	105718000
872000	105717000
873000	106716000
874000	105720000
875000	105713000
876000	105756000
877000	105743000
878000	106716000
879000	105715000
880000	105717000
881000	106682000
882000	105779000
883000	106648000
884000	106715000
885000	107655000
886000	107713000
887000	106750000
888000	106715000
889000	107738000
890000	107712000
891000	107710000
892000	108716000
893000	108708000
894000	108745000
895000	107712000
896000	108709000
897000	109744000
898000	108711000
899000	107713000
900000	108703000
901000	108706000
902000	109770000
903000	108710000
904000	108739000
905000	108706000
906000	110728000
907000	108771000
908000	110667000
909000	109641000
910000	108709000
911000	108708000
912000	109667000
913000	109703000
914000	109712000
915000	109646000
916000	110703000
917000	110704000
918000	109706000
919000	110703000
920000	110703000
921000	110741000
922000	111727000
923000	110702000
924000	111701000
925000	111700000
926000	110705000
927000	110729000
928000	115626000
929000	111698000
930000	112702000
931000	111630000
932000	113672000
933000	112662000
934000	111727000
935000	112739000
936000	113633000
937000	113732000
938000	114694000
939000	113693000
940000	112700000
941000	114668000
942000	113691000
943000	113691000
944000	113695000
945000	114693000
946000	113694000
947000	115690000
948000	114622000
949000	114715000
950000	114693000
951000	115690000
952000	114692000
953000	116048000
954000	114668000
955000	114694000
956000	114694000
957000	115693000
958000	115693000
959000	115712000
960000	116690000
961000	116689000
962000	116689000
963000	117686000
964000	115691000
965000	116688000
966000	117728000
967000	116690000
968000	117644000
969000	117749000
970000	118683000
971000	116680000
972000	118704000
973000	117684000
974000	118720000
975000	117686000
976000	119681000
977000	118682000
978000	118685000
979000	118682000
980000	118683000
981000	117687000
982000	119643000
983000	118684000
984000	119679000
985000	118683000
986000	120678000
987000	118682000
988000	119679000
989000	119679000
990000	118684000
991000	119679000
992000	119679000
993000	120698000
994000	121700000
995000	119680000
996000	119680000
997000	119676000
998000	120672000
999000	120714000
1000000	119656000
1000	0
2000	0
3000	0
4000	996000
5000	0
6000	0
7000	957000
8000	998000
9000	997000
10000	997000
11000	997000
12000	998000
13000	999000
14000	996000
15000	1994000
16000	1995000
17000	1995000
18000	1998000
19000	1995000
20000	1995000
21000	1995000
22000	2991000
23000	1995000
24000	1996000
25000	3046000
26000	2011000
27000	3054000
28000	2012000
29000	3054000
30000	3051000
31000	2992000
32000	3988000
33000	2932000
34000	3993000
35000	3053000
36000	3984000
37000	4051000
38000	4020000
39000	4050000
40000	4055000
41000	4052000
42000	4052000
43000	4006000
44000	5048000
45000	5046000
46000	5006000
47000	5029000
48000	5048000
49000	5049000
50000	6044000
51000	4946000
52000	5984000
53000	6044000
54000	6046000
55000	6044000
56000	6047000
57000	5985000
58000	5985000
59000	6985000
60000	6043000
61000	7013000
62000	5988000
63000	6016000
64000	7001000
65000	6019000
66000	7010000
67000	7042000
68000	7009000
69000	7993000
70000	7936000
71000	8009000
72000	7999000
73000	8039000
74000	7995000
75000	8038000
76000	8003000
77000	7978000
78000	7914000
79000	8997000
80000	8996000
81000	7979000
82000	8993000
83000	9000000
84000	8934000
85000	8930000
86000	8979000
87000	9971000
88000	8976000
89000	9912000
90000	9975000
91000	9973000
92000	9907000
93000	10970000
94000	11034000
95000	9977000
96000	9974000
97000	10991000
98000	9973000
99000	10912000
100000	11030000
101000	10991000
102000	10991000
103000	11969000
104000	11974000
105000	12000000
106000	13001000
107000	12958000
108000	11966000
109000	11969000
110000	12973000
111000	11901000
112000	12909000
113000	11963000
114000	12933000
115000	12990000
116000	13023000
117000	12905000
118000	13923000
119000	13983000
120000	13967000
121000	13964000
122000	14025000
123000	14995000
124000	13900000
125000	14024000
126000	13963000
127000	13946000
128000	13993000
129000	14968000
130000	14898000
131000	14957000
132000	14962000
133000	15958000
134000	14978000
135000	14960000
136000	15900000
137000	15958000
138000	15963000
139000	15976000
140000	16924000
141000	16894000
142000	16891000
143000	16986000
144000	15962000
145000	16954000
146000	16990000
147000	17923000
148000	16919000
149000	16951000
150000	17951000
151000	16960000
152000	16958000
153000	17888000
154000	17892000
155000	17953000
156000	16955000
157000	17972000
158000	18888000
159000	17987000
160000	17952000
161000	17897000
162000	17988000
163000	18948000
164000	18949000
165000	18913000
166000	18948000
167000	19949000
168000	19983000
169000	19907000
170000	18947000
171000	19947000
172000	18946000
173000	19946000
174000	19947000
175000	19947000
176000	19946000
177000	20945000
178000	20979000
179000	20947000
180000	20947000
181000	20914000
182000	20913000
183000	21879000
184000	21878000
185000	21882000
186000	21879000
187000	20943000
188000	20967000
189000	21979000
190000	21944000
191000	22873000
192000	21941000
193000	22004000
194000	22006000
195000	22948000
196000	21973000
197000	22970000
198000	21940000
199000	22006000
200000	22939000
201000	23935000
202000	22939000
203000	22939000
204000	23934000
205000	23907000
206000	23937000
207000	23937000
208000	23934000
209000	24874000
210000	23935000
211000	23934000
212000	24933000
213000	23936000
214000	24930000
215000	25004000
216000	24910000
217000	24997000
218000	25003000
219000	24935000
220000	24928000
221000	24933000
222000	25929000
223000	24933000
224000	25929000
225000	25931000
226000	25937000
227000	25907000
228000	25928000
229000	26969000
230000	25909000
231000	26933000
232000	26903000
233000	26865000
234000	26993000
235000	27927000
236000	29927000
237000	26866000
238000	26928000
239000	27866000
240000	27925000
241000	27965000
242000	27931000
243000	27995000
244000	27925000
245000	28861000
246000	28929000
247000	28992000
248000	28923000
249000	27928000
250000	28983000
251000	28927000
252000	29926000
253000	28861000
254000	28902000
255000	29987000
256000	28966000
257000	29920000
258000	28927000
259000	29921000
260000	29922000
261000	29895000
262000	30918000
263000	29920000
264000	30853000
265000	29929000
266000	30953000
267000	29984000
268000	30922000
269000	30943000
270000	31873000
271000	31977000
272000	30942000
273000	30923000
274000	31854000
275000	31919000
276000	31950000
277000	31914000
278000	31986000
279000	32941000
280000	32915000
281000	31919000
282000	32874000
283000	33868000
284000	32980000
285000	32917000
286000	32918000
287000	33951000
288000	33909000
289000	32983000
290000	32891000
291000	33949000
292000	36877000
293000	33913000
294000	34890000
295000	34914000
296000	34907000
297000	34907000
298000	35904000
299000	34944000
300000	35899000
301000	34972000
302000	35887000
303000	36922000
304000	35884000
305000	35937000
306000	35936000
307000	35928000
308000	36907000
309000	35905000
310000	35909000
311000	36876000
312000	36964000
313000	36964000
314000	37963000
315000	37007000
316000	36901000
317000	37897000
318000	36903000
319000	36901000
320000	38837000
321000	38883000
322000	37904000
323000	37880000
324000	37968000
325000	37899000
326000	38894000
327000	38896000
328000	37940000
329000	38959000
330000	38871000
331000	38904000
332000	38934000
333000	38859000
334000	38895000
335000	38901000
336000	38939000
337000	39959000
338000	40903000
339000	40831000
340000	40934000
341000	40886000
342000	40927000
343000	39894000
344000	40865000
345000	40933000
346000	40871000
347000	39897000
348000	40853000
349000	41887000
350000	40892000
351000	40962000
352000	40892000
353000	42889000
354000	41888000
355000	41871000
356000	41873000
357000	41893000
358000	41894000
359000	42928000
360000	42892000
361000	42956000
362000	42890000
363000	42952000
364000	42857000
365000	43883000
366000	42905000
367000	42888000
368000	43888000
369000	42926000
370000	43927000
371000	43837000
372000	43924000
373000	43879000
374000	44885000
375000	44878000
376000	43883000
377000	44882000
378000	44816000
379000	43887000
380000	44862000
381000	45903000
382000	44944000
383000	44948000
384000	44885000
385000	45903000
386000	45904000
387000	45916000
388000	45859000
389000	45875000
390000	45877000
391000	44884000
392000	45882000
393000	45836000
394000	46875000
395000	45875000
396000	46917000
397000	46874000
398000	46856000
399000	46875000
400000	47913000
401000	46915000
402000	46944000
403000	47828000
404000	48870000
405000	47873000
406000	48844000
407000	48923000
408000	47901000
409000	47871000
410000	48870000
411000	47871000
412000	48844000
413000	48874000
414000	48892000
415000	49866000
416000	49867000
417000	49868000
418000	49866000
419000	49929000
420000	49934000
421000	49953000
422000	49806000
423000	49934000
424000	49931000
425000	50833000
426000	50861000
427000	50911000
428000	49928000
429000	50863000
430000	50866000
431000	50927000
432000	51862000
433000	50864000
434000	50889000
435000	51861000
436000	51862000
437000	51863000
438000	51862000
439000	53857000
440000	51887000
441000	51922000
442000	52856000
443000	51861000
444000	52859000
445000	53857000
446000	52858000
447000	52820000
448000	52857000
449000	53856000
450000	52861000
451000	52857000
452000	52822000
453000	52834000
454000	53831000
455000	53921000
456000	53894000
457000	53917000
458000	53856000
459000	53919000
460000	53855000
461000	53860000
462000	54853000
463000	54917000
464000	53863000
465000	54854000
466000	54882000
467000	55864000
468000	56848000
469000	55849000
470000	54854000
471000	55851000
472000	55912000
473000	56848000
474000	55850000
475000	56847000
476000	56849000
477000	55851000
478000	55831000
479000	55876000
480000	56886000
481000	56849000
482000	56847000
483000	57786000
484000	60775000
485000	57906000
486000	58907000
487000	59802000
488000	57845000
489000	57846000
490000	57846000
491000	58843000
492000	57851000
493000	58841000
494000	57872000
495000	58820000
496000	57875000
497000	58843000
498000	58845000
499000	58910000
500000	58843000
501000	59814000
502000	59779000
503000	59842000
504000	59839000
505000	59846000
506000	59841000
507000	59844000
508000	59839000
509000	59843000
510000	60836000
511000	60835000
512000	60840000
513000	60837000
514000	60839000
515000	61835000
516000	61836000
517000	60838000
518000	61900000
519000	61807000
520000	61838000
521000	61835000
522000	61876000
523000	61834000
524000	60838000
525000	61850000
526000	62833000
527000	62832000
528000	61835000
529000	62833000
530000	62831000
531000	62833000
532000	61897000
533000	62895000
534000	63829000
535000	62832000
536000	62849000
537000	62832000
538000	63829000
539000	63829000
540000	65823000
541000	64828000
542000	66819000
543000	64828000
544000	65847000
545000	64823000
546000	64828000
547000	65825000
548000	65788000
549000	65800000
550000	65764000
551000	68814000
552000	65762000
553000	65864000
554000	65821000
555000	67816000
556000	66760000
557000	66823000
558000	68817000
559000	66758000
560000	66820000
561000	68817000
562000	67820000
563000	66821000
564000	67818000
565000	67840000
566000	67821000
567000	68819000
568000	68814000
569000	67819000
570000	68790000
571000	68814000
572000	68816000
573000	68816000
574000	68817000
575000	69815000
576000	69788000
577000	68811000
578000	69872000
579000	70810000
580000	68822000
581000	69789000
582000	69838000
583000	69750000
584000	69815000
585000	69875000
586000	69812000
587000	69814000
588000	69789000
589000	69790000
590000	69812000
591000	70813000
592000	70811000
593000	70873000
594000	72806000
595000	70823000
596000	71743000
597000	71810000
598000	71810000
599000	71809000
600000	71811000
601000	71808000
602000	70835000
603000	71808000
604000	72830000
605000	75761000
606000	81775000
607000	86768000
608000	84709000
609000	85770000
610000	73844000
611000	79726000
612000	93750000
613000	77792000
614000	75797000
615000	73867000
616000	73778000
617000	76792000
618000	73802000
619000	75772000
620000	77732000
621000	82778000
622000	77731000
623000	75802000
624000	74799000
625000	74801000
626000	74800000
627000	75798000
628000	76732000
629000	78789000
630000	74775000
631000	75776000
632000	74836000
633000	76771000
634000	76794000
635000	76794000
636000	76793000
637000	75795000
638000	75772000
639000	76795000
640000	76773000
641000	76794000
642000	78789000
643000	75794000
644000	76799000
645000	76793000
646000	77795000
647000	77792000
648000	77793000
649000	77792000
650000	77854000
651000	76732000
652000	77755000
653000	77795000
654000	77757000
655000	77794000
656000	77793000
657000	77855000
658000	78789000
659000	78856000
660000	78724000
661000	78789000
662000	78786000
663000	79785000
664000	79786000
665000	78787000
666000	79853000
667000	78790000
668000	80784000
669000	79815000
670000	80746000
671000	79762000
672000	81811000
673000	80846000
674000	80759000
675000	80784000
676000	81804000
677000	80784000
678000	82777000
679000	81758000
680000	81755000
681000	81780000
682000	82774000
683000	82804000
684000	82779000
685000	82776000
686000	81781000
687000	82755000
688000	82803000
689000	82777000
690000	82778000
691000	82718000
692000	82843000
693000	82779000
694000	83777000
695000	83776000
696000	85769000
697000	83802000
698000	83839000
699000	83750000
700000	84837000
701000	83799000
702000	84774000
703000	83801000
704000	84772000
705000	84774000
706000	84772000
707000	85704000
708000	85770000
709000	84835000
710000	85795000
711000	86768000
712000	85770000
713000	85771000
714000	85769000
715000	89758000
716000	91754000
717000	86771000
718000	86767000
719000	86830000
720000	86792000
721000	86769000
722000	86705000
723000	87766000
724000	87739000
725000	87791000
726000	87703000
727000	86794000
728000	87733000
729000	88760000
730000	87741000
731000	87835000
732000	87763000
733000	88763000
734000	87764000
735000	88788000
736000	89760000
737000	88789000
738000	87764000
739000	88763000
740000	89697000
741000	88763000
742000	89762000
743000	90782000
744000	88763000
745000	89736000
746000	90783000
747000	90757000
748000	90757000
749000	89757000
750000	89787000
751000	91692000
752000	90758000
753000	90760000
754000	89698000
755000	90758000
756000	91753000
757000	90760000
758000	90788000
759000	91730000
760000	90757000
761000	92753000
762000	90731000
763000	91755000
764000	91755000
765000	92777000
766000	92743000
767000	92725000
768000	91755000
769000	91752000
770000	92813000
771000	91756000
772000	93749000
773000	93748000
774000	92752000
775000	92727000
776000	94785000
777000	93748000
778000	94748000
779000	94747000
780000	94711000
781000	93750000
782000	93773000
783000	93749000
784000	93744000
785000	94721000
786000	94784000
787000	94748000
788000	93745000
789000	94751000
790000	95719000
791000	94749000
792000	95742000
793000	94782000
794000	95743000
795000	96742000
796000	95810000
797000	97738000
798000	95744000
799000	95781000
800000	96743000
801000	96742000
802000	96739000
803000	96745000
804000	99734000
805000	96740000
806000	96743000
807000	96741000
808000	97739000
809000	97778000
810000	97698000
811000	97761000
812000	98761000
813000	100731000
814000	97776000
815000	97740000
816000	98799000
817000	97744000
818000	97763000
819000	98798000
820000	97738000
821000	98759000
822000	99797000
823000	99670000
824000	98737000
825000	98740000
826000	99732000
827000	101731000
828000	99698000
829000	99755000
830000	98736000
831000	99733000
832000	100732000
833000	100730000
834000	100793000
835000	100756000
836000	101728000
837000	100728000
838000	100728000
839000	101726000
840000	102726000
841000	102726000
842000	100753000
843000	101728000
844000	102786000
845000	100730000
846000	102725000
847000	102762000
848000	101765000
849000	102669000
850000	102786000
851000	101727000
852000	102665000
853000	102706000
854000	102723000
855000	103722000
856000	103699000
857000	103723000
858000	103785000
859000	103723000
860000	104719000
861000	103743000
862000	109767000
863000	103743000
864000	105717000
865000	103661000
866000	103744000
867000	105717000
868000	104683000
869000	105779000
870000	104721000
871000	105743000
872000	104740000
873000	104784000
874000	107710000
875000	105779000
876000	105718000
877000	106713000
878000	106715000
879000	106689000
880000	105740000
881000	106679000
882000	106713000
883000	106714000
884000	107650000
885000	106713000
886000	107650000
887000	107672000
888000	106746000
889000	106741000
890000	107711000
891000	108711000
892000	107647000
893000	107712000
894000	107735000
895000	107709000
896000	108710000
897000	109707000
898000	108772000
899000	108708000
900000	108709000
901000	108709000
902000	109706000
903000	109702000
904000	107730000
905000	108712000
906000	108709000
907000	109711000
908000	109645000
909000	110643000
910000	108738000
911000	109708000
912000	110639000
913000	110704000
914000	109709000
915000	111702000
916000	110644000
917000	109707000
918000	110707000
919000	110704000
920000	110679000
921000	111700000
922000	111701000
923000	111702000
924000	111700000
925000	110702000
926000	111701000
927000	112724000
928000	111701000
929000	112679000
930000	112726000
931000	112719000
932000	111703000
933000	111701000
934000	112699000
935000	112697000
936000	113698000
937000	112697000
938000	114693000
939000	112636000
940000	112700000
941000	112698000
942000	113692000
943000	113695000
944000	114719000
945000	113697000
946000	113634000
947000	113695000
948000	115692000
949000	115689000
950000	114692000
951000	114671000
952000	114693000
953000	115665000
954000	115752000
955000	115711000
956000	114630000
957000	119680000
958000	115693000
959000	116687000
960000	117685000
961000	115716000
962000	117688000
963000	116724000
964000	117683000
965000	116647000
966000	116688000
967000	117686000
968000	116688000
969000	117721000
970000	117685000
971000	117686000
972000	117687000
973000	117722000
974000	117685000
975000	117688000
976000	117687000
977000	118683000
978000	117679000
979000	118679000
980000	118681000
981000	118682000
982000	118681000
983000	118744000
984000	118684000
985000	119682000
986000	118683000
987000	120677000
988000	119675000
989000	119717000
990000	119742000
991000	119680000
992000	120678000
993000	120701000
994000	120677000
995000	120676000
996000	120738000
997000	121706000
998000	120673000
999000	120678000
1000000	122611000
1000	0
2000	997000
3000	0
4000	995000
5000	999000
6000	996000
7000	0
8000	0
9000	1052000
10000	997000
11000	1034000
12000	982000
13000	997000
14000	998000
15000	1995000
16000	1997000
17000	1992000
18000	1995000
19000	1993000
20000	1995000
21000	1994000
22000	2992000
23000	2992000
24000	1994000
25000	3053000
26000	2055000
27000	3023000
28000	3053000
29000	3022000
30000	3054000
31000	3026000
32000	3013000
33000	4051000
34000	3008000
35000	4050000
36000	3053000
37000	3017000
38000	3949000
39000	4054000
40000	4050000
41000	3979000
42000	5049000
43000	4009000
44000	3982000
45000	4008000
46000	5048000
47000	6046000
48000	4980000
49000	5048000
50000	5046000
51000	6045000
52000	6008000
53000	4945000
54000	5952000
55000	6015000
56000	6013000
57000	7041000
58000	6023000
59000	6008000
60000	7039000
61000	7042000
62000	7044000
63000	7042000
64000	7043000
65000	7000000
66000	7046000
67000	7001000
68000	8040000
69000	7997000
70000	7936000
71000	7979000
72000	8040000
73000	7999000
74000	9037000
75000	8040000
76000	7998000
77000	7978000
78000	7978000
79000	9036000
80000	8995000
81000	8994000
82000	10034000
83000	8993000
84000	9002000
85000	8959000
86000	8975000
87000	8975000
88000	10000000
89000	10035000
90000	9933000
91000	9969000
92000	9912000
93000	9987000
94000	9974000
95000	10904000
96000	10987000
97000	10972000
98000	10932000
99000	10909000
100000	11992000
101000	10971000
102000	10971000
103000	12029000
104000	10969000
105000	11967000
106000	11906000
107000	11988000
108000	11968000
109000	11941000
110000	11967000
111000	12026000
112000	12963000
113000	12940000
114000	13026000
115000	11907000
116000	12991000
117000	12966000
118000	12965000
119000	13896000
120000	13901000
121000	13979000
122000	13983000
123000	14024000
124000	14023000
125000	13962000
126000	13963000
127000	13963000
128000	13966000
129000	13963000
130000	14960000
131000	14960000
132000	14898000
133000	14965000
134000	14959000
135000	14996000
136000	14898000
137000	15912000
138000	15957000
139000	15958000
140000	15957000
141000	16014000
142000	15956000
143000	15959000
144000	15963000
145000	15963000
146000	15957000
147000	16951000
148000	16955000
149000	16975000
150000	16954000
151000	16918000
152000	17952000
153000	17947000
154000	17951000
155000	17947000
156000	17951000
157000	17953000
158000	17983000
159000	17952000
160000	17972000
161000	18955000
162000	18014000
163000	17925000
164000	17950000
165000	18948000
166000	18951000
167000	18905000
168000	18987000
169000	19011000
170000	18964000
171000	19915000
172000	18926000
173000	19941000
174000	19946000
175000	19947000
176000	19905000
177000	19946000
178000	20006000
179000	20945000
180000	19948000
181000	20926000
182000	20942000
183000	20944000
184000	20981000
185000	20965000
186000	20941000
187000	20981000
188000	21945000
189000	21937000
190000	21942000
191000	20945000
192000	21941000
193000	21941000
194000	22008000
195000	21968000
196000	21931000
197000	22932000
198000	21948000
199000	22921000
200000	22937000
201000	22879000
202000	23936000
203000	23001000
204000	23936000
205000	22885000
206000	23974000
207000	23937000
208000	24931000
209000	23934000
210000	24873000
211000	24935000
212000	23935000
213000	24933000
214000	25005000
215000	24976000
216000	24960000
217000	24974000
218000	24930000
219000	25995000
220000	25963000
221000	26902000
222000	25999000
223000	26868000
224000	25995000
225000	25942000
226000	26951000
227000	25927000
228000	25931000
229000	26927000
230000	26903000
231000	25869000
232000	26928000
233000	25935000
234000	26903000
235000	26868000
236000	27865000
237000	26928000
238000	27929000
239000	26909000
240000	28990000
241000	27958000
242000	27932000
243000	27987000
244000	28923000
245000	28921000
246000	28924000
247000	28930000
248000	28930000
249000	28990000
250000	28887000
251000	28928000
252000	28923000
253000	28923000
254000	28922000
255000	29920000
256000	29927000
257000	29930000
258000	29925000
259000	29927000
260000	29960000
261000	30921000
262000	29922000
263000	31914000
264000	34906000
265000	32974000
266000	32913000
267000	31982000
268000	31851000
269000	35905000
270000	35907000
271000	35951000
272000	34908000
273000	32851000
274000	32848000
275000	35903000
276000	34922000
277000	34917000
278000	33896000
279000	33909000
280000	35879000
281000	36904000
282000	35903000
283000	37856000
284000	37898000
285000	34908000
286000	33910000
287000	33910000
288000	33910000
289000	33908000
290000	34882000
291000	35902000
292000	35844000
293000	40889000
294000	44879000
295000	34951000
296000	34906000
297000	34906000
298000	35841000
299000	38834000
300000	38958000
301000	35969000
302000	34905000
303000	34882000
304000	35883000
305000	35842000
306000	35883000
307000	36927000
308000	36910000
309000	36902000
310000	36907000
311000	36906000
312000	35909000
313000	36946000
314000	37878000
315000	36904000
316000	36883000
317000	38835000
318000	37860000
319000	36911000
320000	36866000
321000	36835000
322000	37836000
323000	37960000
324000	37862000
325000	37967000
326000	37838000
327000	37855000
328000	37899000
329000	38894000
330000	37898000
331000	38896000
332000	37908000
333000	38895000
334000	38895000
335000	38895000
336000	39953000
337000	39894000
338000	39935000
339000	39899000
340000	40952000
341000	41823000
342000	41954000
343000	40890000
344000	40828000
345000	40890000
346000	39899000
347000	40896000
348000	40899000
349000	41956000
350000	40957000
351000	41888000
352000	41892000
353000	42860000
354000	42824000
355000	41827000
356000	41889000
357000	42870000
358000	42861000
359000	41908000
360000	42889000
361000	42885000
362000	46812000
363000	42910000
364000	42880000
365000	43890000
366000	42891000
367000	43882000
368000	43890000
369000	43878000
370000	43881000
371000	43822000
372000	44879000
373000	43883000
374000	44882000
375000	44879000
376000	44855000
377000	44879000
378000	44881000
379000	44880000
380000	44879000
381000	44881000
382000	45852000
383000	45852000
384000	45876000
385000	45876000
386000	45878000
387000	46880000
388000	45881000
389000	47847000
390000	45935000
391000	45878000
392000	46815000
393000	46814000
394000	46937000
395000	46856000
396000	46876000
397000	47846000
398000	46812000
399000	47847000
400000	47846000
401000	46937000
402000	47811000
403000	46812000
404000	48845000
405000	47876000
406000	47866000
407000	47847000
408000	48932000
409000	48869000
410000	47876000
411000	48808000
412000	48870000
413000	47877000
414000	49872000
415000	48930000
416000	48871000
417000	49842000
418000	50876000
419000	49866000
420000	49867000
421000	50865000
422000	49870000
423000	49868000
424000	51861000
425000	49867000
426000	50864000
427000	49868000
428000	50867000
429000	53853000
430000	50869000
431000	51862000
432000	50801000
433000	51863000
434000	51837000
435000	51863000
436000	51860000
437000	51840000
438000	51859000
439000	51863000
440000	52857000
441000	51865000
442000	55830000
443000	52858000
444000	52855000
445000	52925000
446000	52837000
447000	52796000
448000	53862000
449000	53794000
450000	53820000
451000	53857000
452000	53857000
453000	53830000
454000	54909000
455000	53858000
456000	54828000
457000	54885000
458000	54852000
459000	53866000
460000	54916000
461000	54791000
462000	54853000
463000	54853000
464000	54853000
465000	55790000
466000	55877000
467000	56787000
468000	60898000
469000	56848000
470000	63830000
471000	65823000
472000	57882000
473000	56911000
474000	56846000
475000	56822000
476000	60774000
477000	58843000
478000	56879000
479000	57783000
480000	61835000
481000	68819000
482000	62790000
483000	57846000
484000	61795000
485000	60879000
486000	58908000
487000	57850000
488000	64826000
489000	63830000
490000	63784000
491000	59797000
492000	59859000
493000	58849000
494000	59842000
495000	64765000
496000	70871000
497000	59778000
498000	58817000
499000	60866000
500000	59841000
501000	60840000
502000	58843000
503000	62832000
504000	63829000
505000	61851000
506000	59817000
507000	59902000
508000	60899000
509000	59840000
510000	59878000
511000	59849000
512000	60899000
513000	60809000
514000	61774000
515000	61833000
516000	60833000
517000	60815000
518000	61833000
519000	62833000
520000	61837000
521000	61837000
522000	61837000
523000	61800000
524000	61834000
525000	63850000
526000	62830000
527000	62807000
528000	62834000
529000	61835000
530000	63833000
531000	63768000
532000	63830000
533000	62834000
534000	62771000
535000	63829000
536000	62832000
537000	63803000
538000	64827000
539000	63803000
540000	64826000
541000	64826000
542000	64826000
543000	64827000
544000	64766000
545000	64764000
546000	64827000
547000	64826000
548000	65787000
549000	64826000
550000	65886000
551000	65798000
552000	65798000
553000	65822000
554000	65824000
555000	66820000
556000	66819000
557000	66820000
558000	66759000
559000	67756000
560000	66820000
561000	68794000
562000	66846000
563000	66820000
564000	66819000
565000	67792000
566000	68752000
567000	67821000
568000	67758000
569000	67817000
570000	68816000
571000	67847000
572000	68817000
573000	68816000
574000	68819000
575000	68874000
576000	68811000
577000	68756000
578000	69811000
579000	69752000
580000	69794000
581000	69813000
582000	69814000
583000	68815000
584000	70786000
585000	70809000
586000	70810000
587000	70748000
588000	70811000
589000	69813000
590000	69813000
591000	70811000
592000	70873000
593000	70809000
594000	71809000
595000	71807000
596000	70810000
597000	71807000
598000	70833000
599000	71807000
600000	71803000
601000	71807000
602000	72807000
603000	71809000
604000	73803000
605000	72744000
606000	72805000
607000	73775000
608000	72806000
609000	72777000
610000	72769000
611000	73802000
612000	73864000
613000	72802000
614000	73863000
615000	74862000
616000	73802000
617000	73742000
618000	74832000
619000	74825000
620000	73864000
621000	73866000
622000	73827000
623000	73800000
624000	75796000
625000	75796000
626000	76803000
627000	75797000
628000	76796000
629000	75772000
630000	75797000
631000	75795000
632000	75796000
633000	75792000
634000	75774000
635000	75834000
636000	76733000
637000	75798000
638000	75797000
639000	76735000
640000	75819000
641000	75796000
642000	76795000
643000	77756000
644000	76793000
645000	77792000
646000	76795000
647000	76795000
648000	76794000
649000	76794000
650000	77767000
651000	78768000
652000	78788000
653000	76793000
654000	79785000
655000	77792000
656000	77792000
657000	78725000
658000	78787000
659000	77791000
660000	78827000
661000	78788000
662000	78767000
663000	80722000
664000	78851000
665000	79787000
666000	79791000
667000	79787000
668000	80782000
669000	80744000
670000	79761000
671000	79846000
672000	79846000
673000	80781000
674000	80758000
675000	80821000
676000	81782000
677000	80784000
678000	80780000
679000	80784000
680000	81753000
681000	81716000
682000	81782000
683000	81744000
684000	83799000
685000	83776000
686000	82840000
687000	82817000
688000	82799000
689000	81809000
690000	81783000
691000	82778000
692000	82805000
693000	82778000
694000	82841000
695000	82778000
696000	83838000
697000	84771000
698000	83776000
699000	83774000
700000	83783000
701000	84773000
702000	84774000
703000	85772000
704000	84775000
705000	85775000
706000	84800000
707000	85770000
708000	85799000
709000	85799000
710000	85774000
711000	84777000
712000	85772000
713000	84787000
714000	86826000
715000	86769000
716000	86767000
717000	88766000
718000	86789000
719000	86727000
720000	85833000
721000	87765000
722000	87767000
723000	87766000
724000	87765000
725000	87767000
726000	87704000
727000	86768000
728000	87745000
729000	87728000
730000	87764000
731000	87766000
732000	87788000
733000	87740000
734000	87765000
735000	88765000
736000	90759000
737000	90756000
738000	88763000
739000	90757000
740000	88826000
741000	89820000
742000	89786000
743000	88766000
744000	88764000
745000	89733000
746000	92733000
747000	90732000
748000	90779000
749000	89764000
750000	89764000
751000	90820000
752000	91754000
753000	90758000
754000	90752000
755000	90757000
756000	91785000
757000	90759000
758000	90757000
759000	91757000
760000	91730000
761000	91785000
762000	90757000
763000	92691000
764000	90694000
765000	91757000
766000	92778000
767000	92755000
768000	93748000
769000	91754000
770000	92790000
771000	92752000
772000	92752000
773000	93750000
774000	92818000
775000	93774000
776000	93774000
777000	93791000
778000	93751000
779000	93750000
780000	93750000
781000	92750000
782000	93750000
783000	94685000
784000	94777000
785000	94726000
786000	93812000
787000	93811000
788000	95707000
789000	94721000
790000	97739000
791000	94772000
792000	95744000
793000	95743000
794000	96804000
795000	94748000
796000	95720000
797000	96743000
798000	95716000
799000	96717000
800000	95744000
801000	96742000
802000	96742000
803000	96704000
804000	97738000
805000	95743000
806000	96803000
807000	96741000
808000	97762000
809000	97736000
810000	97738000
811000	97736000
812000	97741000
813000	97717000
814000	97736000
815000	97738000
816000	98736000
817000	98711000
818000	98736000
819000	97741000
820000	98761000
821000	99671000
822000	99734000
823000	98736000
824000	98740000
825000	99758000
826000	99732000
827000	99733000
828000	100733000
829000	99758000
830000	100706000
831000	100733000
832000	99727000
833000	100755000
834000	101728000
835000	100755000
836000	101704000
837000	100731000
838000	101730000
839000	100732000
840000	101693000
841000	102727000
842000	101668000
843000	100794000
844000	102664000
845000	102709000
846000	101728000
847000	102729000
848000	103722000
849000	102725000
850000	102724000
851000	102727000
852000	102726000
853000	103657000
854000	103723000
855000	103722000
856000	103723000
857000	103723000
858000	103725000
859000	103721000
860000	103722000
861000	103754000
862000	103724000
863000	103722000
864000	105719000
865000	104718000
866000	106734000
867000	104716000
868000	104782000
869000	104744000
870000	105719000
871000	104719000
872000	105719000
873000	105754000
874000	106775000
875000	105690000
876000	105715000
877000	106715000
878000	105719000
879000	105717000
880000	106715000
881000	106715000
882000	106650000
883000	106715000
884000	106716000
885000	106743000
886000	107751000
887000	106689000
888000	107650000
889000	106736000
890000	106743000
891000	108679000
892000	107670000
893000	108709000
894000	107711000
895000	107712000
896000	107712000
897000	108701000
898000	108771000
899000	108707000
900000	108685000
901000	108709000
902000	109710000
903000	108769000
904000	109641000
905000	108709000
906000	109710000
907000	109705000
908000	109645000
909000	109743000
910000	109706000
911000	109731000
912000	109707000
913000	109711000
914000	109703000
915000	109734000
916000	110705000
917000	109707000
918000	110705000
919000	110731000
920000	109706000
921000	110704000
922000	110704000
923000	111702000
924000	111703000
925000	111702000
926000	111702000
927000	111666000
928000	112704000
929000	111739000
930000	112714000
931000	113672000
932000	112701000
933000	113673000
934000	112665000
935000	112699000
936000	112723000
937000	113634000
938000	112700000
939000	112674000
940000	112697000
941000	114689000
942000	114694000
943000	114693000
944000	114700000
945000	114718000
946000	114692000
947000	116711000
948000	113698000
949000	114693000
950000	115694000
951000	114694000
952000	114693000
953000	114695000
954000	114753000
955000	114715000
956000	115627000
957000	115663000
958000	115752000
959000	116687000
960000	115726000
961000	116663000
962000	118682000
963000	117710000
964000	116724000
965000	116688000
966000	116682000
967000	116729000
968000	116688000
969000	117715000
970000	117680000
971000	117687000
972000	117685000
973000	117710000
974000	117651000
975000	118622000
976000	118679000
977000	117625000
978000	118705000
979000	119643000
980000	118621000
981000	119682000
982000	118621000
983000	118683000
984000	118681000
985000	118684000
986000	118622000
987000	119618000
988000	118681000
989000	119681000
990000	119661000
991000	120641000
992000	119680000
993000	119680000
994000	119680000
995000	119702000
996000	119679000
997000	120676000
998000	120638000
999000	121674000
1000000	121673000
1000	0
2000	0
3000	0
4000	0
5000	996000
6000	0
7000	999000
8000	997000
9000	997000
10000	998000
11000	997000
12000	998000
13000	997000
14000	998000
15000	997000
16000	999000
17000	1994000
18000	1996000
19000	1999000
20000	2001000
21000	1997000
22000	1994000
23000	1998000
24000	1998000
25000	1995000
26000	2996000
27000	1993000
28000	2021000
29000	3047000
30000	2967000
31000	3053000
32000	2995000
33000	4049000
34000	3994000
35000	3994000
36000	3034000
37000	3993000
38000	3993000
39000	3990000
40000	4009000
41000	4051000
42000	4986000
43000	3989000
44000	5049000
45000	5007000
46000	5007000
47000	5047000
48000	5007000
49000	4988000
50000	5049000
51000	6022000
52000	4950000
53000	6046000
54000	6049000
55000	6045000
56000	6045000
57000	6045000
58000	6004000
59000	7044000
60000	7002000
61000	6009000
62000	6004000
63000	7001000
64000	7001000
65000	7042000
66000	7043000
67000	7002000
68000	8041000
69000	7994000
70000	8020000
71000	7975000
72000	8040000
73000	7979000
74000	8040000
75000	7953000
76000	9037000
77000	8996000
78000	7998000
79000	9037000
80000	9038000
81000	9038000
82000	8995000
83000	8996000
84000	8998000
85000	8929000
86000	9002000
87000	10035000
88000	9990000
89000	9972000
90000	9973000
91000	8995000
92000	10031000
93000	9993000
94000	10929000
95000	9976000
96000	10986000
97000	9974000
98000	9973000
99000	10992000
100000	10952000
101000	10970000
102000	11988000
103000	11984000
104000	10970000
105000	11988000
106000	11969000
107000	12010000
108000	11984000
109000	11988000
110000	11972000
111000	12903000
112000	12941000
113000	12969000
114000	11968000
115000	12966000
116000	13028000
117000	12966000
118000	13963000
119000	13960000
120000	13938000
121000	13902000
122000	13966000
123000	14024000
124000	13900000
125000	13937000
126000	13966000
127000	14953000
128000	14940000
129000	13982000
130000	13962000
131000	13965000
132000	13981000
133000	14981000
134000	14961000
135000	15021000
136000	15922000
137000	15957000
138000	15959000
139000	15917000
140000	16929000
141000	16941000
142000	17016000
143000	16954000
144000	15988000
145000	15957000
146000	16992000
147000	16893000
148000	16929000
149000	16954000
150000	16956000
151000	17895000
152000	17919000
153000	16954000
154000	17893000
155000	17953000
156000	18988000
157000	17953000
158000	18016000
159000	17950000
160000	18013000
161000	17953000
162000	18981000
163000	18949000
164000	17952000
165000	18888000
166000	18949000
167000	19016000
168000	18888000
169000	19922000
170000	21005000
171000	20985000
172000	20882000
173000	19947000
174000	19948000
175000	20008000
176000	19915000
177000	20885000
178000	20943000
179000	20889000
180000	20901000
181000	20946000
182000	21964000
183000	20884000
184000	20969000
185000	20944000
186000	20968000
187000	21941000
188000	21879000
189000	21942000
190000	21941000
191000	21880000
192000	21915000
193000	21991000
194000	22940000
195000	22999000
196000	21891000
197000	21911000
198000	22936000
199000	22938000
200000	22939000
201000	22999000
202000	23904000
203000	23001000
204000	23874000
205000	23940000
206000	23941000
207000	23874000
208000	23874000
209000	23972000
210000	24931000
211000	24933000
212000	24005000
213000	24913000
214000	24940000
215000	24874000
216000	24873000
217000	24914000
218000	24939000
219000	24995000
220000	25912000
221000	25911000
222000	24939000
223000	25934000
224000	24933000
225000	25932000
226000	25935000
227000	25936000
228000	25969000
229000	26942000
230000	25962000
231000	26935000
232000	25933000
233000	26927000
234000	26928000
235000	26968000
236000	26953000
237000	27921000
238000	27987000
239000	27935000
240000	26959000
241000	27962000
242000	28928000
243000	28923000
244000	27862000
245000	27932000
246000	27905000
247000	27930000
248000	28906000
249000	27981000
250000	27992000
251000	28924000
252000	28960000
253000	28923000
254000	28926000
255000	32883000
256000	29858000
257000	29895000
258000	29986000
259000	29982000
260000	29914000
261000	29918000
262000	30890000
263000	29916000
264000	30958000
265000	30890000
266000	30894000
267000	30898000
268000	29920000
269000	30926000
270000	30899000
271000	31938000
272000	31919000
273000	30943000
274000	32916000
275000	30923000
276000	32913000
277000	32912000
278000	32849000
279000	32913000
280000	31877000
281000	32911000
282000	32850000
283000	32921000
284000	32950000
285000	32925000
286000	33907000
287000	33907000
288000	32845000
289000	33911000
290000	33887000
291000	34841000
292000	33954000
293000	34943000
294000	33976000
295000	33909000
296000	34947000
297000	34907000
298000	34878000
299000	35905000
300000	34845000
301000	35910000
302000	34905000
303000	35904000
304000	35971000
305000	39958000
306000	44881000
307000	40894000
308000	42887000
309000	39895000
310000	43883000
311000	35905000
312000	36899000
313000	36903000
314000	36971000
315000	36901000
316000	36899000
317000	37906000
318000	36939000
319000	37878000
320000	40830000
321000	37899000
322000	37881000
323000	37937000
324000	37970000
325000	37925000
326000	39915000
327000	38958000
328000	38836000
329000	38898000
330000	38903000
331000	39938000
332000	38899000
333000	38900000
334000	38899000
335000	38882000
336000	39903000
337000	38899000
338000	39869000
339000	39899000
340000	39894000
341000	40828000
342000	40830000
343000	39930000
344000	39892000
345000	40891000
346000	40892000
347000	40826000
348000	41951000
349000	40955000
350000	40952000
351000	40914000
352000	40828000
353000	41871000
354000	41891000
355000	41896000
356000	41890000
357000	41886000
358000	41888000
359000	41889000
360000	42885000
361000	42893000
362000	41921000
363000	42860000
364000	42884000
365000	42864000
366000	43880000
367000	43888000
368000	43883000
369000	43902000
370000	43953000
371000	43920000
372000	42952000
373000	43912000
374000	43886000
375000	43907000
376000	43926000
377000	43889000
378000	43880000
379000	45875000
380000	44919000
381000	44884000
382000	44914000
383000	44921000
384000	44855000
385000	46874000
386000	44889000
387000	44860000
388000	45878000
389000	45878000
390000	45883000
391000	45881000
392000	44879000
393000	45883000
394000	45857000
395000	46874000
396000	51862000
397000	45876000
398000	47872000
399000	46874000
400000	46881000
401000	46935000
402000	47908000
403000	47873000
404000	48847000
405000	48807000
406000	47873000
407000	48606000
408000	47870000
409000	47872000
410000	47903000
411000	48896000
412000	48874000
413000	48866000
414000	48931000
415000	48896000
416000	48905000
417000	48876000
418000	49864000
419000	48868000
420000	50839000
421000	50862000
422000	50864000
423000	49873000
424000	49843000
425000	50798000
426000	49846000
427000	50868000
428000	51862000
429000	50803000
430000	50842000
431000	51926000
432000	51838000
433000	50804000
434000	51863000
435000	50855000
436000	51904000
437000	51823000
438000	50869000
439000	50863000
440000	51868000
441000	51857000
442000	52822000
443000	52864000
444000	51865000
445000	51864000
446000	52821000
447000	52859000
448000	52859000
449000	52859000
450000	52858000
451000	53856000
452000	53900000
453000	53856000
454000	55853000
455000	53857000
456000	52796000
457000	53859000
458000	53856000
459000	53854000
460000	53857000
461000	54853000
462000	53912000
463000	54854000
464000	54855000
465000	54925000
466000	55851000
467000	54852000
468000	55851000
469000	54851000
470000	55789000
471000	55851000
472000	55851000
473000	55850000
474000	55849000
475000	56784000
476000	56823000
477000	56846000
478000	56849000
479000	56850000
480000	56873000
481000	56910000
482000	57845000
483000	56846000
484000	57844000
485000	57847000
486000	57845000
487000	57844000
488000	57847000
489000	58843000
490000	58843000
491000	58806000
492000	57781000
493000	57910000
494000	58910000
495000	58867000
496000	59778000
497000	58881000
498000	58842000
499000	59851000
500000	58851000
501000	58869000
502000	59840000
503000	59867000
504000	60835000
505000	60562000
506000	59841000
507000	59862000
508000	59819000
509000	59841000
510000	59838000
511000	60836000
512000	60812000
513000	60838000
514000	60836000
515000	60837000
516000	60812000
517000	60838000
518000	61774000
519000	60858000
520000	60775000
521000	61836000
522000	60842000
523000	61837000
524000	61833000
525000	61833000
526000	62872000
527000	61856000
528000	62834000
529000	62830000
530000	62833000
531000	62832000
532000	62806000
533000	62794000
534000	63829000
535000	62830000
536000	63828000
537000	62833000
538000	63855000
539000	62855000
540000	63839000
541000	63829000
542000	63805000
543000	63828000
544000	66820000
545000	64814000
546000	64825000
547000	65824000
548000	65847000
549000	65798000
550000	65888000
551000	65886000
552000	65827000
553000	64852000
554000	66824000
555000	65824000
556000	66755000
557000	66821000
558000	66822000
559000	66821000
560000	66821000
561000	67846000
562000	66846000
563000	67817000
564000	67866000
565000	67817000
566000	68816000
567000	67819000
568000	69813000
569000	68813000
570000	68816000
571000	68816000
572000	68815000
573000	68841000
574000	68877000
575000	70747000
576000	74801000
577000	69810000
578000	69812000
579000	69813000
580000	69791000
581000	70811000
582000	69814000
583000	71782000
584000	70811000
585000	69835000
586000	69839000
587000	69813000
588000	69874000
589000	69810000
590000	70837000
591000	69817000
592000	70811000
593000	71808000
594000	70815000
595000	70789000
596000	71808000
597000	71808000
598000	71824000
599000	71846000
600000	72805000
601000	71828000
602000	71876000
603000	72805000
604000	72744000
605000	72783000
606000	71783000
607000	72809000
608000	72841000
609000	72805000
610000	72866000
611000	73826000
612000	73803000
613000	73802000
614000	73803000
615000	73744000
616000	73803000
617000	74800000
618000	73802000
619000	74799000
620000	74860000
621000	74801000
622000	75859000
623000	75823000
624000	74799000
625000	74850000
626000	74777000
627000	75797000
628000	75796000
629000	75798000
630000	76794000
631000	75798000
632000	75799000
633000	75794000
634000	75860000
635000	75795000
636000	75795000
637000	76794000
638000	75801000
639000	76795000
640000	76791000
641000	76794000
642000	75802000
643000	77792000
644000	76792000
645000	77731000
646000	76769000
647000	77794000
648000	77794000
649000	78726000
650000	77829000
651000	78788000
652000	77793000
653000	77793000
654000	77790000
655000	78791000
656000	77788000
657000	78766000
658000	77788000
659000	77756000
660000	78793000
661000	78789000
662000	78788000
663000	79725000
664000	79826000
665000	79787000
666000	79788000
667000	79785000
668000	79787000
669000	79823000
670000	79763000
671000	79786000
672000	79786000
673000	79811000
674000	81783000
675000	80786000
676000	80783000
677000	82777000
678000	80782000
679000	81780000
680000	81784000
681000	80845000
682000	81719000
683000	87767000
684000	97741000
685000	92712000
686000	90756000
687000	95741000
688000	93748000
689000	92753000
690000	92752000
691000	92752000
692000	86769000
693000	98737000
694000	92792000
695000	87763000
696000	83776000
697000	83779000
698000	83712000
699000	83775000
700000	84772000
701000	84738000
702000	84774000
703000	83775000
704000	84829000
705000	84773000
706000	83837000
707000	86805000
708000	84773000
709000	84801000
710000	89784000
711000	85770000
712000	85772000
713000	84748000
714000	85792000
715000	86744000
716000	85770000
717000	86766000
718000	88761000
719000	85767000
720000	86768000
721000	86707000
722000	86768000
723000	87764000
724000	86835000
725000	86708000
726000	87766000
727000	87803000
728000	87738000
729000	87765000
730000	88723000
731000	88738000
732000	87766000
733000	88762000
734000	89760000
735000	88765000
736000	88762000
737000	88762000
738000	88824000
739000	89759000
740000	89759000
741000	90758000
742000	88762000
743000	89797000
744000	90758000
745000	89759000
746000	89784000
747000	91693000
748000	90757000
749000	89784000
750000	90819000
751000	89759000
752000	90782000
753000	89759000
754000	90732000
755000	91730000
756000	90756000
757000	90782000
758000	90757000
759000	90696000
760000	91755000
761000	91758000
762000	91755000
763000	91755000
764000	92728000
765000	90757000
766000	91751000
767000	92752000
768000	92748000
769000	92752000
770000	92752000
771000	92750000
772000	92751000
773000	92730000
774000	92747000
775000	92774000
776000	93745000
777000	94711000
778000	93751000
779000	93751000
780000	93689000
781000	93713000
782000	93747000
783000	94749000
784000	93809000
785000	94747000
786000	94747000
787000	93775000
788000	94704000
789000	94686000
790000	95768000
791000	95744000
792000	94746000
793000	95742000
794000	95744000
795000	95742000
796000	95746000
797000	95743000
798000	95745000
799000	95746000
800000	95744000
801000	95783000
802000	96742000
803000	97742000
804000	96743000
805000	97737000
806000	97685000
807000	97800000
808000	96745000
809000	96741000
810000	97738000
811000	96740000
812000	97743000
813000	97672000
814000	98772000
815000	98738000
816000	98673000
817000	97734000
818000	98711000
819000	98699000
820000	97742000
821000	99763000
822000	98761000
823000	99734000
824000	99733000
825000	99771000
826000	99732000
827000	99756000
828000	100730000
829000	100755000
830000	98803000
831000	100669000
832000	100731000
833000	100755000
834000	100731000
835000	100733000
836000	101728000
837000	101730000
838000	100754000
839000	100756000
840000	101729000
841000	100692000
842000	102727000
843000	101726000
844000	102661000
845000	102664000
846000	102725000
847000	102721000
848000	102724000
849000	102729000
850000	103722000
851000	102700000
852000	102753000
853000	102725000
854000	102727000
855000	102726000
856000	102748000
857000	104663000
858000	103715000
859000	103724000
860000	103662000
861000	103747000
862000	103755000
863000	104723000
864000	104697000
865000	103683000
866000	104783000
867000	104782000
868000	105682000
869000	104743000
870000	105691000
871000	105714000
872000	104720000
873000	105718000
874000	106716000
875000	105717000
876000	105720000
877000	106776000
878000	105737000
879000	106719000
880000	106850000
881000	106714000
882000	106751000
883000	107712000
884000	107716000
885000	106654000
886000	106715000
887000	106714000
888000	106688000
889000	107736000
890000	107711000
891000	107712000
892000	107742000
893000	106714000
894000	107712000
895000	107711000
896000	108735000
897000	108647000
898000	107707000
899000	107714000
900000	109768000
901000	108734000
902000	108772000
903000	108709000
904000	108712000
905000	108708000
906000	109745000
907000	108708000
908000	109670000
909000	109673000
910000	109646000
911000	109708000
912000	109707000
913000	109733000
914000	109713000
915000	109644000
916000	109700000
917000	110641000
918000	111704000
919000	110704000
920000	110702000
921000	110703000
922000	110683000
923000	110734000
924000	111700000
925000	111701000
926000	110667000
927000	112672000
928000	112721000
929000	112698000
930000	112720000
931000	111701000
932000	112724000
933000	112696000
934000	112701000
935000	112699000
936000	112702000
937000	114656000
938000	112723000
939000	112695000
940000	113721000
941000	113634000
942000	113633000
943000	112761000
944000	114693000
945000	114694000
946000	113696000
947000	113692000
948000	114633000
949000	114757000
950000	113696000
951000	114647000
952000	116688000
953000	115691000
954000	115624000
955000	115666000
956000	115692000
957000	115630000
958000	116688000
959000	115690000
960000	115752000
961000	116660000
962000	115726000
963000	116706000
964000	116615000
965000	116693000
966000	116689000
967000	116713000
968000	116719000
969000	119721000
970000	117684000
971000	118685000
972000	119620000
973000	117710000
974000	117681000
975000	117684000
976000	117687000
977000	117683000
978000	121696000
979000	118705000
980000	118622000
981000	118683000
982000	117687000
983000	118683000
984000	118683000
985000	120714000
986000	119679000
987000	118681000
988000	119680000
989000	119680000
990000	120677000
991000	120677000
992000	119679000
993000	121675000
994000	119680000
995000	119680000
996000	119680000
997000	121615000
998000	120677000
999000	119676000
1000000	121695000
1000	0
2000	0
3000	990000
4000	997000
5000	998000
6000	997000
7000	998000
8000	998000
9000	998000
10000	997000
11000	998000
12000	997000
13000	998000
14000	1995000
15000	999000
16000	998000
17000	998000
18000	1994000
19000	1994000
20000	1995000
21000	2993000
22000	1994000
23000	1995000
24000	2992000
25000	2049000
26000	3024000
27000	3050000
28000	2016000
29000	3032000
30000	3053000
31000	3054000
32000	3052000
33000	2990000
34000	3953000
35000	4051000
36000	3987000
37000	4051000
38000	4045000
39000	3946000
40000	4023000
41000	5048000
42000	4987000
43000	3954000
44000	5047000
45000	5048000
46000	4987000
47000	5048000
48000	5012000
49000	5003000
50000	4987000
51000	6018000
52000	6045000
53000	6043000
54000	5999000
55000	5984000
56000	6008000
57000	6007000
58000	6981000
59000	5986000
60000	7037000
61000	5984000
62000	6939000
63000	6981000
64000	7006000
65000	7043000
66000	6939000
67000	7983000
68000	7043000
69000	7999000
70000	7935000
71000	7978000
72000	8000000
73000	8041000
74000	7998000
75000	9038000
76000	7998000
77000	8939000
78000	8976000
79000	8990000
80000	8914000
81000	9010000
82000	9038000
83000	8915000
84000	9918000
85000	9975000
86000	9974000
87000	9968000
88000	9999000
89000	9958000
90000	10970000
91000	10936000
92000	10976000
93000	9953000
94000	9987000
95000	10929000
96000	9973000
97000	10926000
98000	10990000
99000	10972000
100000	10910000
101000	10969000
102000	11906000
103000	10972000
104000	11979000
105000	11968000
106000	10965000
107000	12024000
108000	12985000
109000	11906000
110000	12904000
111000	11970000
112000	11999000
113000	12965000
114000	12908000
115000	12905000
116000	12923000
117000	12029000
118000	12947000
119000	14025000
120000	12966000
121000	13984000
122000	13902000
123000	12990000
124000	13962000
125000	13963000
126000	14960000
127000	13963000
128000	14937000
129000	14958000
130000	14899000
131000	14936000
132000	15023000
133000	14898000
134000	15921000
135000	15987000
136000	14899000
137000	15958000
138000	15957000
139000	15932000
140000	14980000
141000	15952000
142000	16953000
143000	15932000
144000	15896000
145000	16992000
146000	16954000
147000	15958000
148000	16955000
149000	16954000
150000	16954000
151000	16954000
152000	16953000
153000	16955000
154000	16953000
155000	17952000
156000	17961000
157000	17952000
158000	17893000
159000	17955000
160000	17953000
161000	17954000
162000	18888000
163000	17952000
164000	18889000
165000	17978000
166000	18950000
167000	18933000
168000	18949000
169000	18924000
170000	18888000
171000	18984000
172000	20009000
173000	19940000
174000	19922000
175000	19896000
176000	20009000
177000	20936000
178000	19920000
179000	20944000
180000	20880000
181000	20908000
182000	20944000
183000	20875000
184000	21880000
185000	20944000
186000	21919000
187000	20944000
188000	20945000
189000	21917000
190000	21941000
191000	21980000
192000	27925000
193000	21878000
194000	21942000
195000	21943000
196000	21942000
197000	21939000
198000	22936000
199000	22939000
200000	23935000
201000	22943000
202000	21950000
203000	23936000
204000	22939000
205000	24001000
206000	23939000
207000	23898000
208000	24931000
209000	23936000
210000	24892000
211000	23997000
212000	24872000
213000	24937000
214000	24910000
215000	24975000
216000	24915000
217000	24896000
218000	25931000
219000	24947000
220000	25869000
221000	24943000
222000	26903000
223000	25916000
224000	26926000
225000	25967000
226000	25999000
227000	25971000
228000	26932000
229000	26926000
230000	26927000
231000	26929000
232000	26872000
233000	26928000
234000	26955000
235000	26933000
236000	26936000
237000	27925000
238000	27925000
239000	27926000
240000	28922000
241000	27926000
242000	27926000
243000	27901000
244000	27956000
245000	27953000
246000	28899000
247000	28965000
248000	28928000
249000	28994000
250000	28923000
251000	28928000
252000	29981000
253000	29899000
254000	28923000
255000	28916000
256000	29920000
257000	28920000
258000	28923000
259000	29920000
260000	29921000
261000	29920000
262000	30918000
263000	29922000
264000	30922000
265000	30921000
266000	29925000
267000	30980000
268000	29921000
269000	31859000
270000	30896000
271000	31921000
272000	31890000
273000	31980000
274000	31914000
275000	31975000
276000	31915000
277000	32919000
278000	32960000
279000	31914000
280000	32926000
281000	32948000
282000	32904000
283000	32890000
284000	51862000
285000	32916000
286000	34907000
287000	33847000
288000	33980000
289000	33909000
290000	34904000
291000	33909000
292000	33910000
293000	33910000
294000	33908000
295000	34913000
296000	34969000
297000	34894000
298000	35903000
299000	34907000
300000	35943000
301000	34904000
302000	34913000
303000	34912000
304000	34974000
305000	35966000
306000	35904000
307000	35905000
308000	36880000
309000	35899000
310000	36925000
311000	36903000
312000	36900000
313000	35844000
314000	36903000
315000	36903000
316000	36902000
317000	36901000
318000	37898000
319000	36970000
320000	37897000
321000	37900000
322000	39879000
323000	37881000
324000	38879000
325000	37902000
326000	38895000
327000	37899000
328000	38897000
329000	37876000
330000	38896000
331000	37899000
332000	38836000
333000	38896000
334000	38923000
335000	38897000
336000	39964000
337000	39875000
338000	39893000
339000	39892000
340000	38958000
341000	39869000
342000	39880000
343000	40894000
344000	40893000
345000	40898000
346000	39880000
347000	39894000
348000	40891000
349000	41888000
350000	41895000
351000	41886000
352000	41890000
353000	41884000
354000	41887000
355000	43883000
356000	41891000
357000	42886000
358000	42823000
359000	42905000
360000	42926000
361000	42890000
362000	42883000
363000	42886000
364000	42888000
365000	42885000
366000	43945000
367000	43821000
368000	43887000
369000	42885000
370000	43883000
371000	43921000
372000	43865000
373000	43883000
374000	43883000
375000	43886000
376000	44878000
377000	44916000
378000	44880000
379000	44904000
380000	44906000
381000	44880000
382000	44919000
383000	44924000
384000	45879000
385000	45878000
386000	45834000
387000	45878000
388000	45815000
389000	45875000
390000	46873000
391000	46875000
392000	45881000
393000	46836000
394000	46813000
395000	47872000
396000	45883000
397000	47872000
398000	46914000
399000	45877000
400000	47873000
401000	46880000
402000	47934000
403000	46875000
404000	47872000
405000	47847000
406000	47878000
407000	47872000
408000	48810000
409000	47876000
410000	47878000
411000	47872000
412000	47933000
413000	48851000
414000	49868000
415000	48850000
416000	48876000
417000	48848000
418000	49804000
419000	48845000
420000	49893000
421000	49832000
422000	49936000
423000	49927000
424000	49867000
425000	50927000
426000	50889000
427000	50924000
428000	50863000
429000	50862000
430000	50863000
431000	51863000
432000	50862000
433000	50889000
434000	50894000
435000	50864000
436000	51841000
437000	51864000
438000	51860000
439000	51860000
440000	53859000
441000	52859000
442000	51860000
443000	51858000
444000	52922000
445000	52857000
446000	52857000
447000	52857000
448000	52863000
449000	53918000
450000	53887000
451000	52857000
452000	53862000
453000	53854000
454000	53856000
455000	59779000
456000	56923000
457000	53861000
458000	54916000
459000	52888000
460000	54860000
461000	54789000
462000	54852000
463000	54793000
464000	54853000
465000	55852000
466000	55825000
467000	55813000
468000	54832000
469000	54880000
470000	55883000
471000	56853000
472000	55855000
473000	55850000
474000	55856000
475000	57910000
476000	55856000
477000	55815000
478000	56846000
479000	56825000
480000	56844000
481000	56911000
482000	57810000
483000	56824000
484000	56822000
485000	56849000
486000	57846000
487000	59843000
488000	57823000
489000	57871000
490000	57884000
491000	58782000
492000	57867000
493000	57783000
494000	58907000
495000	57905000
496000	58806000
497000	58783000
498000	58843000
499000	58781000
500000	59839000
501000	58866000
502000	59803000
503000	58842000
504000	59906000
505000	59844000
506000	59814000
507000	59840000
508000	60813000
509000	59818000
510000	59811000
511000	60777000
512000	61836000
513000	60880000
514000	60812000
515000	60838000
516000	61873000
517000	61772000
518000	60837000
519000	61841000
520000	61896000
521000	61837000
522000	61834000
523000	62833000
524000	61898000
525000	61835000
526000	61835000
527000	62832000
528000	62845000
529000	61833000
530000	62830000
531000	62830000
532000	62835000
533000	62857000
534000	62836000
535000	63829000
536000	62837000
537000	63769000
538000	63804000
539000	63866000
540000	63855000
541000	63889000
542000	63830000
543000	64764000
544000	65762000
545000	64852000
546000	65763000
547000	65829000
548000	65825000
549000	65798000
550000	65853000
551000	65826000
552000	65853000
553000	66826000
554000	66793000
555000	65820000
556000	66823000
557000	65762000
558000	66823000
559000	66822000
560000	66821000
561000	66818000
562000	66821000
563000	66823000
564000	66821000
565000	69813000
566000	66822000
567000	66846000
568000	68820000
569000	67837000
570000	67879000
571000	68799000
572000	68816000
573000	68814000
574000	68817000
575000	69874000
576000	68878000
577000	69876000
578000	69817000
579000	68819000
580000	69790000
581000	69814000
582000	69814000
583000	68816000
584000	69811000
585000	69813000
586000	70774000
587000	69813000
588000	70810000
589000	70748000
590000	70811000
591000	70834000
592000	70873000
593000	71808000
594000	70813000
595000	71833000
596000	70773000
597000	71813000
598000	71808000
599000	70786000
600000	71808000
601000	71816000
602000	71807000
603000	72808000
604000	72804000
605000	71808000
606000	72806000
607000	73803000
608000	73803000
609000	72776000
610000	73803000
611000	73784000
612000	72770000
613000	73802000
614000	73801000
615000	73803000
616000	73802000
617000	73803000
618000	73803000
619000	74799000
620000	74798000
621000	75778000
622000	78789000
623000	74799000
624000	74830000
625000	74800000
626000	74799000
627000	74801000
628000	75834000
629000	75795000
630000	77798000
631000	75796000
632000	74800000
633000	75822000
634000	76770000
635000	76770000
636000	75820000
637000	76795000
638000	75735000
639000	75798000
640000	76855000
641000	76793000
642000	76793000
643000	76795000
644000	77793000
645000	76796000
646000	77789000
647000	76795000
648000	77816000
649000	77832000
650000	77792000
651000	77792000
652000	77752000
653000	78764000
654000	78790000
655000	77795000
656000	78790000
657000	78790000
658000	78815000
659000	79787000
660000	78764000
661000	78791000
662000	78790000
663000	79785000
664000	78790000
665000	79786000
666000	79725000
667000	80784000
668000	79786000
669000	80846000
670000	80723000
671000	80811000
672000	79809000
673000	80845000
674000	81813000
675000	80846000
676000	80809000
677000	80755000
678000	81844000
679000	80780000
680000	79786000
681000	81842000
682000	81779000
683000	82778000
684000	81783000
685000	81782000
686000	81782000
687000	82781000
688000	82777000
689000	81782000
690000	83774000
691000	82723000
692000	82779000
693000	82779000
694000	83774000
695000	83774000
696000	83776000
697000	83713000
698000	83713000
699000	84772000
700000	84710000
701000	84736000
702000	84712000
703000	84772000
704000	84774000
705000	83777000
706000	85793000
707000	85800000
708000	84773000
709000	84771000
710000	86828000
711000	84834000
712000	86706000
713000	86767000
714000	85770000
715000	85794000
716000	86768000
717000	86793000
718000	85775000
719000	86769000
720000	87766000
721000	86793000
722000	86744000
723000	86744000
724000	87764000
725000	87766000
726000	87761000
727000	87766000
728000	88761000
729000	87765000
730000	87701000
731000	87765000
732000	87766000
733000	88726000
734000	88738000
735000	87731000
736000	88825000
737000	88763000
738000	89724000
739000	88799000
740000	88762000
741000	88763000
742000	88734000
743000	88726000
744000	89763000
745000	89790000
746000	89760000
747000	89761000
748000	90695000
749000	90757000
750000	89795000
751000	90731000
752000	90756000
753000	90755000
754000	90757000
755000	90757000
756000	91814000
757000	90799000
758000	91752000
759000	91735000
760000	91752000
761000	91754000
762000	90760000
763000	91820000
764000	91752000
765000	91752000
766000	91793000
767000	91752000
768000	92789000
769000	91777000
770000	91752000
771000	92772000
772000	92727000
773000	92752000
774000	92714000
775000	93749000
776000	92752000
777000	92753000
778000	93713000
779000	93812000
780000	92777000
781000	93773000
782000	93750000
783000	93752000
784000	94746000
785000	94685000
786000	94684000
787000	93773000
788000	94749000
789000	94724000
790000	94809000
791000	95745000
792000	94793000
793000	94721000
794000	96741000
795000	94786000
796000	96681000
797000	95742000
798000	96740000
799000	96742000
800000	96741000
801000	96742000
802000	95743000
803000	96768000
804000	97676000
805000	96740000
806000	96741000
807000	97740000
808000	96741000
809000	96742000
810000	97764000
811000	98736000
812000	97792000
813000	97737000
814000	97800000
815000	98673000
816000	99732000
817000	98737000
818000	98736000
819000	98700000
820000	98738000
821000	99732000
822000	98673000
823000	99671000
824000	99734000
825000	99732000
826000	99732000
827000	99772000
828000	100731000
829000	99732000
830000	100728000
831000	99796000
832000	99729000
833000	101730000
834000	100695000
835000	100670000
836000	100728000
837000	100730000
838000	100793000
839000	102724000
840000	100733000
841000	101730000
842000	101728000
843000	102725000
844000	102726000
845000	102787000
846000	101728000
847000	102366000
848000	102689000
849000	102726000
850000	101728000
851000	102725000
852000	103719000
853000	103724000
854000	103722000
855000	102727000
856000	102724000
857000	103721000
858000	103686000
859000	104695000
860000	103722000
861000	103701000
862000	104723000
863000	103721000
864000	104722000
865000	105716000
866000	104721000
867000	103723000
868000	105721000
869000	104778000
870000	105714000
871000	104786000
872000	107750000
873000	105721000
874000	104656000
875000	105716000
876000	105718000
877000	106715000
878000	105715000
879000	105719000
880000	107713000
881000	106715000
882000	106716000
883000	105739000
884000	106689000
885000	106679000
886000	107712000
887000	107713000
888000	107713000
889000	106721000
890000	107712000
891000	109708000
892000	108708000
893000	107713000
894000	107715000
895000	108706000
896000	108707000
897000	108709000
898000	108711000
899000	108744000
900000	108709000
901000	108708000
902000	108709000
903000	108771000
904000	109731000
905000	109709000
906000	108644000
907000	109706000
908000	109708000
909000	109706000
910000	114694000
911000	109706000
912000	109705000
913000	109708000
914000	108773000
915000	109644000
916000	110765000
917000	110705000
918000	109709000
919000	110679000
920000	110704000
921000	111663000
922000	110704000
923000	110705000
924000	111701000
925000	110703000
926000	112701000
927000	110696000
928000	112700000
929000	112697000
930000	113695000
931000	112738000
932000	111701000
933000	112761000
934000	113721000
935000	112702000
936000	113636000
937000	113667000
938000	113669000
939000	114719000
940000	113729000
941000	113655000
942000	112717000
943000	114669000
944000	114690000
945000	113758000
946000	114694000
947000	114718000
948000	113721000
949000	114689000
950000	117686000
951000	114694000
952000	116685000
953000	114716000
954000	115688000
955000	115718000
956000	114753000
957000	115690000
958000	116687000
959000	120675000
960000	116626000
961000	115688000
962000	116753000
963000	117683000
964000	115686000
965000	115690000
966000	116658000
967000	117662000
968000	116726000
969000	116688000
970000	117679000
971000	116687000
972000	117685000
973000	117747000
974000	117685000
975000	118681000
976000	117722000
977000	118683000
978000	117643000
979000	119680000
980000	118656000
981000	118681000
982000	117708000
983000	118679000
984000	117802000
985000	120675000
986000	117683000
987000	119618000
988000	118682000
989000	119682000
990000	120676000
991000	119705000
992000	118682000
993000	120676000
994000	120675000
995000	121698000
996000	120704000
997000	124665000
998000	120677000
999000	120675000
1000000	120699000
1000	0
2000	0
3000	997000
4000	998000
5000	997000
6000	0
7000	0
8000	999000
9000	1001000
10000	998000
11000	997000
12000	998000
13000	998000
14000	997000
15000	1000000
16000	1996000
17000	997000
18000	2000000
19000	2181000
20000	1996000
21000	2051000
22000	2016000
23000	2023000
24000	2047000
25000	1997000
26000	3049000
27000	2049000
28000	3044000
29000	3047000
30000	3047000
31000	3047000
32000	3046000
33000	3049000
34000	3054000
35000	4024000
36000	4052000
37000	3012000
38000	3991000
39000	4019000
40000	4050000
41000	4009000
42000	4016000
43000	4008000
44000	5048000
45000	4945000
46000	4008000
47000	5024000
48000	5048000
49000	4988000
50000	6045000
51000	5005000
52000	6043000
53000	6046000
54000	5972000
55000	6045000
56000	6046000
57000	6045000
58000	6046000
59000	5985000
60000	6004000
61000	7044000
62000	7043000
63000	6999000
64000	6981000
65000	7019000
66000	6982000
67000	7003000
68000	8041000
69000	8039000
70000	7998000
71000	7999000
72000	7999000
73000	8040000
74000	8021000
75000	8976000
76000	7976000
77000	8934000
78000	9038000
79000	7978000
80000	7933000
81000	8995000
82000	9037000
83000	8995000
84000	9994000
85000	8977000
86000	10031000
87000	10907000
88000	9913000
89000	9912000
90000	10994000
91000	10035000
92000	9975000
93000	10971000
94000	10976000
95000	11033000
96000	10927000
97000	10908000
98000	11967000
99000	10991000
100000	10975000
101000	10930000
102000	11031000
103000	11986000
104000	11937000
105000	11903000
106000	12000000
107000	11966000
108000	11967000
109000	12925000
110000	12031000
111000	11969000
112000	12953000
113000	12968000
114000	13989000
115000	12967000
116000	12965000
117000	12985000
118000	13951000
119000	12968000
120000	13962000
121000	12965000
122000	12906000
123000	14030000
124000	12966000
125000	13963000
126000	13901000
127000	15917000
128000	14960000
129000	15961000
130000	15894000
131000	14990000
132000	14903000
133000	15895000
134000	14980000
135000	15915000
136000	17016000
137000	15895000
138000	16954000
139000	15891000
140000	16956000
141000	16923000
142000	15936000
143000	15956000
144000	16955000
145000	16953000
146000	16930000
147000	16954000
148000	16956000
149000	16927000
150000	16985000
151000	17892000
152000	17953000
153000	16892000
154000	17891000
155000	18889000
156000	17954000
157000	17973000
158000	17919000
159000	18955000
160000	18954000
161000	17951000
162000	18924000
163000	18949000
164000	17951000
165000	17955000
166000	18963000
167000	18949000
168000	19012000
169000	18928000
170000	18963000
171000	19975000
172000	19947000
173000	19947000
174000	19946000
175000	20008000
176000	19927000
177000	19886000
178000	20882000
179000	20943000
180000	20944000
181000	20970000
182000	20925000
183000	21977000
184000	21961000
185000	20945000
186000	21937000
187000	21979000
188000	20878000
189000	21942000
190000	21917000
191000	22004000
192000	21915000
193000	21917000
194000	21942000
195000	21938000
196000	21919000
197000	22936000
198000	22914000
199000	22934000
200000	23998000
201000	22939000
202000	23964000
203000	23875000
204000	22939000
205000	22943000
206000	23943000
207000	24938000
208000	23937000
209000	23937000
210000	23940000
211000	23936000
212000	23936000
213000	24910000
214000	25001000
215000	24941000
216000	24907000
217000	24939000
218000	24940000
219000	24995000
220000	25969000
221000	25930000
222000	25932000
223000	25930000
224000	25934000
225000	25935000
226000	25936000
227000	25866000
228000	26906000
229000	26930000
230000	26868000
231000	25938000
232000	26963000
233000	26954000
234000	26928000
235000	26931000
236000	26934000
237000	27926000
238000	27904000
239000	27899000
240000	27926000
241000	26928000
242000	27924000
243000	27926000
244000	27961000
245000	28965000
246000	28898000
247000	28921000
248000	28920000
249000	28922000
250000	28987000
251000	29902000
252000	28923000
253000	28907000
254000	29946000
255000	28984000
256000	28902000
257000	28984000
258000	29924000
259000	29929000
260000	29924000
261000	29920000
262000	29923000
263000	29925000
264000	29941000
265000	30918000
266000	30955000
267000	29923000
268000	30923000
269000	30926000
270000	30901000
271000	31952000
272000	30958000
273000	30918000
274000	30953000
275000	31918000
276000	32913000
277000	31920000
278000	31983000
279000	32974000
280000	33909000
281000	31913000
282000	32948000
283000	32918000
284000	32912000
285000	32912000
286000	32917000
287000	33914000
288000	32912000
289000	32916000
290000	33939000
291000	33909000
292000	33907000
293000	33919000
294000	33845000
295000	34973000
296000	34974000
297000	34907000
298000	34908000
299000	35900000
300000	35908000
301000	34889000
302000	35971000
303000	35966000
304000	34907000
305000	35903000
306000	36902000
307000	35908000
308000	35917000
309000	35916000
310000	36905000
311000	36899000
312000	37898000
313000	36901000
314000	37836000
315000	36943000
316000	36943000
317000	37903000
318000	37897000
319000	36910000
320000	36908000
321000	37882000
322000	37897000
323000	38032000
324000	37899000
325000	38895000
326000	37966000
327000	38933000
328000	38903000
329000	38894000
330000	37898000
331000	38896000
332000	38895000
333000	38902000
334000	38939000
335000	38896000
336000	39891000
337000	39873000
338000	41891000
339000	39898000
340000	39916000
341000	39833000
342000	39901000
343000	40870000
344000	39894000
345000	40932000
346000	40869000
347000	40898000
348000	40889000
349000	40828000
350000	41888000
351000	40893000
352000	41934000
353000	41889000
354000	41886000
355000	41952000
356000	42890000
357000	42947000
358000	41959000
359000	41909000
360000	42885000
361000	41893000
362000	42887000
363000	42925000
364000	42956000
365000	41901000
366000	42860000
367000	43881000
368000	42886000
369000	43880000
370000	43879000
371000	42860000
372000	43820000
373000	43881000
374000	43885000
375000	43882000
376000	43883000
377000	43883000
378000	43882000
379000	44860000
380000	43888000
381000	44855000
382000	44880000
383000	44880000
384000	45878000
385000	44884000
386000	44884000
387000	44880000
388000	44882000
389000	44878000
390000	45820000
391000	45876000
392000	46875000
393000	46875000
394000	45853000
395000	45877000
396000	45882000
397000	46879000
398000	46942000
399000	46940000
400000	47880000
401000	47877000
402000	47939000
403000	47875000
404000	47879000
405000	47872000
406000	48870000
407000	47872000
408000	48932000
409000	49867000
410000	47876000
411000	48870000
412000	48866000
413000	49867000
414000	48870000
415000	49867000
416000	49804000
417000	49867000
418000	48874000
419000	49867000
420000	49867000
421000	49841000
422000	50887000
423000	49867000
424000	50802000
425000	49845000
426000	49877000
427000	49928000
428000	50864000
429000	50892000
430000	50868000
431000	50864000
432000	51883000
433000	51887000
434000	50864000
435000	51866000
436000	51862000
437000	51840000
438000	51867000
439000	51800000
440000	52834000
441000	51861000
442000	53832000
443000	51862000
444000	54851000
445000	52859000
446000	52860000
447000	52859000
448000	52861000
449000	52822000
450000	53854000
451000	52838000
452000	53858000
453000	53856000
454000	53795000
455000	52922000
456000	53796000
457000	53918000
458000	53854000
459000	53856000
460000	55850000
461000	53856000
462000	54854000
463000	55852000
464000	54853000
465000	54792000
466000	54854000
467000	55886000
468000	54793000
469000	55848000
470000	55825000
471000	55850000
472000	55860000
473000	55867000
474000	55860000
475000	56909000
476000	55914000
477000	58818000
478000	55847000
479000	57846000
480000	56847000
481000	56900000
482000	56786000
483000	57844000
484000	57822000
485000	57883000
486000	57850000
487000	58848000
488000	57831000
489000	57843000
490000	57852000
491000	58778000
492000	57847000
493000	58821000
494000	58906000
495000	58781000
496000	58844000
497000	58908000
498000	58907000
499000	58905000
500000	58902000
501000	58842000
502000	59838000
503000	59843000
504000	58842000
505000	59837000
506000	59905000
507000	59902000
508000	59862000
509000	61878000
510000	59884000
511000	60843000
512000	59837000
513000	60776000
514000	61833000
515000	61833000
516000	60835000
517000	61837000
518000	61834000
519000	62833000
520000	60839000
521000	62831000
522000	60880000
523000	61833000
524000	62831000
525000	62772000
526000	61835000
527000	61870000
528000	62830000
529000	62832000
530000	62806000
531000	62832000
532000	61834000
533000	62837000
534000	62808000
535000	63829000
536000	63828000
537000	64827000
538000	64829000
539000	63829000
540000	63829000
541000	64826000
542000	63830000
543000	63893000
544000	64824000
545000	63830000
546000	64826000
547000	65823000
548000	64826000
549000	65824000
550000	65824000
551000	66822000
552000	65824000
553000	65824000
554000	65824000
555000	73804000
556000	65824000
557000	66821000
558000	65824000
559000	66822000
560000	66800000
561000	66884000
562000	72805000
563000	80782000
564000	67818000
565000	67881000
566000	67818000
567000	67838000
568000	67881000
569000	67842000
570000	68754000
571000	68816000
572000	67881000
573000	68832000
574000	68793000
575000	69793000
576000	68813000
577000	69815000
578000	69813000
579000	69813000
580000	69843000
581000	69875000
582000	69838000
583000	69751000
584000	69844000
585000	69785000
586000	69837000
587000	69774000
588000	69844000
589000	70814000
590000	70840000
591000	69809000
592000	70748000
593000	70814000
594000	70809000
595000	70807000
596000	70808000
597000	70809000
598000	70808000
599000	71808000
600000	70876000
601000	72781000
602000	71785000
603000	71815000
604000	72804000
605000	71808000
606000	72781000
607000	72802000
608000	72806000
609000	73841000
610000	72805000
611000	73779000
612000	73840000
613000	73806000
614000	74803000
615000	73864000
616000	73800000
617000	73837000
618000	73777000
619000	73841000
620000	74823000
621000	75760000
622000	74776000
623000	74799000
624000	74796000
625000	74799000
626000	75798000
627000	76799000
628000	74801000
629000	76796000
630000	75735000
631000	75799000
632000	75762000
633000	76795000
634000	75798000
635000	76816000
636000	76795000
637000	75797000
638000	77790000
639000	76795000
640000	75859000
641000	77790000
642000	76796000
643000	77793000
644000	79789000
645000	76796000
646000	76794000
647000	76831000
648000	77792000
649000	77791000
650000	78791000
651000	76821000
652000	78827000
653000	77768000
654000	77728000
655000	77791000
656000	77791000
657000	77817000
658000	78729000
659000	78812000
660000	78788000
661000	78788000
662000	78790000
663000	78789000
664000	78794000
665000	78831000
666000	79787000
667000	79816000
668000	79786000
669000	78789000
670000	79786000
671000	80782000
672000	80747000
673000	80784000
674000	80807000
675000	79821000
676000	82736000
677000	80809000
678000	81782000
679000	81781000
680000	81806000
681000	80786000
682000	81781000
683000	81780000
684000	81781000
685000	81779000
686000	81777000
687000	82778000
688000	82778000
689000	82761000
690000	82777000
691000	82779000
692000	83779000
693000	83776000
694000	84776000
695000	84837000
696000	83773000
697000	83771000
698000	83753000
699000	83838000
700000	83813000
701000	84774000
702000	84773000
703000	84749000
704000	84770000
705000	85793000
706000	84749000
707000	84748000
708000	84774000
709000	88763000
710000	85809000
711000	86771000
712000	85771000
713000	84772000
714000	85770000
715000	85770000
716000	86804000
717000	86764000
718000	86771000
719000	86707000
720000	86768000
721000	86768000
722000	87771000
723000	86832000
724000	86707000
725000	86827000
726000	88763000
727000	88763000
728000	87766000
729000	87827000
730000	88783000
731000	87765000
732000	87766000
733000	88762000
734000	87765000
735000	88761000
736000	87764000
737000	88741000
738000	89735000
739000	88788000
740000	88789000
741000	89814000
742000	89724000
743000	89787000
744000	89759000
745000	89755000
746000	89783000
747000	90752000
748000	91780000
749000	90733000
750000	89759000
751000	90793000
752000	90757000
753000	90787000
754000	90696000
755000	90695000
756000	90793000
757000	90757000
758000	90696000
759000	91729000
760000	91757000
761000	90731000
762000	91755000
763000	94747000
764000	91751000
765000	92753000
766000	91755000
767000	92754000
768000	91757000
769000	92780000
770000	92752000
771000	92752000
772000	92754000
773000	93750000
774000	92777000
775000	94750000
776000	93745000
777000	92816000
778000	93746000
779000	92756000
780000	93772000
781000	92752000
782000	94686000
783000	93749000
784000	93751000
785000	93751000
786000	94808000
787000	94746000
788000	93751000
789000	94745000
790000	95743000
791000	95768000
792000	94747000
793000	95745000
794000	95744000
795000	96741000
796000	96704000
797000	95745000
798000	95769000
799000	96744000
800000	96715000
801000	97702000
802000	95778000
803000	96736000
804000	96717000
805000	96804000
806000	96739000
807000	97744000
808000	96705000
809000	97739000
810000	97738000
811000	97763000
812000	98707000
813000	97741000
814000	97673000
815000	97799000
816000	97739000
817000	98737000
818000	98737000
819000	97739000
820000	98738000
821000	98797000
822000	99735000
823000	98735000
824000	99758000
825000	100730000
826000	99735000
827000	99671000
828000	99794000
829000	100731000
830000	100769000
831000	100731000
832000	100730000
833000	100730000
834000	101729000
835000	100756000
836000	102701000
837000	100792000
838000	101751000
839000	101753000
840000	102661000
841000	101728000
842000	101705000
843000	104718000
844000	102788000
845000	102729000
846000	101728000
847000	102715000
848000	102748000
849000	103784000
850000	102728000
851000	103742000
852000	102788000
853000	102730000
854000	103723000
855000	102722000
856000	103747000
857000	102751000
858000	107711000
859000	102726000
860000	103662000
861000	102761000
862000	104683000
863000	104722000
864000	104721000
865000	104720000
866000	105717000
867000	104716000
868000	104719000
869000	104756000
870000	105718000
871000	104722000
872000	104714000
873000	105718000
874000	106715000
875000	105717000
876000	105716000
877000	106719000
878000	106708000
879000	106715000
880000	105780000
881000	106652000
882000	106739000
883000	107710000
884000	110704000
885000	106714000
886000	106678000
887000	107711000
888000	107713000
889000	107714000
890000	107710000
891000	107714000
892000	107712000
893000	107747000
894000	107715000
895000	113691000
896000	107714000
897000	107685000
898000	107776000
899000	110704000
900000	108735000
901000	108711000
902000	108711000
903000	108710000
904000	108708000
905000	108732000
906000	108710000
907000	109711000
908000	109646000
909000	108708000
910000	110708000
911000	109698000
912000	109708000
913000	109675000
914000	110705000
915000	109707000
916000	109705000
917000	110707000
918000	111700000
919000	110743000
920000	110703000
921000	110706000
922000	110668000
923000	110701000
924000	110686000
925000	111720000
926000	111640000
927000	111701000
928000	111701000
929000	111701000
930000	111702000
931000	112698000
932000	112676000
933000	112701000
934000	113720000
935000	112698000
936000	113698000
937000	112699000
938000	113719000
939000	112698000
940000	113716000
941000	113666000
942000	113760000
943000	115711000
944000	113757000
945000	113694000
946000	114695000
947000	114694000
948000	114632000
949000	116688000
950000	114691000
951000	117679000
952000	114688000
953000	116708000
954000	115691000
955000	115689000
956000	115661000
957000	115690000
958000	117621000
959000	116723000
960000	115691000
961000	116750000
962000	115685000
963000	116688000
964000	115629000
965000	117686000
966000	117687000
967000	117687000
968000	115721000
969000	115691000
970000	117748000
971000	117687000
972000	116690000
973000	117659000
974000	117685000
975000	118683000
976000	117684000
977000	118683000
978000	121650000
979000	118698000
980000	118745000
981000	118678000
982000	118682000
983000	118682000
984000	119656000
985000	119681000
986000	119717000
987000	119656000
988000	118657000
989000	118743000
990000	120672000
991000	119663000
992000	120676000
993000	120712000
994000	120652000
995000	120671000
996000	121675000
997000	119679000
998000	121614000
999000	119618000
1000000	121671000
1000	0
2000	0
3000	0
4000	1001000
5000	0
6000	0
7000	0
8000	0
9000	1003000
10000	993000
11000	998000
12000	997000
13000	997000
14000	1995000
15000	1995000
16000	1994000
17000	1996000
18000	1994000
19000	1995000
20000	1994000
21000	2026000
22000	1998000
23000	3018000
24000	1999000
25000	1997000
26000	2987000
27000	1998000
28000	2021000
29000	2995000
30000	2996000
31000	2997000
32000	2996000
33000	3056000
34000	2996000
35000	3993000
36000	4022000
37000	3993000
38000	2991000
39000	5010000
40000	4989000
41000	4017000
42000	4943000
43000	4947000
44000	5048000
45000	4944000
46000	5049000
47000	5051000
48000	5040000
49000	4942000
50000	5015000
51000	4926000
52000	6047000
53000	5012000
54000	5941000
55000	4987000
56000	6000000
57000	5983000
58000	6008000
59000	7042000
60000	5946000
61000	5986000
62000	5953000
63000	6945000
64000	5953000
65000	6998000
66000	6982000
67000	7001000
68000	8041000
69000	7937000
70000	6984000
71000	7998000
72000	7998000
73000	8978000
74000	8011000
75000	8001000
76000	7997000
77000	7915000
78000	9001000
79000	8975000
80000	8938000
81000	9036000
82000	8965000
83000	8980000
84000	8980000
85000	10004000
86000	9989000
87000	9931000
88000	9996000
89000	9992000
90000	9977000
91000	10037000
92000	9993000
93000	10926000
94000	9975000
95000	9911000
96000	10971000
97000	10933000
98000	10968000
99000	11029000
100000	10906000
101000	10970000
102000	10925000
103000	11992000
104000	10971000
105000	11971000
106000	11968000
107000	11964000
108000	12982000
109000	11972000
110000	11967000
111000	12965000
112000	12903000
113000	11914000
114000	11969000
115000	11964000
116000	11969000
117000	12969000
118000	12913000
119000	13926000
120000	13902000
121000	13900000
122000	13959000
123000	13934000
124000	13931000
125000	13896000
126000	14946000
127000	13900000
128000	13966000
129000	13897000
130000	14981000
131000	15956000
132000	14960000
133000	14956000
134000	14963000
135000	14957000
136000	15958000
137000	15894000
138000	14961000
139000	15895000
140000	15955000
141000	15895000
142000	15896000
143000	16957000
144000	15961000
145000	15958000
146000	15959000
147000	16892000
148000	18946000
149000	16893000
150000	16893000
151000	17951000
152000	17954000
153000	16904000
154000	16955000
155000	16955000
156000	17953000
157000	17954000
158000	17950000
159000	17988000
160000	17952000
161000	17976000
162000	17952000
163000	18013000
164000	18889000
165000	18948000
166000	18949000
167000	18952000
168000	18987000
169000	18933000
170000	19011000
171000	18906000
172000	18974000
173000	19945000
174000	19885000
175000	19966000
176000	19926000
177000	20924000
178000	19948000
179000	21006000
180000	19968000
181000	20879000
182000	20943000
183000	20945000
184000	20943000
185000	20924000
186000	20944000
187000	20882000
188000	21006000
189000	21878000
190000	21941000
191000	21878000
192000	22877000
193000	21990000
194000	21937000
195000	22941000
196000	21940000
197000	22940000
198000	22939000
199000	22940000
200000	22938000
201000	22976000
202000	22869000
203000	22944000
204000	22940000
205000	23931000
206000	23950000
207000	23935000
208000	23936000
209000	23935000
210000	23935000
211000	23945000
212000	24936000
213000	23936000
214000	24951000
215000	24972000
216000	24871000
217000	24878000
218000	24938000
219000	25932000
220000	24943000
221000	25910000
222000	25939000
223000	24939000
224000	25915000
225000	25977000
226000	25941000
227000	26934000
228000	26965000
229000	25933000
230000	26926000
231000	26930000
232000	27927000
233000	25973000
234000	26904000
235000	27925000
236000	27925000
237000	26902000
238000	27929000
239000	27931000
240000	27927000
241000	27899000
242000	27928000
243000	28856000
244000	27929000
245000	27864000
246000	27963000
247000	28926000
248000	28903000
249000	28930000
250000	28985000
251000	28928000
252000	29927000
253000	28859000
254000	29926000
255000	28883000
256000	29901000
257000	30962000
258000	30855000
259000	29854000
260000	29957000
261000	30918000
262000	29926000
263000	29918000
264000	30915000
265000	30854000
266000	30916000
267000	31916000
268000	30918000
269000	30917000
270000	29959000
271000	31891000
272000	31914000
273000	31915000
274000	31878000
275000	31921000
276000	31896000
277000	32955000
278000	31920000
279000	32917000
280000	31916000
281000	32911000
282000	32910000
283000	32912000
284000	33910000
285000	32979000
286000	33908000
287000	36902000
288000	33939000
289000	33914000
290000	33893000
291000	34887000
292000	33906000
293000	33908000
294000	34972000
295000	33916000
296000	33891000
297000	34846000
298000	34974000
299000	34885000
300000	34950000
301000	34907000
302000	35911000
303000	35927000
304000	34888000
305000	35022000
306000	35902000
307000	35902000
308000	36968000
309000	36860000
310000	35944000
311000	37899000
312000	36898000
313000	36838000
314000	36903000
315000	37896000
316000	37012000
317000	36902000
318000	36882000
319000	37900000
320000	36967000
321000	37908000
322000	36901000
323000	37909000
324000	36968000
325000	37900000
326000	36913000
327000	37942000
328000	37927000
329000	37898000
330000	38957000
331000	37880000
332000	38900000
333000	38933000
334000	39862000
335000	39833000
336000	39892000
337000	38900000
338000	39894000
339000	39960000
340000	39872000
341000	40869000
342000	39897000
343000	40830000
344000	40874000
345000	40867000
346000	40833000
347000	40961000
348000	40896000
349000	40895000
350000	40895000
351000	41884000
352000	40937000
353000	41893000
354000	42881000
355000	40927000
356000	41890000
357000	42016000
358000	41825000
359000	42886000
360000	41886000
361000	42895000
362000	42862000
363000	42885000
364000	42867000
365000	42930000
366000	42888000
367000	43912000
368000	42850000
369000	43882000
370000	43883000
371000	43883000
372000	44882000
373000	44881000
374000	44879000
375000	44817000
376000	43925000
377000	44884000
378000	44941000
379000	44860000
380000	44880000
381000	45875000
382000	45878000
383000	46876000
384000	44881000
385000	45876000
386000	45885000
387000	48870000
388000	44949000
389000	44946000
390000	45882000
391000	45877000
392000	45878000
393000	45958000
394000	46877000
395000	46874000
396000	46813000
397000	46874000
398000	46872000
399000	46873000
400000	51922000
401000	48870000
402000	47870000
403000	46855000
404000	47872000
405000	47901000
406000	48806000
407000	47868000
408000	48869000
409000	48867000
410000	48849000
411000	48868000
412000	47902000
413000	48869000
414000	48810000
415000	48809000
416000	49846000
417000	49866000
418000	49871000
419000	49888000
420000	49868000
421000	48875000
422000	49868000
423000	49886000
424000	49896000
425000	50886000
426000	49867000
427000	50930000
428000	49933000
429000	49878000
430000	50838000
431000	51824000
432000	50864000
433000	51922000
434000	50802000
435000	51862000
436000	52858000
437000	51861000
438000	51863000
439000	51861000
440000	51859000
441000	51861000
442000	51863000
443000	52859000
444000	52858000
445000	52859000
446000	53856000
447000	54853000
448000	52925000
449000	52853000
450000	52839000
451000	53836000
452000	53857000
453000	52858000
454000	53854000
455000	53858000
456000	54853000
457000	54855000
458000	53851000
459000	54901000
460000	54854000
461000	53857000
462000	54831000
463000	54791000
464000	54859000
465000	54880000
466000	55830000
467000	55871000
468000	55826000
469000	56785000
470000	55850000
471000	55851000
472000	55852000
473000	55887000
474000	55851000
475000	55791000
476000	55851000
477000	58881000
478000	56874000
479000	56848000
480000	56849000
481000	56846000
482000	56917000
483000	57908000
484000	56847000
485000	57852000
486000	56828000
487000	57848000
488000	57846000
489000	58846000
490000	57846000
491000	57846000
492000	58870000
493000	58868000
494000	57870000
495000	58903000
496000	58910000
497000	58860000
498000	58823000
499000	59802000
500000	59839000
501000	58842000
502000	59838000
503000	59814000
504000	59815000
505000	59841000
506000	59804000
507000	59774000
508000	59841000
509000	60777000
510000	59844000
511000	59842000
512000	59954000
513000	60812000
514000	60775000
515000	61835000
516000	60899000
517000	60774000
518000	60864000
519000	61835000
520000	60837000
521000	60918000
522000	61833000
523000	62832000
524000	61796000
525000	61837000
526000	61837000
527000	62835000
528000	63828000
529000	62833000
530000	62834000
531000	62770000
532000	62893000
533000	63833000
534000	62831000
535000	63831000
536000	65825000
537000	63829000
538000	63891000
539000	63834000
540000	64827000
541000	63864000
542000	63835000
543000	65826000
544000	64827000
545000	64827000
546000	64827000
547000	65825000
548000	65820000
549000	65849000
550000	65799000
551000	68880000
552000	65824000
553000	65849000
554000	65825000
555000	66843000
556000	66761000
557000	65824000
558000	66795000
559000	67818000
560000	67819000
561000	66819000
562000	67820000
563000	67820000
564000	66796000
565000	67756000
566000	67830000
567000	67844000
568000	67881000
569000	67757000
570000	68815000
571000	68816000
572000	68816000
573000	67818000
574000	68818000
575000	68817000
576000	68817000
577000	69814000
578000	68816000
579000	69874000
580000	69876000
581000	69790000
582000	69842000
583000	70835000
584000	70813000
585000	69753000
586000	70811000
587000	69812000
588000	74738000
589000	70811000
590000	70811000
591000	70750000
592000	70839000
593000	71808000
594000	70832000
595000	71808000
596000	71785000
597000	71807000
598000	70837000
599000	71777000
600000	71771000
601000	71832000
602000	72813000
603000	71808000
604000	72806000
605000	71744000
606000	72805000
607000	73802000
608000	72868000
609000	72804000
610000	72804000
611000	73803000
612000	73777000
613000	73781000
614000	72807000
615000	73827000
616000	73803000
617000	72849000
618000	74800000
619000	73803000
620000	74769000
621000	75734000
622000	75800000
623000	74763000
624000	74799000
625000	74799000
626000	74800000
627000	75798000
628000	74800000
629000	74800000
630000	76796000
631000	75794000
632000	75732000
633000	75801000
634000	76772000
635000	75767000
636000	75819000
637000	76794000
638000	77830000
639000	77792000
640000	76798000
641000	77794000
642000	76794000
643000	76733000
644000	76770000
645000	76794000
646000	76792000
647000	77796000
648000	76817000
649000	77793000
650000	77788000
651000	77794000
652000	77794000
653000	77792000
654000	77792000
655000	77732000
656000	77792000
657000	78791000
658000	77794000
659000	79789000
660000	78727000
661000	78790000
662000	79787000
663000	79722000
664000	79788000
665000	80784000
666000	78854000
667000	79787000
668000	80761000
669000	80783000
670000	79786000
671000	80783000
672000	79761000
673000	79787000
674000	80784000
675000	81806000
676000	80826000
677000	81781000
678000	81781000
679000	81756000
680000	81805000
681000	82777000
682000	81785000
683000	82780000
684000	81784000
685000	81810000
686000	81764000
687000	82841000
688000	82779000
689000	82776000
690000	82781000
691000	82819000
692000	82778000
693000	82842000
694000	83776000
695000	83776000
696000	83774000
697000	83751000
698000	83778000
699000	83774000
700000	83752000
701000	83801000
702000	84804000
703000	84712000
704000	84711000
705000	85709000
706000	84774000
707000	85771000
708000	84835000
709000	84777000
710000	85770000
711000	85770000
712000	86768000
713000	85793000
714000	86765000
715000	86818000
716000	85771000
717000	86769000
718000	86766000
719000	86795000
720000	86767000
721000	87766000
722000	88764000
723000	86768000
724000	87741000
725000	87766000
726000	86767000
727000	87765000
728000	87765000
729000	87766000
730000	87832000
731000	88762000
732000	88762000
733000	88761000
734000	88769000
735000	88763000
736000	87789000
737000	88726000
738000	88741000
739000	88762000
740000	89760000
741000	89827000
742000	89821000
743000	89759000
744000	89784000
745000	89760000
746000	89759000
747000	88782000
748000	91730000
749000	90780000
750000	89757000
751000	89756000
752000	90755000
753000	90696000
754000	89737000
755000	91695000
756000	90757000
757000	90895000
758000	91755000
759000	92752000
760000	90788000
761000	90752000
762000	91754000
763000	92751000
764000	92690000
765000	92688000
766000	91757000
767000	92715000
768000	92777000
769000	91753000
770000	96742000
771000	91754000
772000	93753000
773000	92814000
774000	93746000
775000	93751000
776000	93747000
777000	93749000
778000	93727000
779000	93751000
780000	92752000
781000	93748000
782000	94809000
783000	93688000
784000	93810000
785000	93748000
786000	93748000
787000	95744000
788000	93752000
789000	94746000
790000	94748000
791000	95768000
792000	95786000
793000	94811000
794000	95745000
795000	95781000
796000	96742000
797000	95746000
798000	96745000
799000	96742000
800000	97739000
801000	95744000
802000	96717000
803000	96766000
804000	96741000
805000	96762000
806000	96743000
807000	97741000
808000	97739000
809000	97677000
810000	98796000
811000	97738000
812000	97739000
813000	98735000
814000	98776000
815000	98758000
816000	97766000
817000	98737000
818000	98737000
819000	98764000
820000	99731000
821000	98736000
822000	98765000
823000	98676000
824000	99731000
825000	99671000
826000	100668000
827000	99795000
828000	99796000
829000	99729000
830000	100666000
831000	100736000
832000	100794000
833000	100797000
834000	100734000
835000	101711000
836000	101687000
837000	100732000
838000	100705000
839000	101667000
840000	101753000
841000	102724000
842000	101757000
843000	101754000
844000	101752000
845000	102725000
846000	101726000
847000	101729000
848000	102756000
849000	101754000
850000	102727000
851000	102728000
852000	102725000
853000	103723000
854000	104721000
855000	102753000
856000	103726000
857000	103722000
858000	102757000
859000	103722000
860000	104747000
861000	103748000
862000	104500000
863000	104720000
864000	105780000
865000	103722000
866000	104745000
867000	105717000
868000	104720000
869000	105743000
870000	105742000
871000	104719000
872000	105717000
873000	105683000
874000	104745000
875000	105718000
876000	106715000
877000	105692000
878000	105739000
879000	106716000
880000	106713000
881000	105779000
882000	105778000
883000	107713000
884000	107713000
885000	105717000
886000	106716000
887000	106711000
888000	107686000
889000	108709000
890000	106740000
891000	108711000
892000	108709000
893000	107651000
894000	108708000
895000	107712000
896000	108712000
897000	108710000
898000	107746000
899000	107712000
900000	109707000
901000	108708000
902000	108710000
903000	109729000
904000	108740000
905000	108710000
906000	108774000
907000	109767000
908000	108709000
909000	108672000
910000	110678000
911000	109704000
912000	109707000
913000	109671000
914000	109706000
915000	109641000
916000	114693000
917000	110703000
918000	110703000
919000	110701000
920000	111701000
921000	109741000
922000	112700000
923000	110730000
924000	111638000
925000	111676000
926000	111699000
927000	111700000
928000	112720000
929000	113696000
930000	112720000
931000	111700000
932000	112674000
933000	112718000
934000	113695000
935000	111696000
936000	113671000
937000	112722000
938000	112759000
939000	113694000
940000	115692000
941000	113633000
942000	114680000
943000	113697000
944000	115691000
945000	114668000
946000	113758000
947000	113695000
948000	115693000
949000	114693000
950000	115753000
951000	115689000
952000	115691000
953000	115691000
954000	115689000
955000	115692000
956000	115690000
957000	115691000
958000	115690000
959000	115689000
960000	115754000
961000	115753000
962000	115689000
963000	117709000
964000	117686000
965000	117685000
966000	116689000
967000	117684000
968000	134639000
969000	144613000
970000	147606000
971000	141622000
972000	133642000
973000	143615000
974000	140624000
975000	138628000
976000	143615000
977000	140624000
978000	142619000
979000	150597000
980000	146609000
981000	136635000
982000	119679000
983000	117686000
984000	119619000
985000	118683000
986000	118685000
987000	118683000
988000	119678000
989000	119657000
990000	119743000
991000	120639000
992000	119678000
993000	120740000
994000	120679000
995000	155586000
996000	127659000
997000	121649000
998000	120673000
999000	119744000
1000000	120651000
1000	0
2000	0
3000	997000
4000	0
5000	1020000
6000	999000
7000	0
8000	0
9000	997000
10000	1023000
11000	1042000
12000	1033000
13000	1958000
14000	2050000
15000	997000
16000	996000
17000	997000
18000	1993000
19000	2032000
20000	2001000
21000	2056000
22000	2057000
23000	2036000
24000	2047000
25000	3054000
26000	2961000
27000	3055000
28000	1952000
29000	3053000
30000	3022000
31000	3053000
32000	2993000
33000	3050000
34000	4052000
35000	3055000
36000	3998000
37000	2991000
38000	3989000
39000	4016000
40000	4009000
41000	4051000
42000	4987000
43000	4052000
44000	4011000
45000	5015000
46000	5047000
47000	5011000
48000	5047000
49000	5985000
50000	4946000
51000	4986000
52000	6045000
53000	5942000
54000	6008000
55000	6046000
56000	7042000
57000	6020000
58000	5943000
59000	6951000
60000	7017000
61000	5925000
62000	6930000
63000	7020000
64000	6982000
65000	6939000
66000	6982000
67000	6961000
68000	8040000
69000	7999000
70000	7998000
71000	7976000
72000	8042000
73000	7978000
74000	7998000
75000	9037000
76000	9038000
77000	8930000
78000	8978000
79000	9009000
80000	8997000
81000	9037000
82000	8994000
83000	9966000
84000	9992000
85000	9003000
86000	8976000
87000	8977000
88000	10034000
89000	10035000
90000	9951000
91000	10939000
92000	9973000
93000	9975000
94000	9974000
95000	9974000
96000	10965000
97000	10972000
98000	10909000
99000	10970000
100000	12014000
101000	10970000
102000	10971000
103000	10970000
104000	11979000
105000	12032000
106000	11967000
107000	11967000
108000	11972000
109000	11968000
110000	12967000
111000	11967000
112000	12993000
113000	12965000
114000	12946000
115000	11966000
116000	12966000
117000	12997000
118000	12986000
119000	13899000
120000	12964000
121000	13964000
122000	14897000
123000	13965000
124000	13932000
125000	14898000
126000	13962000
127000	14959000
128000	14917000
129000	14981000
130000	14980000
131000	14980000
132000	14959000
133000	19887000
134000	19011000
135000	17989000
136000	18951000
137000	19945000
138000	19985000
139000	19945000
140000	20945000
141000	18948000
142000	17016000
143000	16958000
144000	16955000
145000	16984000
146000	15977000
147000	15958000
148000	16956000
149000	17925000
150000	17018000
151000	17016000
152000	17892000
153000	18951000
154000	17920000
155000	17956000
156000	17924000
157000	17890000
158000	19885000
159000	21004000
160000	18924000
161000	17952000
162000	18888000
163000	18954000
164000	17953000
165000	18901000
166000	19013000
167000	19010000
168000	18917000
169000	19945000
170000	18980000
171000	19921000
172000	19948000
173000	19946000
174000	19948000
175000	20971000
176000	19922000
177000	19921000
178000	20951000
179000	19947000
180000	20926000
181000	20881000
182000	20975000
183000	20947000
184000	20944000
185000	20943000
186000	21960000
187000	20913000
188000	24933000
189000	21944000
190000	21939000
191000	21942000
192000	21977000
193000	21923000
194000	22875000
195000	21941000
196000	22940000
197000	22910000
198000	22876000
199000	21965000
200000	22915000
201000	22963000
202000	23000000
203000	23936000
204000	22919000
205000	23930000
206000	22936000
207000	23935000
208000	23935000
209000	24934000
210000	23936000
211000	23934000
212000	24933000
213000	23939000
214000	24936000
215000	24933000
216000	27949000
217000	33952000
218000	33906000
219000	28922000
220000	31935000
221000	27883000
222000	26991000
223000	25935000
224000	25866000
225000	25992000
226000	26935000
227000	25998000
228000	25867000
229000	25910000
230000	25930000
231000	26865000
232000	25937000
233000	26996000
234000	26966000
235000	26928000
236000	26933000
237000	26907000
238000	26928000
239000	26928000
240000	26935000
241000	27986000
242000	27923000
243000	27932000
244000	27988000
245000	28900000
246000	28923000
247000	27929000
248000	28862000
249000	28862000
250000	28963000
251000	28919000
252000	28921000
253000	28921000
254000	29926000
255000	28864000
256000	29921000
257000	29918000
258000	28924000
259000	29920000
260000	29924000
261000	29987000
262000	30920000
263000	29926000
264000	30924000
265000	30917000
266000	29943000
267000	30921000
268000	30928000
269000	30894000
270000	30942000
271000	30957000
272000	31897000
273000	31899000
274000	31962000
275000	32856000
276000	37941000
277000	41825000
278000	35905000
279000	39893000
280000	32912000
281000	32982000
282000	32910000
283000	32977000
284000	33885000
285000	32975000
286000	33874000
287000	32912000
288000	33975000
289000	33879000
290000	33916000
291000	34845000
292000	34843000
293000	33885000
294000	33950000
295000	33971000
296000	34907000
297000	34840000
298000	34906000
299000	34911000
300000	35969000
301000	35884000
302000	37876000
303000	34973000
304000	35996000
305000	35909000
306000	35910000
307000	36901000
308000	36877000
309000	36947000
310000	37879000
311000	36907000
312000	36940000
313000	37878000
314000	36929000
315000	36901000
316000	37882000
317000	36973000
318000	37899000
319000	37877000
320000	37875000
321000	36902000
322000	37908000
323000	43864000
324000	44881000
325000	46830000
326000	44878000
327000	41953000
328000	37900000
329000	38873000
330000	38901000
331000	38898000
332000	37899000
333000	38834000
334000	38900000
335000	38893000
336000	39894000
337000	39935000
338000	39895000
339000	39828000
340000	39899000
341000	39897000
342000	40888000
343000	39874000
344000	39832000
345000	39893000
346000	40892000
347000	40889000
348000	40959000
349000	40898000
350000	41953000
351000	41894000
352000	41833000
353000	41888000
354000	48870000
355000	46834000
356000	47872000
357000	47872000
358000	47872000
359000	46876000
360000	50866000
361000	48868000
362000	47873000
363000	47872000
364000	53856000
365000	54854000
366000	51902000
367000	45915000
368000	43902000
369000	42889000
370000	43881000
371000	43888000
372000	43882000
373000	43885000
374000	44881000
375000	43949000
376000	43889000
377000	44884000
378000	43887000
379000	44855000
380000	44860000
381000	44942000
382000	45878000
383000	45855000
384000	45884000
385000	44948000
386000	45876000
387000	45906000
388000	45876000
389000	45877000
390000	45876000
391000	45941000
392000	45946000
393000	46810000
394000	45842000
395000	46876000
396000	45877000
397000	47874000
398000	47875000
399000	46881000
400000	47871000
401000	46875000
402000	53858000
403000	56848000
404000	59840000
405000	52864000
406000	47857000
407000	48842000
408000	47877000
409000	48877000
410000	47872000
411000	48874000
412000	47874000
413000	48843000
414000	48870000
415000	48893000
416000	48868000
417000	48897000
418000	49865000
419000	49866000
420000	51797000
421000	48943000
422000	49867000
423000	50868000
424000	50828000
425000	49895000
426000	50865000
427000	49848000
428000	50865000
429000	50902000
430000	50862000
431000	51888000
432000	51799000
433000	50888000
434000	51863000
435000	50862000
436000	57783000
437000	59839000
438000	64827000
439000	58908000
440000	51872000
441000	51890000
442000	51904000
443000	51862000
444000	52860000
445000	51823000
446000	52859000
447000	52926000
448000	53856000
449000	52857000
450000	52885000
451000	52861000
452000	53794000
453000	52795000
454000	53922000
455000	52859000
456000	53856000
457000	53856000
458000	53921000
459000	53852000
460000	53923000
461000	54858000
462000	53856000
463000	54890000
464000	54890000
465000	55836000
466000	54853000
467000	55854000
468000	59840000
469000	64826000
470000	70809000
471000	63830000
472000	55851000
473000	55851000
474000	56872000
475000	55851000
476000	56908000
477000	57873000
478000	56849000
479000	56848000
480000	59843000
481000	56886000
482000	56846000
483000	56847000
484000	58843000
485000	57847000
486000	57908000
487000	56847000
488000	57783000
489000	57850000
490000	57878000
491000	57907000
492000	59838000
493000	57853000
494000	57870000
495000	57848000
496000	59839000
497000	58817000
498000	64765000
499000	67776000
500000	73845000
501000	59865000
502000	58846000
503000	58851000
504000	59775000
505000	58847000
506000	60880000
507000	60837000
508000	60837000
509000	59862000
510000	60862000
511000	60836000
512000	60837000
513000	59840000
514000	60840000
515000	60838000
516000	60838000
517000	61835000
518000	60866000
519000	60860000
520000	61834000
521000	61835000
522000	61834000
523000	61836000
524000	62831000
525000	61834000
526000	61834000
527000	73803000
528000	74800000
529000	67818000
530000	67844000
531000	62849000
532000	62771000
533000	62832000
534000	62831000
535000	62870000
536000	62834000
537000	63829000
538000	64824000
539000	64762000
540000	63885000
541000	63768000
542000	64890000
543000	63848000
544000	64801000
545000	65795000
546000	64828000
547000	65825000
548000	65823000
549000	66758000
550000	65856000
551000	65826000
552000	66860000
553000	66821000
554000	69815000
555000	79790000
556000	81781000
557000	66824000
558000	66821000
559000	69814000
560000	65886000
561000	66819000
562000	67819000
563000	67793000
564000	68822000
565000	66821000
566000	67794000
567000	69849000
568000	67879000
569000	67880000
570000	68816000
571000	68841000
572000	68791000
573000	68817000
574000	68876000
575000	68817000
576000	69813000
577000	68816000
578000	69812000
579000	70812000
580000	85772000
581000	83777000
582000	72805000
583000	68817000
584000	69840000
585000	69814000
586000	70834000
587000	69753000
588000	69750000
589000	70873000
590000	69812000
591000	69814000
592000	70789000
593000	70773000
594000	70809000
595000	71807000
596000	70814000
597000	70814000
598000	71746000
599000	71746000
600000	71870000
601000	71808000
602000	72806000
603000	71868000
604000	81781000
605000	88763000
606000	80784000
607000	72806000
608000	72804000
609000	73741000
610000	73802000
611000	72807000
612000	74800000
613000	72807000
614000	73801000
615000	73768000
616000	74777000
617000	73827000
618000	73802000
619000	73799000
620000	75800000
621000	74801000
622000	74798000
623000	74803000
624000	74800000
625000	75797000
626000	74801000
627000	78772000
628000	93686000
629000	85768000
630000	75798000
631000	75800000
632000	75798000
633000	74799000
634000	76757000
635000	76795000
636000	75792000
637000	75800000
638000	75835000
639000	76834000
640000	76793000
641000	76732000
642000	75797000
643000	76795000
644000	76796000
645000	77795000
646000	76796000
647000	76874000
648000	76795000
649000	77795000
650000	90697000
651000	93707000
652000	84810000
653000	77818000
654000	78816000
655000	77791000
656000	78795000
657000	78729000
658000	77730000
659000	77791000
660000	78764000
661000	78812000
662000	79762000
663000	78788000
664000	78788000
665000	79785000
666000	79810000
667000	79786000
668000	79786000
669000	80788000
670000	79787000
671000	80787000
672000	88763000
673000	96760000
674000	85772000
675000	80780000
676000	81777000
677000	85745000
678000	81784000
679000	82778000
680000	81803000
681000	81806000
682000	81754000
683000	81756000
684000	83803000
685000	82777000
686000	82777000
687000	82780000
688000	83774000
689000	83778000
690000	82779000
691000	83800000
692000	82804000
693000	93689000
694000	103768000
695000	91756000
696000	92754000
697000	87765000
698000	83838000
699000	83801000
700000	84773000
701000	84773000
702000	84815000
703000	83775000
704000	84745000
705000	84773000
706000	84774000
707000	86709000
708000	85746000
709000	85771000
710000	84748000
711000	85793000
712000	85833000
713000	86706000
714000	98693000
715000	98799000
716000	86828000
717000	86804000
718000	86768000
719000	86790000
720000	89762000
721000	86766000
722000	86767000
723000	87788000
724000	87765000
725000	86769000
726000	87764000
727000	89763000
728000	87827000
729000	88762000
730000	88764000
731000	87704000
732000	87765000
733000	89823000
734000	112739000
735000	99802000
736000	88830000
737000	88763000
738000	88789000
739000	92752000
740000	89760000
741000	88763000
742000	89762000
743000	89759000
744000	90695000
745000	89760000
746000	90757000
747000	89760000
748000	90697000
749000	90757000
750000	90759000
751000	91753000
752000	90757000
753000	105716000
754000	104719000
755000	91754000
756000	90756000
757000	91754000
758000	90757000
759000	91756000
760000	91757000
761000	91755000
762000	91757000
763000	91756000
764000	91753000
765000	91755000
766000	93748000
767000	91752000
768000	92752000
769000	92751000
770000	92752000
771000	93689000
772000	115717000
773000	108732000
774000	93715000
775000	93754000
776000	93748000
777000	92750000
778000	93750000
779000	92751000
780000	92775000
781000	93707000
782000	93775000
783000	93749000
784000	93749000
785000	93749000
786000	94709000
787000	93771000
788000	94810000
789000	94746000
790000	107646000
791000	118725000
792000	95786000
793000	94746000
794000	94771000
795000	96742000
796000	95708000
797000	94772000
798000	95722000
799000	95792000
800000	95703000
801000	96742000
802000	97739000
803000	95746000
804000	96743000
805000	96741000
806000	96743000
807000	96745000
808000	104661000
809000	117620000
810000	98799000
811000	98734000
812000	97739000
813000	98738000
814000	97738000
815000	98762000
816000	98738000
817000	97739000
818000	97739000
819000	97738000
820000	99733000
821000	97799000
822000	99673000
823000	99733000
824000	99733000
825000	99707000
826000	121613000
827000	112694000
828000	99708000
829000	100701000
830000	99735000
831000	100731000
832000	100730000
833000	100731000
834000	100731000
835000	100767000
836000	99728000
837000	100724000
838000	100668000
839000	100730000
840000	101789000
841000	101729000
842000	101730000
843000	108749000
844000	122629000
845000	103784000
846000	101714000
847000	101728000
848000	102701000
849000	102699000
850000	101703000
851000	102727000
852000	103721000
853000	103723000
854000	102751000
855000	113496000
856000	104721000
857000	103723000
858000	103724000
859000	103726000
860000	113696000
861000	128656000
862000	103724000
863000	104720000
864000	103685000
865000	104719000
866000	105685000
867000	104723000
868000	105749000
869000	106679000
870000	105719000
871000	104718000
872000	105717000
873000	105657000
874000	105718000
875000	106717000
876000	105737000
877000	124604000
878000	119722000
879000	113757000
880000	106693000
881000	106716000
882000	106716000
883000	106738000
884000	107713000
885000	106715000
886000	106713000
887000	107683000
888000	106715000
889000	107735000
890000	107712000
891000	106714000
892000	107855000
893000	108707000
894000	118682000
895000	116690000
896000	108648000
897000	108707000
898000	107652000
899000	108688000
900000	107772000
901000	108703000
902000	108710000
903000	108711000
904000	108709000
905000	109707000
906000	109767000
907000	111698000
908000	108734000
909000	109644000
910000	135624000
911000	117747000
912000	109771000
913000	110704000
914000	110707000
915000	110703000
916000	110704000
917000	110705000
918000	110706000
919000	109703000
920000	109768000
921000	111762000
922000	111665000
923000	111702000
924000	112700000
925000	115694000
926000	126724000
927000	114693000
928000	111726000
929000	111697000
930000	111725000
931000	111701000
932000	112676000
933000	112721000
934000	112701000
935000	111700000
936000	113692000
937000	112719000
938000	113696000
939000	113655000
940000	113659000
941000	127641000
942000	133680000
943000	120678000
944000	114692000
945000	115690000
946000	113719000
947000	114688000
948000	116623000
949000	114756000
950000	113649000
951000	114670000
952000	114695000
953000	117683000
954000	115624000
955000	115661000
956000	131642000
957000	134638000
958000	114693000
959000	115687000
960000	116750000
961000	116719000
962000	116687000
963000	116688000
964000	115687000
965000	117682000
966000	116659000
967000	116690000
968000	116688000
969000	117681000
970000	116663000
971000	128595000
972000	137670000
973000	118679000
974000	117685000
975000	118657000
976000	117687000
977000	118683000
978000	118746000
979000	117680000
980000	118720000
981000	119682000
982000	118721000
983000	119742000
984000	118657000
985000	118677000
986000	148601000
987000	119679000
988000	118743000
989000	120678000
990000	119680000
991000	119676000
992000	118744000
993000	119716000
994000	119681000
995000	119677000
996000	120678000
997000	121736000
998000	120672000
999000	120678000
1000000	131687000
1000	0
2000	0
3000	0
4000	997000
5000	0
6000	0
7000	955000
8000	998000
9000	999000
10000	997000
11000	997000
12000	1993000
13000	1996000
14000	997000
15000	1995000
16000	1994000
17000	998000
18000	1994000
19000	1996000
20000	1999000
21000	1993000
22000	1994000
23000	1995000
24000	4032000
25000	2949000
26000	2993000
27000	3988000
28000	2992000
29000	3989000
30000	2992000
31000	2992000
32000	4989000
33000	3990000
34000	3989000
35000	4987000
36000	3989000
37000	4988000
38000	4031000
39000	4987000
40000	5938000
41000	4988000
42000	5049000
43000	4987000
44000	3989000
45000	4987000
46000	3988000
47000	4986000
48000	4990000
49000	4986000
50000	4986000
51000	6020000
52000	4984000
53000	4982000
54000	6044000
55000	6045000
56000	6045000
57000	6047000
58000	7044000
59000	5942000
60000	6941000
61000	6988000
62000	5918000
63000	6939000
64000	6944000
65000	6982000
66000	7001000
67000	7042000
68000	7001000
69000	6980000
70000	8039000
71000	8040000
72000	8035000
73000	7979000
74000	7999000
75000	8009000
76000	7979000
77000	9037000
78000	8976000
79000	9002000
80000	9026000
81000	8975000
82000	8996000
83000	8969000
84000	8976000
85000	9993000
86000	9993000
87000	9942000
88000	9006000
89000	9930000
90000	8976000
91000	9998000
92000	11033000
93000	10990000
94000	10996000
95000	10033000
96000	9971000
97000	10991000
98000	10951000
99000	10991000
100000	10940000
101000	11968000
102000	10971000
103000	10970000
104000	10976000
105000	11968000
106000	10971000
107000	11969000
108000	11972000
109000	11968000
110000	11966000
111000	11968000
112000	12904000
113000	12960000
114000	11901000
115000	11970000
116000	12944000
117000	13962000
118000	13902000
119000	12967000
120000	13901000
121000	12966000
122000	14024000
123000	14023000
124000	12985000
125000	12965000
126000	13959000
127000	13963000
128000	14913000
129000	14923000
130000	14983000
131000	14981000
132000	14962000
133000	14965000
134000	15927000
135000	14962000
136000	14960000
137000	14979000
138000	15020000
139000	15896000
140000	15957000
141000	16020000
142000	15958000
143000	16990000
144000	15896000
145000	16930000
146000	16956000
147000	16955000
148000	16954000
149000	16958000
150000	17015000
151000	17911000
152000	16930000
153000	17015000
154000	17947000
155000	17890000
156000	17953000
157000	17952000
158000	18886000
159000	18925000
160000	17956000
161000	17890000
162000	17951000
163000	18013000
164000	18948000
165000	18948000
166000	19010000
167000	18948000
168000	19004000
169000	19886000
170000	18952000
171000	28923000
172000	23982000
173000	25944000
174000	24933000
175000	25929000
176000	24892000
177000	23927000
178000	21006000
179000	20925000
180000	20939000
181000	20882000
182000	21909000
183000	20883000
184000	20884000
185000	21880000
186000	21889000
187000	21889000
188000	21918000
189000	21919000
190000	21978000
191000	22938000
192000	22938000
193000	21942000
194000	22939000
195000	21916000
196000	22915000
197000	22958000
198000	22944000
199000	22940000
200000	22939000
201000	22999000
202000	23002000
203000	23911000
204000	24005000
205000	23935000
206000	22944000
207000	23936000
208000	23936000
209000	24998000
210000	23997000
211000	24934000
212000	24938000
213000	23938000
214000	24936000
215000	24913000
216000	25000000
217000	24961000
218000	25935000
219000	24938000
220000	25934000
221000	24898000
222000	25940000
223000	25997000
224000	24966000
225000	25930000
226000	25930000
227000	25868000
228000	25992000
229000	26952000
230000	26928000
231000	26928000
232000	25907000
233000	26929000
234000	26866000
235000	26928000
236000	26890000
237000	27966000
238000	26932000
239000	27859000
240000	26972000
241000	28860000
242000	33952000
243000	33907000
244000	30958000
245000	34907000
246000	37875000
247000	33909000
248000	33907000
249000	28983000
250000	28923000
251000	27933000
252000	29923000
253000	28928000
254000	28902000
255000	29923000
256000	29920000
257000	29895000
258000	29916000
259000	29898000
260000	29920000
261000	29922000
262000	29926000
263000	29921000
264000	30917000
265000	30920000
266000	30921000
267000	30925000
268000	31891000
269000	30897000
270000	30983000
271000	30918000
272000	31913000
273000	31913000
274000	31917000
275000	31955000
276000	31916000
277000	32912000
278000	32913000
279000	32911000
280000	32913000
281000	32915000
282000	32889000
283000	32982000
284000	32912000
285000	32897000
286000	33873000
287000	32913000
288000	33910000
289000	33847000
290000	33975000
291000	34906000
292000	33970000
293000	33909000
294000	34881000
295000	34906000
296000	33915000
297000	34970000
298000	41950000
299000	42884000
300000	39895000
301000	41949000
302000	38896000
303000	35846000
304000	35970000
305000	35938000
306000	35886000
307000	36913000
308000	36905000
309000	35844000
310000	35902000
311000	36880000
312000	35904000
313000	36900000
314000	36900000
315000	37899000
316000	36899000
317000	36887000
318000	37897000
319000	37844000
320000	36902000
321000	36900000
322000	37903000
323000	36906000
324000	36902000
325000	37899000
326000	38933000
327000	37903000
328000	38920000
329000	37902000
330000	38937000
331000	39919000
332000	38895000
333000	38934000
334000	39916000
335000	38897000
336000	38900000
337000	39957000
338000	39920000
339000	39898000
340000	40854000
341000	38907000
342000	40887000
343000	40924000
344000	40957000
345000	40891000
346000	40891000
347000	40893000
348000	40891000
349000	40891000
350000	40895000
351000	41862000
352000	41901000
353000	41936000
354000	41959000
355000	42884000
356000	41888000
357000	42906000
358000	41892000
359000	42871000
360000	41917000
361000	41830000
362000	42885000
363000	42864000
364000	42866000
365000	42848000
366000	42884000
367000	42886000
368000	43857000
369000	42888000
370000	42886000
371000	43949000
372000	43924000
373000	43952000
374000	43887000
375000	43943000
376000	44947000
377000	43881000
378000	44881000
379000	44880000
380000	44878000
381000	45814000
382000	44915000
383000	44881000
384000	44942000
385000	45852000
386000	44880000
387000	44880000
388000	45878000
389000	45876000
390000	44880000
391000	45914000
392000	45878000
393000	45944000
394000	45877000
395000	46874000
396000	45878000
397000	46812000
398000	46875000
399000	47872000
400000	46937000
401000	46853000
402000	46918000
403000	46879000
404000	46916000
405000	47876000
406000	47873000
407000	47877000
408000	48868000
409000	48806000
410000	47872000
411000	48869000
412000	48870000
413000	49867000
414000	48870000
415000	48872000
416000	49862000
417000	49866000
418000	48870000
419000	49867000
420000	49867000
421000	49867000
422000	50862000
423000	49928000
424000	50864000
425000	50864000
426000	50865000
427000	50850000
428000	51795000
429000	49831000
430000	50868000
431000	50863000
432000	51862000
433000	50864000
434000	50870000
435000	50864000
436000	52822000
437000	51863000
438000	50866000
439000	51863000
440000	51923000
441000	51868000
442000	51834000
443000	51865000
444000	52861000
445000	53855000
446000	52859000
447000	52820000
448000	52839000
449000	52876000
450000	53857000
451000	52859000
452000	53858000
453000	52859000
454000	53857000
455000	54851000
456000	52900000
457000	54789000
458000	53853000
459000	54791000
460000	53856000
461000	54883000
462000	53862000
463000	54862000
464000	54829000
465000	54829000
466000	54870000
467000	54862000
468000	54868000
469000	55850000
470000	55850000
471000	55852000
472000	55850000
473000	55849000
474000	56846000
475000	56849000
476000	55853000
477000	56884000
478000	56848000
479000	57820000
480000	56910000
481000	56870000
482000	57867000
483000	56847000
484000	57809000
485000	56911000
486000	56848000
487000	56846000
488000	57846000
489000	58778000
490000	57846000
491000	58904000
492000	58843000
493000	58875000
494000	57910000
495000	58842000
496000	58819000
497000	58907000
498000	59878000
499000	59843000
500000	58842000
501000	59816000
502000	58912000
503000	59883000
504000	59866000
505000	59839000
506000	59906000
507000	60839000
508000	59865000
509000	59842000
510000	60810000
511000	60836000
512000	60867000
513000	60811000
514000	60812000
515000	60813000
516000	61836000
517000	60835000
518000	60837000
519000	60814000
520000	61833000
521000	61835000
522000	61835000
523000	61837000
524000	61858000
525000	61771000
526000	62834000
527000	62806000
528000	62832000
529000	64803000
530000	62770000
531000	61834000
532000	62891000
533000	62832000
534000	62832000
535000	63863000
536000	63829000
537000	63830000
538000	64798000
539000	64825000
540000	63830000
541000	64826000
542000	64863000
543000	63840000
544000	64790000
545000	64858000
546000	64824000
547000	64834000
548000	64827000
549000	65824000
550000	65802000
551000	65846000
552000	65825000
553000	66822000
554000	65823000
555000	65828000
556000	66847000
557000	65832000
558000	66821000
559000	66888000
560000	67817000
561000	67820000
562000	66821000
563000	67819000
564000	66821000
565000	67797000
566000	67817000
567000	67799000
568000	67818000
569000	67816000
570000	68788000
571000	67796000
572000	68815000
573000	72801000
574000	68815000
575000	68816000
576000	68828000
577000	68816000
578000	69878000
579000	70802000
580000	68813000
581000	71833000
582000	69877000
583000	68843000
584000	69776000
585000	70786000
586000	69812000
587000	70809000
588000	70812000
589000	70810000
590000	70873000
591000	71870000
592000	70810000
593000	70811000
594000	71808000
595000	70813000
596000	70810000
597000	70788000
598000	71809000
599000	71810000
600000	72806000
601000	72948000
602000	71809000
603000	73799000
604000	72846000
605000	71813000
606000	72782000
607000	71807000
608000	72806000
609000	72769000
610000	73840000
611000	73828000
612000	72825000
613000	73843000
614000	73801000
615000	73779000
616000	73802000
617000	73801000
618000	73864000
619000	74737000
620000	73825000
621000	74764000
622000	73826000
623000	74798000
624000	78791000
625000	74800000
626000	75798000
627000	75771000
628000	75824000
629000	75861000
630000	75798000
631000	76855000
632000	76815000
633000	76795000
634000	75833000
635000	75797000
636000	75778000
637000	75800000
638000	76769000
639000	76793000
640000	76795000
641000	76794000
642000	76793000
643000	78789000
644000	76794000
645000	76821000
646000	77792000
647000	79791000
648000	76794000
649000	77790000
650000	77793000
651000	77790000
652000	77762000
653000	76794000
654000	78862000
655000	77792000
656000	77854000
657000	78790000
658000	77820000
659000	79847000
660000	78724000
661000	78753000
662000	78785000
663000	80754000
664000	79827000
665000	79787000
666000	80846000
667000	79852000
668000	79829000
669000	80787000
670000	79812000
671000	80809000
672000	79787000
673000	80784000
674000	80762000
675000	80788000
676000	80785000
677000	80788000
678000	80788000
679000	80846000
680000	81806000
681000	82816000
682000	81780000
683000	82779000
684000	82741000
685000	82779000
686000	81809000
687000	81756000
688000	81782000
689000	82841000
690000	82758000
691000	82779000
692000	82811000
693000	82777000
694000	83714000
695000	83773000
696000	84744000
697000	84775000
698000	84774000
699000	82778000
700000	83792000
701000	84778000
702000	85806000
703000	84747000
704000	84748000
705000	84754000
706000	84774000
707000	84835000
708000	84773000
709000	84833000
710000	85773000
711000	85796000
712000	85777000
713000	86829000
714000	85772000
715000	85709000
716000	86768000
717000	86769000
718000	88763000
719000	86770000
720000	85833000
721000	86705000
722000	86768000
723000	87763000
724000	87741000
725000	87768000
726000	87766000
727000	86803000
728000	87765000
729000	87790000
730000	86772000
731000	88702000
732000	87906000
733000	88761000
734000	88765000
735000	88763000
736000	88763000
737000	88762000
738000	90758000
739000	89758000
740000	88765000
741000	90758000
742000	89782000
743000	89791000
744000	89759000
745000	90782000
746000	90758000
747000	89762000
748000	90754000
749000	90756000
750000	89759000
751000	90737000
752000	90758000
753000	91756000
754000	90758000
755000	90758000
756000	91756000
757000	91754000
758000	92752000
759000	91792000
760000	90757000
761000	91755000
762000	90757000
763000	91755000
764000	91757000
765000	92758000
766000	92690000
767000	91780000
768000	93752000
769000	92838000
770000	91771000
771000	92753000
772000	92752000
773000	92727000
774000	93811000
775000	92751000
776000	92755000
777000	93810000
778000	93746000
779000	93682000
780000	93773000
781000	93728000
782000	93775000
783000	93747000
784000	93747000
785000	93750000
786000	93772000
787000	95744000
788000	95744000
789000	94747000
790000	93813000
791000	94807000
792000	95744000
793000	95744000
794000	95744000
795000	95743000
796000	94747000
797000	95744000
798000	95681000
799000	96740000
800000	96740000
801000	95744000
802000	95719000
803000	97739000
804000	96742000
805000	98737000
806000	96804000
807000	97713000
808000	96767000
809000	97738000
810000	97742000
811000	97675000
812000	97739000
813000	98798000
814000	98761000
815000	97678000
816000	97777000
817000	98738000
818000	98735000
819000	98736000
820000	98736000
821000	98737000
822000	98735000
823000	99733000
824000	99732000
825000	98737000
826000	99729000
827000	99698000
828000	99671000
829000	100732000
830000	101727000
831000	99734000
832000	101729000
833000	100730000
834000	100729000
835000	101771000
836000	100730000
837000	101728000
838000	100731000
839000	102731000
840000	101692000
841000	101730000
842000	101727000
843000	101765000
844000	101728000
845000	102719000
846000	101727000
847000	102700000
848000	101727000
849000	102700000
850000	102666000
851000	102686000
852000	103722000
853000	103725000
854000	103725000
855000	103723000
856000	103744000
857000	103728000
858000	103725000
859000	105719000
860000	103660000
861000	103722000
862000	103788000
863000	103660000
864000	104744000
865000	104745000
866000	104697000
867000	104720000
868000	104781000
869000	104684000
870000	104721000
871000	105720000
872000	105779000
873000	104717000
874000	105658000
875000	105717000
876000	106715000
877000	110642000
878000	107712000
879000	106692000
880000	105717000
881000	106711000
882000	106776000
883000	107710000
884000	108707000
885000	107711000
886000	106774000
887000	107742000
888000	107711000
889000	107714000
890000	107774000
891000	108709000
892000	107709000
893000	106714000
894000	108710000
895000	107650000
896000	107709000
897000	107715000
898000	108712000
899000	108738000
900000	107709000
901000	108716000
902000	108710000
903000	108697000
904000	124670000
905000	108710000
906000	109705000
907000	108732000
908000	109706000
909000	108740000
910000	108772000
911000	109706000
912000	109707000
913000	109708000
914000	109709000
915000	109681000
916000	109646000
917000	109709000
918000	110704000
919000	110766000
920000	110704000
921000	109705000
922000	111677000
923000	110706000
924000	111726000
925000	111702000
926000	111637000
927000	110729000
928000	111700000
929000	112700000
930000	111702000
931000	111694000
932000	112640000
933000	112699000
934000	111764000
935000	112697000
936000	112702000
937000	112698000
938000	114693000
939000	113634000
940000	113696000
941000	114693000
942000	114655000
943000	114693000
944000	113695000
945000	114693000
946000	114755000
947000	113726000
948000	113757000
949000	115691000
950000	115690000
951000	115649000
952000	114633000
953000	114753000
954000	115691000
955000	115691000
956000	116690000
957000	115692000
958000	115688000
959000	117684000
960000	116689000
961000	115751000
962000	116687000
963000	117685000
964000	116690000
965000	117685000
966000	116678000
967000	117684000
968000	116648000
969000	117659000
970000	117686000
971000	119681000
972000	117711000
973000	117652000
974000	117623000
975000	117688000
976000	117687000
977000	117684000
978000	117748000
979000	118681000
980000	117683000
981000	118658000
982000	119680000
983000	118680000
984000	118684000
985000	119680000
986000	118657000
987000	118619000
988000	119680000
989000	119705000
990000	120615000
991000	119680000
992000	119680000
993000	120677000
994000	121676000
995000	120677000
996000	119742000
997000	120616000
998000	120678000
999000	120677000
1000000	121697000
1000	0
2000	0
3000	0
4000	0
5000	996000
6000	998000
7000	997000
8000	997000
9000	997000
10000	998000
11000	998000
12000	998000
13000	997000
14000	1995000
15000	1995000
16000	1998000
17000	1991000
18000	997000
19000	1996000
20000	2064000
21000	2060000
22000	1999000
23000	1997000
24000	1998000
25000	2994000
26000	3002000
27000	2994000
28000	2998000
29000	2994000
30000	2999000
31000	3046000
32000	2994000
33000	3054000
34000	4050000
35000	3009000
36000	4052000
37000	3990000
38000	3990000
39000	4986000
40000	3988000
41000	5047000
42000	4025000
43000	4010000
44000	5052000
45000	5045000
46000	5048000
47000	5016000
48000	4942000
49000	5014000
50000	4976000
51000	4994000
52000	6045000
53000	5983000
54000	4984000
55000	5005000
56000	6001000
57000	5945000
58000	5918000
59000	5969000
60000	6951000
61000	6936000
62000	5958000
63000	6967000
64000	6981000
65000	7017000
66000	6968000
67000	8045000
68000	7993000
69000	7958000
70000	8023000
71000	8976000
72000	8029000
73000	8974000
74000	8000000
75000	7999000
76000	7979000
77000	8041000
78000	9035000
79000	8935000
80000	8951000
81000	9971000
82000	8992000
83000	8909000
84000	8981000
85000	8995000
86000	9932000
87000	9992000
88000	9974000
89000	10033000
90000	9994000
91000	10032000
92000	9983000
93000	9948000
94000	10952000
95000	9948000
96000	10909000
97000	9945000
98000	10988000
99000	10968000
100000	10990000
101000	10952000
102000	10967000
103000	11993000
104000	10944000
105000	10988000
106000	12004000
107000	11989000
108000	11987000
109000	11974000
110000	12967000
111000	11937000
112000	12983000
113000	12936000
114000	12943000
115000	13988000
116000	12965000
117000	12970000
118000	12966000
119000	13994000
120000	13025000
121000	13961000
122000	13988000
123000	12966000
124000	13898000
125000	13968000
126000	14002000
127000	13975000
128000	14997000
129000	16018000
130000	13959000
131000	13939000
132000	14982000
133000	14933000
134000	15020000
135000	14960000
136000	14898000
137000	16000000
138000	15981000
139000	15897000
140000	15989000
141000	15959000
142000	16019000
143000	15894000
144000	15957000
145000	17015000
146000	16931000
147000	15891000
148000	16926000
149000	16954000
150000	16958000
151000	16931000
152000	17955000
153000	17952000
154000	16951000
155000	17951000
156000	17948000
157000	16950000
158000	18017000
159000	18949000
160000	17969000
161000	18948000
162000	18925000
163000	17954000
164000	18887000
165000	18949000
166000	19013000
167000	18954000
168000	18945000
169000	18949000
170000	18949000
171000	19921000
172000	18888000
173000	19947000
174000	19947000
175000	19953000
176000	19903000
177000	19949000
178000	20919000
179000	20942000
180000	22939000
181000	20944000
182000	20942000
183000	19886000
184000	21907000
185000	20922000
186000	20945000
187000	20944000
188000	21941000
189000	21941000
190000	21894000
191000	21927000
192000	21919000
193000	21921000
194000	22876000
195000	21982000
196000	22938000
197000	21949000
198000	22877000
199000	22876000
200000	22878000
201000	22914000
202000	22937000
203000	22938000
204000	22936000
205000	22935000
206000	23973000
207000	23874000
208000	23937000
209000	24933000
210000	23940000
211000	24968000
212000	23998000
213000	23876000
214000	23876000
215000	25000000
216000	26994000
217000	24932000
218000	24934000
219000	24933000
220000	24931000
221000	24968000
222000	24932000
223000	25932000
224000	25935000
225000	25931000
226000	24931000
227000	26928000
228000	25930000
229000	25932000
230000	26928000
231000	25929000
232000	27927000
233000	26933000
234000	26929000
235000	27993000
236000	27924000
237000	26928000
238000	27904000
239000	27938000
240000	27987000
241000	27866000
242000	27952000
243000	27992000
244000	27863000
245000	27990000
246000	28931000
247000	28923000
248000	28964000
249000	28928000
250000	29896000
251000	29922000
252000	29907000
253000	28929000
254000	29882000
255000	29923000
256000	29902000
257000	28960000
258000	29889000
259000	29888000
260000	30893000
261000	29985000
262000	29966000
263000	29920000
264000	30915000
265000	29866000
266000	30916000
267000	31915000
268000	30918000
269000	30947000
270000	30944000
271000	30984000
272000	30917000
273000	32979000
274000	31897000
275000	32912000
276000	31915000
277000	32912000
278000	31915000
279000	32917000
280000	33885000
281000	32908000
282000	32892000
283000	32910000
284000	33847000
285000	33889000
286000	33909000
287000	33914000
288000	33871000
289000	33890000
290000	33910000
291000	33910000
292000	34908000
293000	34907000
294000	33890000
295000	34916000
296000	34888000
297000	34906000
298000	34844000
299000	35904000
300000	35903000
301000	34907000
302000	35905000
303000	35903000
304000	35845000
305000	35905000
306000	35902000
307000	35904000
308000	36839000
309000	35904000
310000	36902000
311000	36900000
312000	35904000
313000	35906000
314000	36842000
315000	35883000
316000	36880000
317000	36903000
318000	37897000
319000	37937000
320000	36901000
321000	36897000
322000	37927000
323000	37901000
324000	37903000
325000	37880000
326000	37900000
327000	38894000
328000	37942000
329000	38860000
330000	37898000
331000	38896000
332000	38904000
333000	38935000
334000	38963000
335000	39874000
336000	38894000
337000	38895000
338000	38875000
339000	39896000
340000	39958000
341000	39869000
342000	39931000
343000	40891000
344000	40891000
345000	39925000
346000	40892000
347000	40893000
348000	41958000
349000	40921000
350000	40959000
351000	41892000
352000	40889000
353000	41890000
354000	41889000
355000	41889000
356000	41886000
357000	41824000
358000	41874000
359000	42894000
360000	42928000
361000	43863000
362000	42867000
363000	42913000
364000	42932000
365000	43889000
366000	43881000
367000	44859000
368000	43882000
369000	43882000
370000	43847000
371000	43951000
372000	44885000
373000	43888000
374000	43947000
375000	44880000
376000	43881000
377000	44880000
378000	45001000
379000	44882000
380000	44880000
381000	44882000
382000	46813000
383000	44880000
384000	45882000
385000	44886000
386000	44891000
387000	46936000
388000	45877000
389000	45880000
390000	45878000
391000	45885000
392000	46895000
393000	45883000
394000	46931000
395000	45851000
396000	46875000
397000	47872000
398000	46811000
399000	46944000
400000	46902000
401000	47878000
402000	47872000
403000	47873000
404000	47897000
405000	47913000
406000	47873000
407000	48870000
408000	48870000
409000	47874000
410000	48851000
411000	48845000
412000	49866000
413000	48871000
414000	48873000
415000	49866000
416000	49867000
417000	48849000
418000	49868000
419000	49867000
420000	49867000
421000	49865000
422000	49866000
423000	49871000
424000	50864000
425000	49867000
426000	49871000
427000	49866000
428000	50864000
429000	50886000
430000	50901000
431000	50865000
432000	50843000
433000	51857000
434000	50903000
435000	51930000
436000	50869000
437000	50926000
438000	52857000
439000	52795000
440000	51900000
441000	51862000
442000	51843000
443000	51883000
444000	51869000
445000	52898000
446000	52858000
447000	53856000
448000	52822000
449000	53858000
450000	52856000
451000	53857000
452000	53853000
453000	53856000
454000	54853000
455000	53839000
456000	53793000
457000	53858000
458000	53856000
459000	57843000
460000	54852000
461000	55851000
462000	54854000
463000	55851000
464000	54853000
465000	54937000
466000	55851000
467000	54851000
468000	54879000
469000	55852000
470000	56853000
471000	55855000
472000	56822000
473000	55851000
474000	55850000
475000	55911000
476000	55876000
477000	56914000
478000	56786000
479000	56909000
480000	56848000
481000	56854000
482000	57870000
483000	56847000
484000	57825000
485000	57845000
486000	57853000
487000	57847000
488000	57845000
489000	57845000
490000	60838000
491000	57847000
492000	58846000
493000	58843000
494000	57912000
495000	58843000
496000	57875000
497000	58838000
498000	58841000
499000	58821000
500000	58858000
501000	59841000
502000	59841000
503000	59842000
504000	59902000
505000	61871000
506000	59814000
507000	60863000
508000	59901000
509000	60879000
510000	59814000
511000	60775000
512000	60836000
513000	60899000
514000	60800000
515000	61837000
516000	60837000
517000	60862000
518000	60842000
519000	61812000
520000	60836000
521000	60838000
522000	60837000
523000	61776000
524000	61836000
525000	61833000
526000	62834000
527000	61859000
528000	64829000
529000	62832000
530000	62807000
531000	62899000
532000	62828000
533000	62771000
534000	62832000
535000	64827000
536000	63829000
537000	64831000
538000	63830000
539000	63855000
540000	63849000
541000	64887000
542000	63825000
543000	64843000
544000	64893000
545000	64825000
546000	64804000
547000	64826000
548000	64827000
549000	68791000
550000	65829000
551000	66827000
552000	65821000
553000	66795000
554000	65824000
555000	65824000
556000	66759000
557000	65762000
558000	66799000
559000	67793000
560000	66822000
561000	67820000
562000	66821000
563000	68816000
564000	66821000
565000	67819000
566000	67817000
567000	67819000
568000	67818000
569000	68845000
570000	67824000
571000	68814000
572000	69817000
573000	69814000
574000	68818000
575000	68816000
576000	68816000
577000	69850000
578000	68821000
579000	69750000
580000	68816000
581000	68816000
582000	69813000
583000	68841000
584000	69811000
585000	70783000
586000	69787000
587000	70776000
588000	69817000
589000	69838000
590000	70846000
591000	70792000
592000	70836000
593000	71870000
594000	70808000
595000	71808000
596000	70874000
597000	71808000
598000	71809000
599000	71806000
600000	71833000
601000	71813000
602000	71869000
603000	72803000
604000	71807000
605000	72806000
606000	72804000
607000	72806000
608000	72827000
609000	72838000
610000	73830000
611000	73778000
612000	72804000
613000	74824000
614000	73864000
615000	73778000
616000	72842000
617000	74801000
618000	74773000
619000	75761000
620000	74802000
621000	74808000
622000	73829000
623000	74825000
624000	73801000
625000	74800000
626000	75837000
627000	75819000
628000	75797000
629000	75796000
630000	74802000
631000	75836000
632000	75798000
633000	75862000
634000	75800000
635000	75797000
636000	75795000
637000	75801000
638000	76775000
639000	79749000
640000	76795000
641000	76795000
642000	76794000
643000	76796000
644000	76794000
645000	76794000
646000	76771000
647000	76792000
648000	76795000
649000	77857000
650000	77792000
651000	78814000
652000	77795000
653000	77792000
654000	77764000
655000	77789000
656000	78812000
657000	78792000
658000	79787000
659000	79826000
660000	78790000
661000	78788000
662000	79787000
663000	79822000
664000	78789000
665000	80782000
666000	78789000
667000	79787000
668000	79788000
669000	81779000
670000	79750000
671000	80784000
672000	80749000
673000	80747000
674000	80721000
675000	81850000
676000	81782000
677000	81781000
678000	80788000
679000	81806000
680000	81843000
681000	81847000
682000	82815000
683000	81805000
684000	81805000
685000	81781000
686000	81782000
687000	82776000
688000	82777000
689000	82819000
690000	83775000
691000	82777000
692000	82717000
693000	83780000
694000	83776000
695000	82780000
696000	82804000
697000	83776000
698000	83781000
699000	83776000
700000	83778000
701000	84711000
702000	84711000
703000	85768000
704000	84712000
705000	83776000
706000	84772000
707000	83834000
708000	84786000
709000	85806000
710000	85771000
711000	85746000
712000	86743000
713000	85833000
714000	86767000
715000	86769000
716000	86743000
717000	87765000
718000	85771000
719000	86768000
720000	85766000
721000	87701000
722000	88764000
723000	86771000
724000	87764000
725000	87766000
726000	88702000
727000	88762000
728000	87766000
729000	87765000
730000	88763000
731000	88761000
732000	89760000
733000	88764000
734000	88751000
735000	88763000
736000	89760000
737000	89760000
738000	88737000
739000	88761000
740000	89760000
741000	89735000
742000	89825000
743000	88787000
744000	89722000
745000	89785000
746000	89731000
747000	89760000
748000	90757000
749000	90757000
750000	89796000
751000	89736000
752000	90818000
753000	90747000
754000	91695000
755000	90694000
756000	90756000
757000	90757000
758000	91757000
759000	91755000
760000	90757000
761000	91755000
762000	92749000
763000	92691000
764000	91758000
765000	92753000
766000	91780000
767000	92752000
768000	92753000
769000	93748000
770000	92750000
771000	92754000
772000	92753000
773000	92750000
774000	94748000
775000	93748000
776000	93748000
777000	93748000
778000	93749000
779000	93749000
780000	92716000
781000	93770000
782000	93749000
783000	94784000
784000	93750000
785000	93711000
786000	94748000
787000	93710000
788000	94749000
789000	95744000
790000	94744000
791000	95745000
792000	95743000
793000	95768000
794000	94806000
795000	95683000
796000	96720000
797000	95683000
798000	95744000
799000	96687000
800000	95775000
801000	95749000
802000	96743000
803000	96741000
804000	96739000
805000	98735000
806000	97739000
807000	97738000
808000	100706000
809000	97739000
810000	98796000
811000	97800000
812000	98712000
813000	96741000
814000	98741000
815000	98735000
816000	97764000
817000	99759000
818000	98735000
819000	99671000
820000	98765000
821000	98736000
822000	98797000
823000	98736000
824000	100705000
825000	98759000
826000	99754000
827000	98735000
828000	98762000
829000	100666000
830000	99732000
831000	99738000
832000	100730000
833000	100747000
834000	100732000
835000	100760000
836000	100730000
837000	101753000
838000	101758000
839000	100732000
840000	100794000
841000	100731000
842000	102727000
843000	101728000
844000	101728000
845000	101753000
846000	101749000
847000	101729000
848000	102664000
849000	101752000
850000	102734000
851000	102790000
852000	105719000
853000	103724000
854000	104745000
855000	102720000
856000	103656000
857000	103723000
858000	102726000
859000	102765000
860000	104720000
861000	103721000
862000	104720000
863000	104722000
864000	104719000
865000	104719000
866000	103721000
867000	103722000
868000	104746000
869000	105683000
870000	105717000
871000	105714000
872000	105716000
873000	104784000
874000	105716000
875000	105718000
876000	105717000
877000	107714000
878000	108709000
879000	105717000
880000	105718000
881000	106714000
882000	106718000
883000	106715000
884000	106716000
885000	107718000
886000	106719000
887000	106751000
888000	106711000
889000	106752000
890000	106713000
891000	106709000
892000	107711000
893000	109706000
894000	108709000
895000	107743000
896000	109732000
897000	107777000
898000	108746000
899000	106715000
900000	108708000
901000	107713000
902000	109706000
903000	110726000
904000	108710000
905000	108711000
906000	109706000
907000	109708000
908000	109707000
909000	109705000
910000	109708000
911000	109706000
912000	109705000
913000	108710000
914000	109773000
915000	109705000
916000	110705000
917000	109678000
918000	110704000
919000	110703000
920000	109710000
921000	110765000
922000	109731000
923000	110768000
924000	111661000
925000	111692000
926000	110704000
927000	112699000
928000	111704000
929000	111701000
930000	111701000
931000	111735000
932000	112699000
933000	113697000
934000	112698000
935000	112697000
936000	113758000
937000	113696000
938000	112699000
939000	112699000
940000	113757000
941000	114692000
942000	113696000
943000	113635000
944000	113724000
945000	113691000
946000	115687000
947000	114715000
948000	113692000
949000	113758000
950000	114694000
951000	114718000
952000	114692000
953000	114693000
954000	115692000
955000	115691000
956000	115689000
957000	116713000
958000	116715000
959000	115691000
960000	116714000
961000	116688000
962000	115690000
963000	116689000
964000	116750000
965000	116686000
966000	116669000
967000	117684000
968000	116690000
969000	116750000
970000	116688000
971000	118697000
972000	118682000
973000	117684000
974000	117746000
975000	119681000
976000	117686000
977000	118707000
978000	117684000
979000	118678000
980000	117685000
981000	119679000
982000	119680000
983000	119679000
984000	120678000
985000	118702000
986000	119684000
987000	118745000
988000	119679000
989000	118746000
990000	119679000
991000	119681000
992000	119678000
993000	119742000
994000	120703000
995000	120677000
996000	119678000
997000	121676000
998000	119675000
999000	119742000
1000000	120615000
