1000	0
2000	0
3000	976000
4000	0
5000	0
6000	997000
7000	0
8000	0
9000	0
10000	0
11000	0
12000	997000
13000	997000
14000	998000
15000	997000
16000	998000
17000	998000
18000	1998000
19000	1000000
20000	2117000
21000	1144000
22000	1000000
23000	1942000
24000	2017000
25000	1998000
26000	1995000
27000	1997000
28000	1992000
29000	1997000
30000	3066000
31000	1998000
32000	2036000
33000	1999000
34000	2997000
35000	2996000
36000	5984000
37000	6981000
38000	3994000
39000	3989000
40000	2991000
41000	3990000
42000	3989000
43000	4986000
44000	4987000
45000	2993000
46000	3992000
47000	2993000
48000	4985000
49000	4988000
50000	4987000
51000	4988000
52000	3988000
53000	4987000
54000	5014000
55000	4944000
56000	3924000
57000	3989000
58000	5030000
59000	3928000
60000	5949000
61000	7977000
62000	5983000
63000	4986000
64000	5029000
65000	7978000
66000	8023000
67000	4987000
68000	5941000
69000	5982000
70000	4988000
71000	5984000
72000	5984000
73000	5983000
74000	5984000
75000	4986000
76000	5984000
77000	6982000
78000	6983000
79000	6044000
80000	7003000
81000	6981000
82000	6021000
83000	6982000
84000	6980000
85000	6945000
86000	5941000
87000	6998000
88000	6984000
89000	6915000
90000	7931000
91000	6919000
92000	7934000
93000	7983000
94000	8040000
95000	8049000
96000	7918000
97000	8041000
98000	8914000
99000	9974000
100000	8931000
101000	9975000
102000	11925000
103000	11967000
104000	8976000
105000	8934000
106000	8977000
107000	9968000
108000	8975000
109000	9973000
110000	9973000
111000	9972000
112000	10971000
113000	8985000
114000	10971000
115000	12964000
116000	9973000
117000	9974000
118000	10969000
119000	10970000
120000	11967000
121000	11967000
122000	11966000
123000	11969000
124000	11968000
125000	10969000
126000	10971000
127000	10970000
128000	12955000
129000	11968000
130000	10970000
131000	10969000
132000	9973000
133000	10973000
134000	10971000
135000	11007000
136000	10970000
137000	10995000
138000	10968000
139000	12030000
140000	10968000
141000	11907000
142000	11907000
143000	11907000
144000	11902000
145000	11968000
146000	12965000
147000	11969000
148000	12028000
149000	11907000
150000	12994000
151000	12905000
152000	11969000
153000	12904000
154000	12904000
155000	13031000
156000	11971000
157000	13897000
158000	13902000
159000	12901000
160000	13899000
161000	13901000
162000	15021000
163000	14023000
164000	13901000
165000	15023000
166000	13900000
167000	15003000
168000	14021000
169000	13963000
170000	14965000
171000	14898000
172000	15024000
173000	15895000
174000	14960000
175000	13999000
176000	15998000
177000	14960000
178000	15956000
179000	16022000
180000	15957000
181000	15914000
182000	14960000
183000	15956000
184000	15958000
185000	15998000
186000	16021000
187000	15993000
188000	16020000
189000	15933000
190000	15958000
191000	16952000
192000	17017000
193000	16952000
194000	15897000
195000	16019000
196000	16023000
197000	17892000
198000	17928000
199000	16019000
200000	15894000
201000	16926000
202000	15962000
203000	15966000
204000	16954000
205000	15934000
206000	16892000
207000	16929000
208000	16973000
209000	16930000
210000	17018000
211000	16951000
212000	17955000
213000	17949000
214000	17890000
215000	18016000
216000	17956000
217000	17981000
218000	18018000
219000	17950000
220000	17977000
221000	17927000
222000	17889000
223000	18984000
224000	18018000
225000	18015000
226000	18018000
227000	18890000
228000	18949000
229000	17956000
230000	18946000
231000	17887000
232000	18953000
233000	18890000
234000	19886000
235000	18887000
236000	20007000
237000	18948000
238000	18949000
239000	18954000
240000	20010000
241000	19010000
242000	19884000
243000	19976000
244000	19943000
245000	19886000
246000	19945000
247000	19944000
248000	20007000
249000	20882000
250000	20884000
251000	19944000
252000	20877000
253000	19951000
254000	20967000
255000	20944000
256000	19969000
257000	19922000
258000	20880000
259000	21005000
260000	20945000
261000	21006000
262000	20923000
263000	21903000
264000	21913000
265000	21006000
266000	20878000
267000	21940000
268000	21945000
269000	21936000
270000	21966000
271000	21942000
272000	21941000
273000	22886000
274000	22958000
275000	22877000
276000	23920000
277000	22944000
278000	22875000
279000	23907000
280000	22964000
281000	23872000
282000	23936000
283000	22874000
284000	24913000
285000	23973000
286000	23961000
287000	23936000
288000	24935000
289000	23008000
290000	23940000
291000	24934000
292000	22970000
293000	23936000
294000	24933000
295000	23937000
296000	23976000
297000	23998000
298000	25904000
299000	23996000
300000	24973000
301000	26993000
302000	24934000
303000	24870000
304000	25931000
305000	24929000
306000	24974000
307000	26935000
308000	25000000
309000	25935000
310000	25931000
311000	25893000
312000	26931000
313000	25935000
314000	25930000
315000	25931000
316000	25924000
317000	26902000
318000	26906000
319000	26904000
320000	26929000
321000	27907000
322000	27967000
323000	25972000
324000	27967000
325000	26936000
326000	26936000
327000	27931000
328000	27967000
329000	27931000
330000	27861000
331000	30854000
332000	27925000
333000	27922000
334000	27925000
335000	27924000
336000	28902000
337000	28897000
338000	28985000
339000	27969000
340000	28923000
341000	29895000
342000	27863000
343000	28983000
344000	28926000
345000	28985000
346000	28924000
347000	28920000
348000	28922000
349000	28923000
350000	29919000
351000	29917000
352000	29856000
353000	29919000
354000	29920000
355000	28921000
356000	29927000
357000	28875000
358000	29932000
359000	29924000
360000	29988000
361000	29963000
362000	30916000
363000	29920000
364000	29896000
365000	29956000
366000	30983000
367000	29967000
368000	34969000
369000	31940000
370000	30921000
371000	30953000
372000	30854000
373000	30925000
374000	30927000
375000	30922000
376000	30856000
377000	31915000
378000	31940000
379000	31915000
380000	31956000
381000	31893000
382000	31915000
383000	31914000
384000	31871000
385000	31873000
386000	31913000
387000	32916000
388000	31981000
389000	31925000
390000	32890000
391000	33907000
392000	32980000
393000	32975000
394000	32933000
395000	32915000
396000	33915000
397000	32936000
398000	33909000
399000	33889000
400000	33909000
401000	33887000
402000	33847000
403000	33971000
404000	33976000
405000	32918000
406000	34969000
407000	33975000
408000	34870000
409000	33847000
410000	33913000
411000	33914000
412000	34908000
413000	34844000
414000	34887000
415000	36901000
416000	35904000
417000	35904000
418000	34906000
419000	34905000
420000	34908000
421000	35903000
422000	34906000
423000	34942000
424000	34971000
425000	34885000
426000	35886000
427000	34931000
428000	35903000
429000	36903000
430000	35905000
431000	35942000
432000	35841000
433000	36899000
434000	35966000
435000	37917000
436000	35883000
437000	35933000
438000	36944000
439000	35933000
440000	36900000
441000	37971000
442000	36923000
443000	36835000
444000	37899000
445000	37901000
446000	37897000
447000	37896000
448000	37861000
449000	38831000
450000	37898000
451000	37837000
452000	37898000
453000	37909000
454000	37900000
455000	38903000
456000	38859000
457000	38895000
458000	38895000
459000	38957000
460000	38896000
461000	38918000
462000	39920000
463000	38959000
464000	39891000
465000	38896000
466000	38896000
467000	38896000
468000	39956000
469000	39892000
470000	39893000
471000	39896000
472000	39893000
473000	39898000
474000	40894000
475000	40890000
476000	40890000
477000	39893000
478000	39962000
479000	39915000
480000	40889000
481000	40889000
482000	43883000
483000	40891000
484000	41888000
485000	40888000
486000	40889000
487000	40889000
488000	40848000
489000	40954000
490000	41886000
491000	41887000
492000	41888000
493000	40907000
494000	40870000
495000	42954000
496000	42951000
497000	40825000
498000	41953000
499000	42952000
500000	42887000
501000	42885000
502000	41886000
503000	41886000
504000	42884000
505000	43881000
506000	42912000
507000	42880000
508000	43886000
509000	43820000
510000	42883000
511000	43881000
512000	43822000
513000	46875000
514000	43945000
515000	42817000
516000	43887000
517000	43909000
518000	43882000
519000	46876000
520000	43884000
521000	44886000
522000	43861000
523000	43907000
524000	44882000
525000	45812000
526000	44942000
527000	44926000
528000	45936000
529000	44886000
530000	45877000
531000	44882000
532000	44944000
533000	45875000
534000	44884000
535000	44917000
536000	45878000
537000	45878000
538000	46839000
539000	45906000
540000	46878000
541000	46853000
542000	46875000
543000	46875000
544000	46875000
545000	48869000
546000	45874000
547000	45880000
548000	46879000
549000	46834000
550000	46942000
551000	48869000
552000	49866000
553000	46899000
554000	47876000
555000	46899000
556000	46874000
557000	47934000
558000	46905000
559000	47867000
560000	47878000
561000	47877000
562000	48806000
563000	48903000
564000	47871000
565000	48870000
566000	47871000
567000	48844000
568000	49821000
569000	48871000
570000	48935000
571000	48930000
572000	48898000
573000	48868000
574000	48867000
575000	48803000
576000	48865000
577000	49875000
578000	49910000
579000	49872000
580000	49904000
581000	49866000
582000	50799000
583000	49896000
584000	49930000
585000	49799000
586000	50929000
587000	50865000
588000	50865000
589000	50927000
590000	50862000
591000	50864000
592000	50864000
593000	51863000
594000	50860000
595000	50863000
596000	51862000
597000	51862000
598000	50870000
599000	51834000
600000	51927000
601000	51869000
602000	50896000
603000	51863000
604000	50862000
605000	52797000
606000	52858000
607000	52856000
608000	52859000
609000	51862000
610000	53860000
611000	52890000
612000	51908000
613000	51822000
614000	52860000
615000	53856000
616000	53856000
617000	53855000
618000	53854000
619000	53853000
620000	52861000
621000	52887000
622000	55850000
623000	52888000
624000	53860000
625000	54850000
626000	53860000
627000	53859000
628000	54856000
629000	54882000
630000	54858000
631000	53861000
632000	54857000
633000	55891000
634000	55788000
635000	54790000
636000	54827000
637000	54896000
638000	55894000
639000	54916000
640000	55849000
641000	55850000
642000	56853000
643000	55851000
644000	55853000
645000	56915000
646000	55796000
647000	56913000
648000	57780000
649000	56853000
650000	56915000
651000	56853000
652000	56892000
653000	56914000
654000	56782000
655000	55920000
656000	57807000
657000	57851000
658000	56846000
659000	57845000
660000	57852000
661000	56847000
662000	57782000
663000	57845000
664000	57852000
665000	57912000
666000	58842000
667000	57820000
668000	58843000
669000	57844000
670000	57844000
671000	58782000
672000	58841000
673000	58840000
674000	58841000
675000	58842000
676000	57848000
677000	59837000
678000	58822000
679000	59877000
680000	59839000
681000	60805000
682000	61902000
683000	59775000
684000	60837000
685000	59842000
686000	59838000
687000	59838000
688000	60837000
689000	59841000
690000	58843000
691000	59837000
692000	59905000
693000	59812000
694000	61833000
695000	61835000
696000	60835000
697000	60835000
698000	60814000
699000	60837000
700000	61834000
701000	61792000
702000	60843000
703000	61770000
704000	61832000
705000	62829000
706000	61840000
707000	62828000
708000	62838000
709000	60878000
710000	61904000
711000	62769000
712000	62831000
713000	62768000
714000	63831000
715000	63865000
716000	62832000
717000	62898000
718000	63768000
719000	62830000
720000	62829000
721000	62896000
722000	62833000
723000	63826000
724000	63829000
725000	63829000
726000	63862000
727000	63871000
728000	63812000
729000	64826000
730000	64824000
731000	63832000
732000	64823000
733000	63897000
734000	65892000
735000	63830000
736000	64866000
737000	64828000
738000	64801000
739000	64823000
740000	64855000
741000	65827000
742000	65821000
743000	65824000
744000	65761000
745000	66861000
746000	64832000
747000	66852000
748000	64836000
749000	66862000
750000	65830000
751000	65849000
752000	66826000
753000	66830000
754000	66818000
755000	65823000
756000	66821000
757000	66820000
758000	67820000
759000	66823000
760000	67822000
761000	66821000
762000	67783000
763000	68816000
764000	67817000
765000	67818000
766000	66820000
767000	67818000
768000	67887000
769000	67816000
770000	68820000
771000	66891000
772000	68796000
773000	68845000
774000	68754000
775000	67798000
776000	68756000
777000	68815000
778000	68751000
779000	69821000
780000	69813000
781000	68819000
782000	68816000
783000	70840000
784000	68791000
785000	70751000
786000	69817000
787000	69846000
788000	68791000
789000	70809000
790000	70823000
791000	70764000
792000	70822000
793000	69820000
794000	69879000
795000	70813000
796000	70865000
797000	71813000
798000	70793000
799000	71814000
800000	71808000
801000	71806000
802000	71805000
803000	71808000
804000	71803000
805000	71808000
806000	71835000
807000	72808000
808000	71848000
809000	72745000
810000	71790000
811000	72844000
812000	71806000
813000	72805000
814000	72804000
815000	72805000
816000	73802000
817000	72778000
818000	72807000
819000	72812000
820000	72804000
821000	73800000
822000	72805000
823000	73801000
824000	73806000
825000	72781000
826000	74807000
827000	74800000
828000	73830000
829000	74849000
830000	74803000
831000	73801000
832000	75798000
833000	73804000
834000	73800000
835000	73869000
836000	74866000
837000	75867000
838000	74800000
839000	75799000
840000	75797000
841000	75820000
842000	74798000
843000	75796000
844000	78789000
845000	83842000
846000	75798000
847000	75777000
848000	76795000
849000	75733000
850000	76821000
851000	82779000
852000	83777000
853000	88762000
854000	98737000
855000	96742000
856000	101729000
857000	101727000
858000	78789000
859000	82738000
860000	84771000
861000	108710000
862000	86768000
863000	82779000
864000	96738000
865000	82781000
866000	81781000
867000	82742000
868000	82841000
869000	82779000
870000	92752000
871000	82777000
872000	78851000
873000	88741000
874000	88763000
875000	85771000
876000	85769000
877000	84712000
878000	84773000
879000	88825000
880000	80748000
881000	81820000
882000	80783000
883000	79786000
884000	90696000
885000	93750000
886000	84772000
887000	79786000
888000	80746000
889000	80765000
890000	81780000
891000	81783000
892000	81810000
893000	81788000
894000	81785000
895000	80720000
896000	80789000
897000	81781000
898000	81761000
899000	79797000
900000	81754000
901000	80763000
902000	80783000
903000	80794000
904000	84709000
905000	82738000
906000	82776000
907000	81782000
908000	82777000
909000	82778000
910000	83738000
911000	83819000
912000	83775000
913000	82777000
914000	83772000
915000	83784000
916000	82820000
917000	83761000
918000	82759000
919000	83805000
920000	82779000
921000	84840000
922000	84774000
923000	82775000
924000	84774000
925000	82776000
926000	84836000
927000	83740000
928000	84750000
929000	84839000
930000	84774000
931000	86767000
932000	85771000
933000	84774000
934000	85771000
935000	84773000
936000	85806000
937000	85795000
938000	85740000
939000	84777000
940000	86766000
941000	87702000
942000	86778000
943000	85770000
944000	85752000
945000	86795000
946000	85781000
947000	85772000
948000	87799000
949000	86706000
950000	86767000
951000	87826000
952000	86777000
953000	88762000
954000	87795000
955000	85770000
956000	87698000
957000	86772000
958000	88764000
959000	88760000
960000	86768000
961000	87767000
962000	88762000
963000	87766000
964000	88764000
965000	88763000
966000	87807000
967000	88830000
968000	88762000
969000	87784000
970000	87832000
971000	90737000
972000	88764000
973000	88762000
974000	89764000
975000	88764000
976000	88792000
977000	88723000
978000	89762000
979000	88762000
980000	88755000
981000	89758000
982000	89758000
983000	90758000
984000	89758000
985000	89758000
986000	88764000
987000	90762000
988000	90822000
989000	90757000
990000	90755000
991000	93749000
992000	90755000
993000	90758000
994000	91753000
995000	92756000
996000	91734000
997000	91801000
998000	93712000
999000	90757000
1000000	92758000
1000	0
2000	0
3000	1001000
4000	0
5000	0
6000	997000
7000	0
8000	0
9000	999000
10000	0
11000	0
12000	998000
13000	997000
14000	998000
15000	998000
16000	998000
17000	999000
18000	1995000
19000	1994000
20000	996000
21000	999000
22000	1995000
23000	997000
24000	1995000
25000	1994000
26000	2036000
27000	1995000
28000	1999000
29000	2080000
30000	2972000
31000	2049000
32000	2049000
33000	3048000
34000	2024000
35000	2990000
36000	2024000
37000	3046000
38000	3046000
39000	3047000
40000	2992000
41000	3022000
42000	2993000
43000	3054000
44000	3053000
45000	2949000
46000	3055000
47000	2992000
48000	3016000
49000	4052000
50000	4050000
51000	4050000
52000	4030000
53000	4009000
54000	4051000
55000	4985000
56000	4052000
57000	4010000
58000	3988000
59000	5048000
60000	5007000
61000	4925000
62000	4945000
63000	5006000
64000	4984000
65000	4985000
66000	6045000
67000	4984000
68000	4987000
69000	5007000
70000	6051000
71000	5983000
72000	4942000
73000	5921000
74000	6025000
75000	4987000
76000	5985000
77000	6045000
78000	6005000
79000	6046000
80000	6939000
81000	6024000
82000	6046000
83000	5988000
84000	5986000
85000	7003000
86000	5922000
87000	7001000
88000	7016000
89000	6005000
90000	7000000
91000	8023000
92000	7935000
93000	6920000
94000	6981000
95000	6914000
96000	7980000
97000	7977000
98000	7020000
99000	6917000
100000	7934000
101000	7978000
102000	7919000
103000	7979000
104000	7975000
105000	7954000
106000	8975000
107000	7979000
108000	7985000
109000	7979000
110000	8976000
111000	9038000
112000	8913000
113000	8972000
114000	9038000
115000	8996000
116000	9953000
117000	8976000
118000	9973000
119000	8982000
120000	9001000
121000	8996000
122000	9036000
123000	10904000
124000	9973000
125000	9911000
126000	9974000
127000	9973000
128000	10996000
129000	9970000
130000	10970000
131000	10970000
132000	10991000
133000	10990000
134000	10976000
135000	10909000
136000	10969000
137000	10907000
138000	10950000
139000	10992000
140000	11033000
141000	10927000
142000	10934000
143000	10970000
144000	11990000
145000	11974000
146000	11924000
147000	11971000
148000	12030000
149000	11943000
150000	11940000
151000	11937000
152000	11926000
153000	12961000
154000	12904000
155000	12940000
156000	12966000
157000	12901000
158000	12962000
159000	12986000
160000	13027000
161000	12984000
162000	12986000
163000	13901000
164000	12919000
165000	12992000
166000	13936000
167000	13959000
168000	13963000
169000	14025000
170000	13959000
171000	13003000
172000	13984000
173000	13901000
174000	14897000
175000	14024000
176000	13899000
177000	14957000
178000	13963000
179000	14895000
180000	14959000
181000	13900000
182000	14899000
183000	13904000
184000	14923000
185000	14966000
186000	14955000
187000	14955000
188000	15941000
189000	14958000
190000	15961000
191000	14947000
192000	16015000
193000	15891000
194000	15958000
195000	14957000
196000	16892000
197000	15920000
198000	15997000
199000	15895000
200000	15959000
201000	15957000
202000	15957000
203000	16025000
204000	15958000
205000	16991000
206000	16892000
207000	16930000
208000	16930000
209000	16954000
210000	16955000
211000	16892000
212000	18020000
213000	16956000
214000	16955000
215000	17951000
216000	17928000
217000	18013000
218000	17952000
219000	16990000
220000	16933000
221000	19011000
222000	17951000
223000	17890000
224000	17922000
225000	17954000
226000	18018000
227000	18924000
228000	19885000
229000	17954000
230000	18931000
231000	18950000
232000	18948000
233000	18949000
234000	19012000
235000	19934000
236000	18949000
237000	18923000
238000	18951000
239000	18947000
240000	19949000
241000	19983000
242000	19983000
243000	18914000
244000	19948000
245000	19945000
246000	19892000
247000	19922000
248000	19946000
249000	19954000
250000	19883000
251000	19882000
252000	19922000
253000	19946000
254000	20944000
255000	20881000
256000	20946000
257000	20942000
258000	20883000
259000	21888000
260000	20981000
261000	20883000
262000	20882000
263000	20944000
264000	21936000
265000	22009000
266000	21881000
267000	21881000
268000	20944000
269000	21979000
270000	21940000
271000	21941000
272000	21946000
273000	22002000
274000	21977000
275000	23001000
276000	22943000
277000	22944000
278000	22999000
279000	22943000
280000	22939000
281000	22937000
282000	22935000
283000	23874000
284000	23935000
285000	23998000
286000	23875000
287000	22977000
288000	24000000
289000	23925000
290000	22938000
291000	22937000
292000	23908000
293000	23899000
294000	23936000
295000	24943000
296000	24907000
297000	24872000
298000	24934000
299000	24969000
300000	23959000
301000	24996000
302000	24933000
303000	24867000
304000	24955000
305000	23947000
306000	25908000
307000	25930000
308000	25930000
309000	27925000
310000	27965000
311000	25871000
312000	25938000
313000	25996000
314000	25930000
315000	25931000
316000	25929000
317000	25928000
318000	25907000
319000	25931000
320000	25908000
321000	25893000
322000	26903000
323000	26926000
324000	26926000
325000	26933000
326000	25936000
327000	26996000
328000	28922000
329000	27948000
330000	27924000
331000	27930000
332000	26928000
333000	26911000
334000	26928000
335000	27925000
336000	27925000
337000	27925000
338000	27924000
339000	27924000
340000	28858000
341000	27949000
342000	28902000
343000	27862000
344000	28942000
345000	28950000
346000	27986000
347000	28924000
348000	28991000
349000	28903000
350000	28926000
351000	28902000
352000	29878000
353000	28985000
354000	29944000
355000	28985000
356000	28921000
357000	29882000
358000	29919000
359000	28893000
360000	29900000
361000	29919000
362000	30918000
363000	29899000
364000	29920000
365000	29921000
366000	30958000
367000	29986000
368000	29904000
369000	30918000
370000	30920000
371000	30916000
372000	31914000
373000	30917000
374000	30895000
375000	30959000
376000	30948000
377000	30984000
378000	31918000
379000	30917000
380000	31878000
381000	31914000
382000	31914000
383000	32911000
384000	31918000
385000	32911000
386000	31920000
387000	32848000
388000	31894000
389000	32852000
390000	31919000
391000	31955000
392000	32918000
393000	31914000
394000	32912000
395000	32912000
396000	32870000
397000	32911000
398000	32892000
399000	33912000
400000	33889000
401000	32956000
402000	33976000
403000	32934000
404000	33972000
405000	33889000
406000	34911000
407000	34911000
408000	34904000
409000	34845000
410000	33884000
411000	34905000
412000	34845000
413000	34912000
414000	34887000
415000	34905000
416000	34911000
417000	34869000
418000	34889000
419000	34976000
420000	34926000
421000	34915000
422000	35969000
423000	36899000
424000	34905000
425000	35903000
426000	35902000
427000	35912000
428000	35966000
429000	35881000
430000	35941000
431000	35843000
432000	36843000
433000	35934000
434000	35931000
435000	36908000
436000	35933000
437000	36942000
438000	36904000
439000	37903000
440000	36968000
441000	36968000
442000	37898000
443000	37838000
444000	37898000
445000	38895000
446000	36900000
447000	37838000
448000	37898000
449000	38898000
450000	37926000
451000	37940000
452000	36931000
453000	37836000
454000	37899000
455000	37834000
456000	38897000
457000	38834000
458000	38895000
459000	39894000
460000	38894000
461000	39894000
462000	38829000
463000	39892000
464000	38871000
465000	39913000
466000	38835000
467000	39895000
468000	39954000
469000	38916000
470000	39898000
471000	39872000
472000	38898000
473000	40828000
474000	39960000
475000	40891000
476000	40890000
477000	40889000
478000	39892000
479000	40889000
480000	40932000
481000	39915000
482000	40875000
483000	41885000
484000	40828000
485000	41889000
486000	40889000
487000	40893000
488000	40892000
489000	41862000
490000	40919000
491000	41930000
492000	40896000
493000	41888000
494000	41887000
495000	41916000
496000	40889000
497000	41888000
498000	42885000
499000	41886000
500000	41888000
501000	41894000
502000	42890000
503000	42885000
504000	41887000
505000	42885000
506000	42885000
507000	42885000
508000	42883000
509000	42885000
510000	42885000
511000	42882000
512000	42885000
513000	43883000
514000	43882000
515000	42824000
516000	43818000
517000	44881000
518000	43825000
519000	44878000
520000	44818000
521000	43883000
522000	43882000
523000	44878000
524000	44880000
525000	45876000
526000	43861000
527000	45872000
528000	44859000
529000	44816000
530000	44943000
531000	44940000
532000	45872000
533000	44950000
534000	50841000
535000	46901000
536000	44921000
537000	45877000
538000	46838000
539000	45854000
540000	46881000
541000	45884000
542000	45907000
543000	46872000
544000	45938000
545000	46874000
546000	46814000
547000	46941000
548000	46869000
549000	46854000
550000	48807000
551000	46876000
552000	47871000
553000	46812000
554000	48869000
555000	47873000
556000	46874000
557000	46812000
558000	47871000
559000	47937000
560000	47869000
561000	47808000
562000	48870000
563000	47871000
564000	48869000
565000	48869000
566000	49803000
567000	48850000
568000	48932000
569000	48806000
570000	48873000
571000	48867000
572000	49851000
573000	48868000
574000	48867000
575000	49849000
576000	48805000
577000	49894000
578000	49870000
579000	48936000
580000	53854000
581000	49867000
582000	50925000
583000	50863000
584000	49866000
585000	50864000
586000	50864000
587000	50816000
588000	50837000
589000	50925000
590000	50835000
591000	51825000
592000	50868000
593000	50901000
594000	50874000
595000	50863000
596000	51864000
597000	52901000
598000	51866000
599000	51869000
600000	52920000
601000	51897000
602000	51889000
603000	51841000
604000	52858000
605000	51927000
606000	51848000
607000	52884000
608000	51841000
609000	50866000
610000	52866000
611000	52885000
612000	52864000
613000	52883000
614000	52902000
615000	53921000
616000	53795000
617000	53800000
618000	53796000
619000	52928000
620000	53897000
621000	53856000
622000	53794000
623000	53834000
624000	54855000
625000	53857000
626000	53856000
627000	53857000
628000	53857000
629000	54918000
630000	53840000
631000	54791000
632000	54830000
633000	54857000
634000	55789000
635000	56850000
636000	56847000
637000	55915000
638000	54854000
639000	55834000
640000	55829000
641000	56916000
642000	55895000
643000	60880000
644000	56845000
645000	56847000
646000	55786000
647000	55849000
648000	57784000
649000	57843000
650000	55852000
651000	58840000
652000	56846000
653000	56849000
654000	56846000
655000	57843000
656000	57845000
657000	57847000
658000	55833000
659000	58842000
660000	57845000
661000	57824000
662000	56847000
663000	56847000
664000	58777000
665000	58780000
666000	58842000
667000	57845000
668000	58821000
669000	58910000
670000	59819000
671000	59819000
672000	58872000
673000	58875000
674000	57912000
675000	58840000
676000	57843000
677000	58822000
678000	59824000
679000	59778000
680000	58841000
681000	58841000
682000	58843000
683000	59839000
684000	59818000
685000	59821000
686000	58843000
687000	58825000
688000	59841000
689000	60781000
690000	59838000
691000	60835000
692000	60844000
693000	59896000
694000	59839000
695000	60904000
696000	61835000
697000	61773000
698000	61835000
699000	61839000
700000	61841000
701000	61834000
702000	61816000
703000	61834000
704000	62831000
705000	62830000
706000	61834000
707000	60837000
708000	61832000
709000	62832000
710000	62831000
711000	61835000
712000	62899000
713000	61816000
714000	62831000
715000	63829000
716000	62829000
717000	63809000
718000	62896000
719000	62835000
720000	63833000
721000	62837000
722000	64804000
723000	63874000
724000	63791000
725000	63831000
726000	64857000
727000	65846000
728000	63829000
729000	64891000
730000	63858000
731000	63835000
732000	64826000
733000	64827000
734000	64894000
735000	64823000
736000	63895000
737000	64827000
738000	64827000
739000	64893000
740000	66821000
741000	65821000
742000	64824000
743000	64824000
744000	65823000
745000	65853000
746000	65834000
747000	64782000
748000	65826000
749000	65821000
750000	66825000
751000	65802000
752000	65889000
753000	65822000
754000	66821000
755000	66887000
756000	67818000
757000	66822000
758000	67817000
759000	67824000
760000	67758000
761000	67801000
762000	67819000
763000	67818000
764000	66797000
765000	66889000
766000	68884000
767000	68850000
768000	67824000
769000	67883000
770000	68847000
771000	68890000
772000	67799000
773000	68750000
774000	68821000
775000	68817000
776000	68817000
777000	68816000
778000	68813000
779000	68817000
780000	69813000
781000	69812000
782000	68818000
783000	69856000
784000	69813000
785000	70811000
786000	70810000
787000	69854000
788000	68779000
789000	69813000
790000	69836000
791000	69816000
792000	71809000
793000	70834000
794000	69816000
795000	71810000
796000	71817000
797000	70809000
798000	70769000
799000	71874000
800000	70841000
801000	70772000
802000	71806000
803000	70853000
804000	70878000
805000	70838000
806000	71852000
807000	71812000
808000	72803000
809000	71850000
810000	71809000
811000	72801000
812000	72804000
813000	72804000
814000	71784000
815000	72804000
816000	72812000
817000	72827000
818000	73834000
819000	74821000
820000	72806000
821000	73804000
822000	75796000
823000	73802000
824000	72872000
825000	73869000
826000	73799000
827000	73800000
828000	73802000
829000	73803000
830000	73803000
831000	74843000
832000	74739000
833000	75808000
834000	74798000
835000	74797000
836000	74800000
837000	74738000
838000	75795000
839000	75800000
840000	75777000
841000	74800000
842000	75779000
843000	76794000
844000	75824000
845000	76764000
846000	74779000
847000	75735000
848000	76795000
849000	75804000
850000	76796000
851000	76793000
852000	77825000
853000	76776000
854000	75806000
855000	75797000
856000	75832000
857000	76855000
858000	76777000
859000	77767000
860000	78726000
861000	76774000
862000	77792000
863000	79852000
864000	77826000
865000	78765000
866000	77801000
867000	78768000
868000	79829000
869000	78855000
870000	77796000
871000	78854000
872000	78796000
873000	78854000
874000	79854000
875000	78790000
876000	78789000
877000	79786000
878000	79784000
879000	78787000
880000	79786000
881000	79766000
882000	79847000
883000	82715000
884000	78820000
885000	79848000
886000	78844000
887000	80758000
888000	80785000
889000	80759000
890000	80781000
891000	80782000
892000	80785000
893000	80786000
894000	80783000
895000	81779000
896000	79786000
897000	81781000
898000	82777000
899000	81789000
900000	81782000
901000	80821000
902000	81850000
903000	80781000
904000	80785000
905000	82776000
906000	81823000
907000	82780000
908000	81782000
909000	81844000
910000	82777000
911000	82779000
912000	82778000
913000	81718000
914000	83781000
915000	82757000
916000	82759000
917000	81779000
918000	83774000
919000	83777000
920000	82777000
921000	83777000
922000	83771000
923000	83775000
924000	84748000
925000	82780000
926000	84779000
927000	83773000
928000	83750000
929000	85760000
930000	84777000
931000	85753000
932000	85730000
933000	84838000
934000	85770000
935000	85770000
936000	85848000
937000	84777000
938000	87702000
939000	85802000
940000	84778000
941000	87764000
942000	86751000
943000	85840000
944000	85831000
945000	86770000
946000	85773000
947000	85776000
948000	85775000
949000	87743000
950000	87744000
951000	89825000
952000	85776000
953000	87702000
954000	85798000
955000	85832000
956000	86769000
957000	87774000
958000	87770000
959000	87811000
960000	88764000
961000	87744000
962000	87763000
963000	87741000
964000	87766000
965000	87770000
966000	87806000
967000	87830000
968000	87793000
969000	87786000
970000	88768000
971000	89760000
972000	88791000
973000	87765000
974000	89762000
975000	89760000
976000	89762000
977000	88760000
978000	89697000
979000	89765000
980000	90823000
981000	90764000
982000	88834000
983000	89760000
984000	90756000
985000	90755000
986000	89758000
987000	90803000
988000	91755000
989000	89759000
990000	90724000
991000	90784000
992000	91759000
993000	91752000
994000	91758000
995000	90828000
996000	91755000
997000	90738000
998000	91761000
999000	91758000
1000000	93729000
1000	0
2000	0
3000	0
4000	995000
5000	0
6000	0
7000	998000
8000	997000
9000	997000
10000	997000
11000	998000
12000	997000
13000	998000
14000	997000
15000	998000
16000	997000
17000	998000
18000	998000
19000	997000
20000	997000
21000	997000
22000	997000
23000	1996000
24000	1994000
25000	997000
26000	1993000
27000	1994000
28000	1996000
29000	1994000
30000	2056000
31000	2051000
32000	2994000
33000	1991000
34000	3047000
35000	3034000
36000	3012000
37000	3053000
38000	2991000
39000	2992000
40000	2992000
41000	3053000
42000	2991000
43000	3989000
44000	3014000
45000	3987000
46000	3054000
47000	2986000
48000	2991000
49000	4051000
50000	4050000
51000	3988000
52000	4030000
53000	3948000
54000	4051000
55000	5052000
56000	5008000
57000	4012000
58000	4986000
59000	3970000
60000	4010000
61000	4986000
62000	4983000
63000	3989000
64000	5008000
65000	4943000
66000	5011000
67000	5983000
68000	4925000
69000	5048000
70000	5008000
71000	4984000
72000	5007000
73000	6004000
74000	6049000
75000	5980000
76000	6045000
77000	6021000
78000	5982000
79000	5984000
80000	5985000
81000	5984000
82000	7044000
83000	6006000
84000	6981000
85000	6918000
86000	7042000
87000	6985000
88000	7001000
89000	7002000
90000	6982000
91000	6976000
92000	7979000
93000	6984000
94000	6957000
95000	6983000
96000	6982000
97000	7978000
98000	6986000
99000	7937000
100000	7979000
101000	7979000
102000	8001000
103000	7915000
104000	7899000
105000	7979000
106000	7978000
107000	8995000
108000	8936000
109000	8914000
110000	8976000
111000	8996000
112000	8999000
113000	8932000
114000	8979000
115000	9001000
116000	9959000
117000	9013000
118000	9997000
119000	9995000
120000	8974000
121000	9974000
122000	9960000
123000	9996000
124000	9973000
125000	9975000
126000	9967000
127000	9973000
128000	9935000
129000	11001000
130000	9971000
131000	10008000
132000	10943000
133000	10945000
134000	10975000
135000	10971000
136000	11031000
137000	12966000
138000	10973000
139000	11008000
140000	11993000
141000	10970000
142000	10971000
143000	11968000
144000	11982000
145000	11966000
146000	12030000
147000	10909000
148000	11943000
149000	11901000
150000	12970000
151000	11906000
152000	11969000
153000	12910000
154000	12965000
155000	11968000
156000	12965000
157000	12906000
158000	12934000
159000	13027000
160000	12985000
161000	12965000
162000	12940000
163000	12985000
164000	13029000
165000	12964000
166000	12968000
167000	13965000
168000	13901000
169000	13941000
170000	14962000
171000	13902000
172000	13951000
173000	13974000
174000	13922000
175000	13898000
176000	13941000
177000	13940000
178000	13899000
179000	13937000
180000	14919000
181000	13989000
182000	14960000
183000	14961000
184000	14960000
185000	14936000
186000	14937000
187000	14917000
188000	14960000
189000	15955000
190000	14937000
191000	16018000
192000	14897000
193000	15982000
194000	15935000
195000	15955000
196000	15933000
197000	16018000
198000	16900000
199000	16951000
200000	15965000
201000	16000000
202000	16955000
203000	16956000
204000	16992000
205000	16955000
206000	16928000
207000	16893000
208000	16893000
209000	17016000
210000	16954000
211000	16955000
212000	16990000
213000	16934000
214000	16949000
215000	17947000
216000	17924000
217000	17988000
218000	16995000
219000	17927000
220000	17993000
221000	17926000
222000	17889000
223000	18013000
224000	18913000
225000	18969000
226000	18950000
227000	18014000
228000	17971000
229000	18942000
230000	18950000
231000	17889000
232000	18949000
233000	18977000
234000	19947000
235000	19906000
236000	18949000
237000	18948000
238000	19927000
239000	19924000
240000	18950000
241000	19011000
242000	19954000
243000	18950000
244000	19922000
245000	19882000
246000	19984000
247000	19985000
248000	20009000
249000	21005000
250000	19947000
251000	19945000
252000	20981000
253000	21007000
254000	19886000
255000	20944000
256000	20945000
257000	20882000
258000	21005000
259000	20919000
260000	21941000
261000	21944000
262000	21942000
263000	21966000
264000	21876000
265000	21945000
266000	21941000
267000	20918000
268000	20882000
269000	21941000
270000	21879000
271000	21920000
272000	22877000
273000	21973000
274000	22917000
275000	21943000
276000	22905000
277000	21944000
278000	23001000
279000	21940000
280000	22936000
281000	22937000
282000	22976000
283000	23001000
284000	23936000
285000	23936000
286000	22975000
287000	23913000
288000	23934000
289000	23933000
290000	22938000
291000	23936000
292000	23935000
293000	23937000
294000	23939000
295000	24002000
296000	23974000
297000	24935000
298000	24938000
299000	24935000
300000	24940000
301000	23972000
302000	24935000
303000	23938000
304000	24933000
305000	24934000
306000	24932000
307000	25905000
308000	25936000
309000	24002000
310000	24996000
311000	24933000
312000	24933000
313000	24932000
314000	25928000
315000	25967000
316000	25929000
317000	26904000
318000	26928000
319000	26912000
320000	25929000
321000	25952000
322000	25908000
323000	26908000
324000	25952000
325000	25996000
326000	26955000
327000	26947000
328000	26962000
329000	26928000
330000	25929000
331000	27905000
332000	27962000
333000	26903000
334000	27991000
335000	27905000
336000	26934000
337000	27863000
338000	27899000
339000	27905000
340000	27931000
341000	27904000
342000	27992000
343000	28860000
344000	27990000
345000	27951000
346000	28924000
347000	27863000
348000	28988000
349000	28858000
350000	28924000
351000	28907000
352000	28861000
353000	28898000
354000	28951000
355000	28945000
356000	28987000
357000	29961000
358000	29859000
359000	29920000
360000	29924000
361000	28963000
362000	30942000
363000	29902000
364000	30922000
365000	30926000
366000	30923000
367000	30922000
368000	29855000
369000	30927000
370000	30878000
371000	31853000
372000	30899000
373000	31909000
374000	30985000
375000	31915000
376000	31918000
377000	29908000
378000	31945000
379000	31977000
380000	30959000
381000	30921000
382000	31942000
383000	30916000
384000	31938000
385000	31914000
386000	31916000
387000	31915000
388000	32889000
389000	31921000
390000	31919000
391000	32910000
392000	31981000
393000	32910000
394000	32848000
395000	32918000
396000	32914000
397000	32909000
398000	32910000
399000	33908000
400000	32916000
401000	34947000
402000	33911000
403000	33914000
404000	33910000
405000	33939000
406000	32953000
407000	34906000
408000	33975000
409000	33949000
410000	33913000
411000	34912000
412000	34907000
413000	33976000
414000	34845000
415000	33915000
416000	33972000
417000	34947000
418000	33939000
419000	33911000
420000	35911000
421000	34909000
422000	35903000
423000	34975000
424000	34972000
425000	34930000
426000	34971000
427000	35878000
428000	35928000
429000	35935000
430000	35906000
431000	35882000
432000	35908000
433000	35930000
434000	36905000
435000	36906000
436000	36901000
437000	36899000
438000	35903000
439000	36900000
440000	36901000
441000	36906000
442000	37898000
443000	37899000
444000	36925000
445000	37898000
446000	36902000
447000	37897000
448000	37897000
449000	37900000
450000	36911000
451000	37968000
452000	37941000
453000	37835000
454000	37924000
455000	38869000
456000	38896000
457000	38899000
458000	38893000
459000	38834000
460000	37960000
461000	38936000
462000	38903000
463000	38961000
464000	38875000
465000	38875000
466000	38874000
467000	37965000
468000	39959000
469000	39872000
470000	39897000
471000	38900000
472000	40888000
473000	39899000
474000	40828000
475000	39898000
476000	39955000
477000	39832000
478000	40888000
479000	40829000
480000	40890000
481000	40829000
482000	40891000
483000	39831000
484000	40929000
485000	40891000
486000	41852000
487000	41868000
488000	40869000
489000	41889000
490000	41865000
491000	41826000
492000	41862000
493000	41893000
494000	40886000
495000	41868000
496000	42849000
497000	42881000
498000	42884000
499000	41929000
500000	41888000
501000	42823000
502000	42860000
503000	42866000
504000	42929000
505000	43920000
506000	42885000
507000	43818000
508000	42884000
509000	42885000
510000	42889000
511000	43885000
512000	42819000
513000	43889000
514000	42890000
515000	43862000
516000	43855000
517000	44819000
518000	43882000
519000	44878000
520000	44842000
521000	45918000
522000	43909000
523000	43821000
524000	44820000
525000	44867000
526000	44880000
527000	45880000
528000	44879000
529000	44881000
530000	43885000
531000	44945000
532000	43944000
533000	45905000
534000	45877000
535000	46873000
536000	44855000
537000	45875000
538000	45876000
539000	44885000
540000	46874000
541000	46876000
542000	45938000
543000	46935000
544000	45808000
545000	46875000
546000	46935000
547000	46846000
548000	47829000
549000	46887000
550000	46896000
551000	46904000
552000	47893000
553000	46935000
554000	47870000
555000	47810000
556000	47870000
557000	47865000
558000	47871000
559000	46936000
560000	47873000
561000	46939000
562000	48844000
563000	48871000
564000	48809000
565000	47870000
566000	49868000
567000	48870000
568000	49868000
569000	48808000
570000	49866000
571000	48802000
572000	48810000
573000	48867000
574000	48869000
575000	49868000
576000	49863000
577000	49866000
578000	48915000
579000	49845000
580000	49907000
581000	49889000
582000	50864000
583000	50864000
584000	50868000
585000	49867000
586000	49805000
587000	49843000
588000	49865000
589000	49805000
590000	50864000
591000	51826000
592000	50889000
593000	50887000
594000	50864000
595000	50802000
596000	51861000
597000	50863000
598000	50864000
599000	51859000
600000	51833000
601000	51861000
602000	50924000
603000	52798000
604000	52903000
605000	51866000
606000	51859000
607000	51861000
608000	52863000
609000	52857000
610000	52859000
611000	52860000
612000	52860000
613000	53862000
614000	52900000
615000	56785000
616000	53856000
617000	53795000
618000	53855000
619000	53794000
620000	53897000
621000	52859000
622000	53859000
623000	54791000
624000	53861000
625000	52924000
626000	54792000
627000	54854000
628000	54852000
629000	54880000
630000	54835000
631000	57866000
632000	53862000
633000	54859000
634000	54851000
635000	54859000
636000	54859000
637000	54920000
638000	55814000
639000	54791000
640000	54851000
641000	54893000
642000	55854000
643000	55834000
644000	55854000
645000	55830000
646000	56810000
647000	56870000
648000	55851000
649000	56837000
650000	56890000
651000	56873000
652000	56849000
653000	56847000
654000	56827000
655000	57845000
656000	56837000
657000	56846000
658000	57844000
659000	58840000
660000	57850000
661000	58780000
662000	57892000
663000	56860000
664000	57876000
665000	56825000
666000	58822000
667000	57850000
668000	58817000
669000	57911000
670000	57913000
671000	57850000
672000	59905000
673000	57846000
674000	58911000
675000	58823000
676000	58825000
677000	59858000
678000	58847000
679000	58849000
680000	59907000
681000	58782000
682000	59873000
683000	59871000
684000	61773000
685000	60837000
686000	60847000
687000	60846000
688000	60841000
689000	60878000
690000	62809000
691000	59908000
692000	60841000
693000	60837000
694000	60800000
695000	61864000
696000	59844000
697000	61900000
698000	60874000
699000	61836000
700000	60842000
701000	61838000
702000	71806000
703000	68818000
704000	63829000
705000	61817000
706000	61836000
707000	60864000
708000	61838000
709000	61865000
710000	62830000
711000	61859000
712000	61838000
713000	62877000
714000	61810000
715000	62771000
716000	63892000
717000	62832000
718000	62898000
719000	63893000
720000	63876000
721000	63830000
722000	63899000
723000	62837000
724000	63829000
725000	63826000
726000	63827000
727000	64826000
728000	63829000
729000	64805000
730000	63856000
731000	63834000
732000	63835000
733000	64831000
734000	64824000
735000	63830000
736000	64868000
737000	65809000
738000	64828000
739000	65822000
740000	65824000
741000	63857000
742000	65757000
743000	65835000
744000	65879000
745000	64834000
746000	65851000
747000	65825000
748000	66820000
749000	65821000
750000	65837000
751000	66887000
752000	65803000
753000	66820000
754000	67818000
755000	67822000
756000	66888000
757000	67818000
758000	66821000
759000	69813000
760000	67817000
761000	66888000
762000	67798000
763000	66887000
764000	68796000
765000	67818000
766000	68753000
767000	67818000
768000	67827000
769000	67798000
770000	69846000
771000	67819000
772000	68816000
773000	68816000
774000	68817000
775000	69823000
776000	69813000
777000	69843000
778000	68820000
779000	69878000
780000	68860000
781000	69816000
782000	68815000
783000	69792000
784000	69792000
785000	70841000
786000	69843000
787000	69813000
788000	69812000
789000	69812000
790000	69780000
791000	71816000
792000	69775000
793000	70818000
794000	70877000
795000	71809000
796000	70881000
797000	72866000
798000	70853000
799000	70807000
800000	72805000
801000	71809000
802000	70810000
803000	71813000
804000	70814000
805000	71843000
806000	71803000
807000	72806000
808000	71806000
809000	73802000
810000	71811000
811000	72846000
812000	73871000
813000	72853000
814000	72812000
815000	72813000
816000	72805000
817000	71772000
818000	73742000
819000	72787000
820000	73869000
821000	74800000
822000	72871000
823000	73783000
824000	72784000
825000	74830000
826000	73801000
827000	73802000
828000	74869000
829000	73802000
830000	75799000
831000	74800000
832000	73803000
833000	74799000
834000	74799000
835000	74804000
836000	73834000
837000	74824000
838000	73870000
839000	75830000
840000	75795000
841000	75801000
842000	74866000
843000	76822000
844000	74787000
845000	75762000
846000	75770000
847000	75797000
848000	75797000
849000	76731000
850000	76793000
851000	76822000
852000	76795000
853000	75794000
854000	76795000
855000	76769000
856000	76794000
857000	77792000
858000	77802000
859000	76796000
860000	76799000
861000	77791000
862000	78790000
863000	77790000
864000	79769000
865000	76825000
866000	77792000
867000	77824000
868000	76794000
869000	77731000
870000	78816000
871000	78789000
872000	78765000
873000	78855000
874000	89758000
875000	80784000
876000	78834000
877000	79816000
878000	77798000
879000	79782000
880000	80719000
881000	78754000
882000	79792000
883000	80790000
884000	80814000
885000	79768000
886000	79788000
887000	79788000
888000	81779000
889000	80781000
890000	80782000
891000	81780000
892000	79853000
893000	80851000
894000	80782000
895000	80790000
896000	81780000
897000	80782000
898000	80760000
899000	81780000
900000	80786000
901000	80855000
902000	82803000
903000	80761000
904000	80851000
905000	81720000
906000	81746000
907000	81780000
908000	82775000
909000	81780000
910000	82800000
911000	80787000
912000	83784000
913000	82760000
914000	81788000
915000	82783000
916000	82779000
917000	84773000
918000	83774000
919000	83774000
920000	82784000
921000	84737000
922000	83756000
923000	83779000
924000	83805000
925000	83784000
926000	83798000
927000	83777000
928000	84838000
929000	84839000
930000	84836000
931000	84753000
932000	84712000
933000	85771000
934000	84774000
935000	85749000
936000	84753000
937000	84840000
938000	84772000
939000	84840000
940000	84771000
941000	84773000
942000	85770000
943000	84773000
944000	84773000
945000	86766000
946000	86767000
947000	86775000
948000	86774000
949000	86752000
950000	87727000
951000	85799000
952000	86768000
953000	85775000
954000	86773000
955000	87770000
956000	86771000
957000	87830000
958000	87763000
959000	87769000
960000	87748000
961000	87744000
962000	88767000
963000	87770000
964000	86798000
965000	87811000
966000	88768000
967000	86764000
968000	88824000
969000	90736000
970000	88742000
971000	88762000
972000	89761000
973000	88829000
974000	88767000
975000	88761000
976000	89766000
977000	90757000
978000	90761000
979000	90736000
980000	88760000
981000	90758000
982000	88760000
983000	91754000
984000	91759000
985000	90761000
986000	91752000
987000	91758000
988000	90818000
989000	90756000
990000	90824000
991000	90761000
992000	90756000
993000	90758000
994000	92751000
995000	90739000
996000	92751000
997000	91798000
998000	92757000
999000	91760000
1000000	91779000
1000	935000
2000	0
3000	0
4000	0
5000	0
6000	997000
7000	0
8000	0
9000	0
10000	0
11000	0
12000	997000
13000	998000
14000	997000
15000	998000
16000	1002000
17000	998000
18000	1994000
19000	998000
20000	999000
21000	1993000
22000	1995000
23000	1995000
24000	1995000
25000	1995000
26000	1994000
27000	2055000
28000	2057000
29000	2050000
30000	1994000
31000	2055000
32000	2052000
33000	2050000
34000	1999000
35000	2994000
36000	3048000
37000	2050000
38000	3011000
39000	1993000
40000	2993000
41000	2993000
42000	2992000
43000	3992000
44000	4035000
45000	3992000
46000	2991000
47000	2992000
48000	2993000
49000	2991000
50000	4050000
51000	3987000
52000	3989000
53000	3989000
54000	3989000
55000	3985000
56000	3988000
57000	3952000
58000	3990000
59000	5049000
60000	5004000
61000	4985000
62000	5048000
63000	4987000
64000	4987000
65000	4986000
66000	5023000
67000	5048000
68000	5941000
69000	6003000
70000	5983000
71000	4987000
72000	5948000
73000	4987000
74000	5947000
75000	6045000
76000	6027000
77000	5007000
78000	6004000
79000	6004000
80000	5984000
81000	5984000
82000	7002000
83000	7001000
84000	7043000
85000	6981000
86000	6939000
87000	6981000
88000	6919000
89000	7017000
90000	7022000
91000	6981000
92000	6982000
93000	6920000
94000	6981000
95000	8002000
96000	7999000
97000	7002000
98000	7978000
99000	7002000
100000	8020000
101000	7978000
102000	7979000
103000	7980000
104000	8040000
105000	8912000
106000	7977000
107000	8939000
108000	8041000
109000	9038000
110000	8984000
111000	8976000
112000	8997000
113000	8915000
114000	8939000
115000	8975000
116000	8913000
117000	9977000
118000	8977000
119000	9973000
120000	9907000
121000	9974000
122000	8969000
123000	10945000
124000	9973000
125000	9974000
126000	9974000
127000	10012000
128000	9937000
129000	9998000
130000	10970000
131000	10932000
132000	10035000
133000	9929000
134000	10993000
135000	11032000
136000	10971000
137000	10968000
138000	10971000
139000	11033000
140000	11004000
141000	10995000
142000	11033000
143000	11974000
144000	11904000
145000	10970000
146000	10971000
147000	11967000
148000	12030000
149000	11969000
150000	11967000
151000	14959000
152000	12004000
153000	11969000
154000	11969000
155000	12966000
156000	12965000
157000	12003000
158000	13027000
159000	12963000
160000	11968000
161000	12933000
162000	12975000
163000	12954000
164000	12903000
165000	12968000
166000	12904000
167000	13988000
168000	12903000
169000	13987000
170000	13963000
171000	13963000
172000	13963000
173000	13962000
174000	13937000
175000	14986000
176000	13966000
177000	15021000
178000	13901000
179000	14958000
180000	13965000
181000	14912000
182000	14897000
183000	13966000
184000	14903000
185000	14962000
186000	15895000
187000	14897000
188000	14943000
189000	14935000
190000	16020000
191000	14959000
192000	15934000
193000	15958000
194000	15894000
195000	16017000
196000	15895000
197000	15918000
198000	15932000
199000	15958000
200000	15954000
201000	17889000
202000	15994000
203000	15931000
204000	15957000
205000	15932000
206000	16955000
207000	16892000
208000	17017000
209000	16956000
210000	16992000
211000	16954000
212000	16992000
213000	16955000
214000	16934000
215000	16891000
216000	16980000
217000	17953000
218000	17952000
219000	17956000
220000	16995000
221000	17916000
222000	18948000
223000	17997000
224000	17951000
225000	19011000
226000	17951000
227000	18889000
228000	19011000
229000	18923000
230000	18881000
231000	18907000
232000	18889000
233000	18949000
234000	19885000
235000	18949000
236000	18888000
237000	18925000
238000	19012000
239000	18924000
240000	19922000
241000	18987000
242000	19886000
243000	19919000
244000	20946000
245000	19946000
246000	19972000
247000	21005000
248000	19948000
249000	19946000
250000	19945000
251000	19988000
252000	19947000
253000	20943000
254000	19946000
255000	20979000
256000	21007000
257000	20948000
258000	20920000
259000	20883000
260000	21944000
261000	21918000
262000	21940000
263000	21939000
264000	21941000
265000	20944000
266000	21880000
267000	21880000
268000	22011000
269000	22003000
270000	21879000
271000	22877000
272000	22965000
273000	21941000
274000	21879000
275000	22962000
276000	21942000
277000	22939000
278000	22876000
279000	23004000
280000	22875000
281000	22935000
282000	22877000
283000	22937000
284000	23936000
285000	23936000
286000	22939000
287000	23911000
288000	23935000
289000	23004000
290000	23936000
291000	22942000
292000	23936000
293000	24003000
294000	23919000
295000	24909000
296000	23936000
297000	23896000
298000	24933000
299000	24932000
300000	23937000
301000	24895000
302000	24996000
303000	25872000
304000	25935000
305000	24962000
306000	23936000
307000	24999000
308000	24947000
309000	25906000
310000	24908000
311000	24971000
312000	25950000
313000	24870000
314000	24940000
315000	25903000
316000	25932000
317000	25971000
318000	25931000
319000	26927000
320000	26928000
321000	26888000
322000	25929000
323000	26927000
324000	25934000
325000	25994000
326000	26989000
327000	26865000
328000	26926000
329000	26866000
330000	26958000
331000	26935000
332000	26911000
333000	27968000
334000	26865000
335000	26992000
336000	27967000
337000	27925000
338000	27930000
339000	27886000
340000	28924000
341000	27934000
342000	28930000
343000	27961000
344000	28923000
345000	28902000
346000	28985000
347000	28858000
348000	28928000
349000	28898000
350000	28922000
351000	27934000
352000	28861000
353000	29989000
354000	29858000
355000	28861000
356000	28989000
357000	29920000
358000	29924000
359000	28999000
360000	30942000
361000	29897000
362000	29926000
363000	29867000
364000	29953000
365000	29856000
366000	29917000
367000	30853000
368000	29920000
369000	30893000
370000	30916000
371000	30959000
372000	30917000
373000	30943000
374000	30961000
375000	30875000
376000	29958000
377000	31894000
378000	31924000
379000	31913000
380000	31915000
381000	31891000
382000	31918000
383000	31920000
384000	31920000
385000	31976000
386000	31918000
387000	32850000
388000	32889000
389000	31870000
390000	31911000
391000	31895000
392000	32891000
393000	32913000
394000	32911000
395000	32918000
396000	32917000
397000	33991000
398000	32957000
399000	32934000
400000	32909000
401000	33912000
402000	33888000
403000	33909000
404000	32891000
405000	33931000
406000	33913000
407000	32947000
408000	34910000
409000	34905000
410000	33907000
411000	34842000
412000	35903000
413000	34974000
414000	34906000
415000	34971000
416000	33891000
417000	34906000
418000	35973000
419000	33954000
420000	35903000
421000	34845000
422000	35883000
423000	34971000
424000	34907000
425000	34904000
426000	34951000
427000	34975000
428000	35841000
429000	35973000
430000	35945000
431000	35902000
432000	35903000
433000	35903000
434000	36840000
435000	35905000
436000	35884000
437000	35930000
438000	36838000
439000	36968000
440000	36879000
441000	37904000
442000	37899000
443000	36900000
444000	37900000
445000	37900000
446000	36906000
447000	36907000
448000	36945000
449000	37899000
450000	37892000
451000	37959000
452000	37907000
453000	37965000
454000	37903000
455000	37836000
456000	37897000
457000	37837000
458000	38895000
459000	37906000
460000	38961000
461000	38900000
462000	37870000
463000	38894000
464000	38917000
465000	39832000
466000	39898000
467000	40953000
468000	39831000
469000	39912000
470000	39893000
471000	38923000
472000	39871000
473000	39827000
474000	39825000
475000	40892000
476000	38938000
477000	40890000
478000	40890000
479000	39959000
480000	39915000
481000	40849000
482000	40890000
483000	39891000
484000	40890000
485000	41827000
486000	40889000
487000	41888000
488000	41891000
489000	41932000
490000	41823000
491000	41864000
492000	40919000
493000	41930000
494000	41913000
495000	42834000
496000	41927000
497000	41826000
498000	41888000
499000	42884000
500000	42885000
501000	41886000
502000	44880000
503000	43886000
504000	41888000
505000	42950000
506000	42885000
507000	43882000
508000	41885000
509000	43943000
510000	43869000
511000	43822000
512000	43820000
513000	42883000
514000	42946000
515000	43820000
516000	43884000
517000	43821000
518000	43993000
519000	43942000
520000	43878000
521000	44879000
522000	43857000
523000	44942000
524000	44844000
525000	44880000
526000	43949000
527000	43945000
528000	43920000
529000	44815000
530000	44880000
531000	44879000
532000	44880000
533000	45877000
534000	45923000
535000	45876000
536000	45902000
537000	46879000
538000	45939000
539000	46874000
540000	45877000
541000	45883000
542000	46913000
543000	46874000
544000	46872000
545000	45879000
546000	45816000
547000	45877000
548000	47872000
549000	46878000
550000	46873000
551000	47938000
552000	47807000
553000	46941000
554000	46874000
555000	47808000
556000	46875000
557000	47913000
558000	47907000
559000	47873000
560000	47848000
561000	46936000
562000	47934000
563000	47872000
564000	48869000
565000	47810000
566000	48869000
567000	47874000
568000	48871000
569000	48844000
570000	49933000
571000	48849000
572000	49891000
573000	48899000
574000	48868000
575000	48874000
576000	48899000
577000	48869000
578000	51863000
579000	49865000
580000	50865000
581000	49867000
582000	50864000
583000	49866000
584000	50863000
585000	50868000
586000	50864000
587000	49869000
588000	49931000
589000	51840000
590000	50930000
591000	51865000
592000	49897000
593000	50924000
594000	50861000
595000	50839000
596000	50864000
597000	49866000
598000	51889000
599000	50827000
600000	51827000
601000	51927000
602000	51866000
603000	51896000
604000	52886000
605000	51867000
606000	52920000
607000	51865000
608000	53864000
609000	51925000
610000	52860000
611000	51866000
612000	52839000
613000	51923000
614000	52865000
615000	52864000
616000	53865000
617000	52863000
618000	53835000
619000	53864000
620000	52865000
621000	53885000
622000	53860000
623000	54853000
624000	54895000
625000	54832000
626000	53792000
627000	53900000
628000	55848000
629000	54852000
630000	54851000
631000	54854000
632000	55808000
633000	54853000
634000	54789000
635000	55830000
636000	55857000
637000	55790000
638000	55888000
639000	55852000
640000	56847000
641000	55917000
642000	55914000
643000	55850000
644000	55850000
645000	55918000
646000	56849000
647000	55880000
648000	55916000
649000	55850000
650000	56879000
651000	56851000
652000	56847000
653000	56853000
654000	56851000
655000	56921000
656000	56893000
657000	56848000
658000	55850000
659000	56786000
660000	55851000
661000	56846000
662000	57845000
663000	57844000
664000	58842000
665000	57846000
666000	57846000
667000	58830000
668000	58890000
669000	58842000
670000	58823000
671000	58844000
672000	57852000
673000	58842000
674000	59839000
675000	58848000
676000	59779000
677000	59816000
678000	58873000
679000	59845000
680000	58847000
681000	58847000
682000	59847000
683000	59843000
684000	59837000
685000	59840000
686000	60836000
687000	60837000
688000	59840000
689000	60836000
690000	59840000
691000	60840000
692000	60894000
693000	59844000
694000	60770000
695000	58846000
696000	60799000
697000	60904000
698000	62830000
699000	60777000
700000	61834000
701000	59848000
702000	61878000
703000	61838000
704000	62903000
705000	62899000
706000	61839000
707000	61771000
708000	62830000
709000	60837000
710000	62811000
711000	61809000
712000	63794000
713000	62857000
714000	61816000
715000	62752000
716000	63830000
717000	62831000
718000	63830000
719000	62831000
720000	62834000
721000	63836000
722000	64892000
723000	63807000
724000	63833000
725000	62902000
726000	66819000
727000	63833000
728000	63840000
729000	64806000
730000	63834000
731000	64825000
732000	64826000
733000	64826000
734000	64854000
735000	64766000
736000	64827000
737000	64807000
738000	64831000
739000	64843000
740000	65834000
741000	64827000
742000	65822000
743000	64895000
744000	64831000
745000	65825000
746000	65897000
747000	65823000
748000	65828000
749000	66829000
750000	66801000
751000	65856000
752000	66845000
753000	66802000
754000	66821000
755000	65829000
756000	66826000
757000	66820000
758000	67819000
759000	66819000
760000	66821000
761000	66821000
762000	67815000
763000	68883000
764000	68822000
765000	68851000
766000	67818000
767000	67818000
768000	67839000
769000	67887000
770000	68815000
771000	67795000
772000	67822000
773000	68814000
774000	68820000
775000	67817000
776000	68813000
777000	68814000
778000	68858000
779000	68794000
780000	68843000
781000	69830000
782000	70791000
783000	74825000
784000	69798000
785000	69819000
786000	68813000
787000	69812000
788000	69813000
789000	70810000
790000	70812000
791000	69814000
792000	69816000
793000	70815000
794000	70878000
795000	70773000
796000	70816000
797000	70838000
798000	71808000
799000	70810000
800000	71744000
801000	71812000
802000	73804000
803000	72846000
804000	71768000
805000	70815000
806000	71808000
807000	73802000
808000	72805000
809000	72805000
810000	81780000
811000	71807000
812000	71874000
813000	72740000
814000	72810000
815000	73802000
816000	72846000
817000	73802000
818000	72785000
819000	72808000
820000	78727000
821000	77855000
822000	75760000
823000	73808000
824000	73759000
825000	74831000
826000	74737000
827000	73844000
828000	73827000
829000	73828000
830000	74798000
831000	73804000
832000	74809000
833000	74830000
834000	74803000
835000	74807000
836000	75734000
837000	75864000
838000	73835000
839000	74808000
840000	76822000
841000	73865000
842000	74867000
843000	75802000
844000	76835000
845000	75732000
846000	76793000
847000	75731000
848000	75797000
849000	76796000
850000	75797000
851000	76826000
852000	77791000
853000	77791000
854000	76794000
855000	76860000
856000	76777000
857000	76774000
858000	81783000
859000	77794000
860000	76796000
861000	76798000
862000	78790000
863000	78768000
864000	76824000
865000	78810000
866000	78725000
867000	78819000
868000	78819000
869000	78791000
870000	78726000
871000	78788000
872000	78794000
873000	77859000
874000	78810000
875000	78728000
876000	79853000
877000	79751000
878000	78769000
879000	78795000
880000	78795000
881000	79762000
882000	79787000
883000	80786000
884000	78855000
885000	79854000
886000	79797000
887000	79765000
888000	78794000
889000	79786000
890000	80814000
891000	79787000
892000	81844000
893000	80784000
894000	80783000
895000	80848000
896000	80784000
897000	80785000
898000	80819000
899000	81785000
900000	81850000
901000	81781000
902000	81781000
903000	81760000
904000	81786000
905000	81781000
906000	80783000
907000	82780000
908000	82779000
909000	81780000
910000	81781000
911000	82757000
912000	82783000
913000	86771000
914000	82782000
915000	82783000
916000	82780000
917000	82808000
918000	81783000
919000	84774000
920000	83817000
921000	83756000
922000	83776000
923000	84773000
924000	83774000
925000	84774000
926000	83780000
927000	84773000
928000	84773000
929000	83828000
930000	85837000
931000	84748000
932000	84749000
933000	84712000
934000	85774000
935000	85771000
936000	84774000
937000	85769000
938000	85770000
939000	85770000
940000	84773000
941000	85777000
942000	85775000
943000	85797000
944000	85775000
945000	87794000
946000	85777000
947000	85775000
948000	86829000
949000	85800000
950000	86773000
951000	84815000
952000	87833000
953000	87701000
954000	86829000
955000	85831000
956000	86773000
957000	88767000
958000	85746000
959000	87703000
960000	86766000
961000	87767000
962000	88761000
963000	88784000
964000	86774000
965000	88829000
966000	89717000
967000	87766000
968000	89698000
969000	89760000
970000	93748000
971000	88764000
972000	89760000
973000	88792000
974000	90758000
975000	88764000
976000	89766000
977000	89699000
978000	88762000
979000	90787000
980000	97738000
981000	90757000
982000	89721000
983000	90762000
984000	92792000
985000	90757000
986000	90758000
987000	90758000
988000	90786000
989000	90759000
990000	91816000
991000	91759000
992000	91782000
993000	91757000
994000	91823000
995000	91761000
996000	92731000
997000	91755000
998000	91821000
999000	91751000
1000000	91823000
1000	0
2000	0
3000	0
4000	0
5000	1000000
6000	0
7000	0
8000	0
9000	999000
10000	997000
11000	997000
12000	0
13000	999000
14000	997000
15000	997000
16000	998000
17000	997000
18000	998000
19000	997000
20000	997000
21000	998000
22000	998000
23000	1996000
24000	998000
25000	1996000
26000	1994000
27000	1999000
28000	1995000
29000	2989000
30000	1999000
31000	2994000
32000	1998000
33000	3056000
34000	2995000
35000	2996000
36000	2996000
37000	2056000
38000	2996000
39000	1996000
40000	2992000
41000	2991000
42000	2995000
43000	3057000
44000	2929000
45000	2991000
46000	2991000
47000	2992000
48000	2992000
49000	2990000
50000	4046000
51000	2991000
52000	4052000
53000	3989000
54000	4053000
55000	3989000
56000	3987000
57000	3990000
58000	4946000
59000	5022000
60000	4950000
61000	3989000
62000	4945000
63000	5050000
64000	4052000
65000	6018000
66000	4951000
67000	4992000
68000	6047000
69000	5048000
70000	4984000
71000	6046000
72000	5983000
73000	5983000
74000	5964000
75000	6046000
76000	4923000
77000	6021000
78000	5947000
79000	5984000
80000	6943000
81000	5985000
82000	5991000
83000	5923000
84000	6944000
85000	5985000
86000	6979000
87000	6999000
88000	6047000
89000	7023000
90000	6980000
91000	8015000
92000	6942000
93000	7007000
94000	6979000
95000	7998000
96000	7999000
97000	8000000
98000	7044000
99000	7958000
100000	6920000
101000	7999000
102000	7978000
103000	7936000
104000	8933000
105000	7978000
106000	7914000
107000	7982000
108000	8978000
109000	8972000
110000	9003000
111000	8936000
112000	8976000
113000	9015000
114000	8933000
115000	8999000
116000	8974000
117000	9972000
118000	8975000
119000	8975000
120000	9972000
121000	9968000
122000	8938000
123000	9973000
124000	9993000
125000	9949000
126000	9969000
127000	9948000
128000	9973000
129000	9972000
130000	9942000
131000	10984000
132000	9997000
133000	10970000
134000	10908000
135000	10972000
136000	10012000
137000	11034000
138000	10970000
139000	10960000
140000	11906000
141000	10910000
142000	10928000
143000	11960000
144000	11946000
145000	12030000
146000	10970000
147000	13027000
148000	11985000
149000	11978000
150000	11936000
151000	12928000
152000	11932000
153000	12990000
154000	11945000
155000	12935000
156000	11965000
157000	12936000
158000	13026000
159000	13027000
160000	12964000
161000	12971000
162000	12903000
163000	12940000
164000	13962000
165000	12965000
166000	12937000
167000	13937000
168000	12964000
169000	13926000
170000	13004000
171000	13962000
172000	13899000
173000	13964000
174000	13938000
175000	14922000
176000	13988000
177000	13899000
178000	13963000
179000	14959000
180000	14959000
181000	14958000
182000	14962000
183000	14959000
184000	14898000
185000	13967000
186000	14973000
187000	14899000
188000	14959000
189000	15958000
190000	15927000
191000	14958000
192000	15995000
193000	15952000
194000	14953000
195000	14936000
196000	15955000
197000	15896000
198000	15933000
199000	15958000
200000	15957000
201000	16020000
202000	15957000
203000	15915000
204000	16955000
205000	16021000
206000	17021000
207000	16992000
208000	16892000
209000	16994000
210000	16953000
211000	17891000
212000	16892000
213000	17019000
214000	16955000
215000	16954000
216000	17953000
217000	16957000
218000	17951000
219000	17924000
220000	17893000
221000	17949000
222000	18923000
223000	17952000
224000	17988000
225000	18927000
226000	18928000
227000	17885000
228000	18950000
229000	18884000
230000	18925000
231000	18986000
232000	18887000
233000	18887000
234000	18949000
235000	18012000
236000	19011000
237000	18985000
238000	20881000
239000	19971000
240000	19946000
241000	18985000
242000	19970000
243000	18949000
244000	19946000
245000	19920000
246000	19944000
247000	18922000
248000	19945000
249000	21012000
250000	19948000
251000	20879000
252000	19944000
253000	19877000
254000	19955000
255000	20875000
256000	21006000
257000	20944000
258000	21876000
259000	20882000
260000	20942000
261000	21917000
262000	20919000
263000	21881000
264000	21942000
265000	21876000
266000	21941000
267000	21925000
268000	21939000
269000	21941000
270000	21873000
271000	21942000
272000	22876000
273000	21914000
274000	21941000
275000	21938000
276000	21902000
277000	23002000
278000	22920000
279000	21917000
280000	21979000
281000	22962000
282000	22876000
283000	22981000
284000	23936000
285000	22936000
286000	22942000
287000	23999000
288000	23935000
289000	23940000
290000	23936000
291000	23957000
292000	23938000
293000	22878000
294000	23934000
295000	23871000
296000	24933000
297000	24000000
298000	24973000
299000	24930000
300000	23935000
301000	24933000
302000	23940000
303000	23873000
304000	24916000
305000	24871000
306000	24937000
307000	25902000
308000	25934000
309000	24930000
310000	24873000
311000	25928000
312000	24907000
313000	25992000
314000	26900000
315000	24961000
316000	25935000
317000	25933000
318000	25930000
319000	25968000
320000	26936000
321000	26862000
322000	24995000
323000	26906000
324000	25971000
325000	26865000
326000	26905000
327000	26926000
328000	26926000
329000	26927000
330000	27860000
331000	26899000
332000	27961000
333000	26966000
334000	27952000
335000	26969000
336000	27900000
337000	26906000
338000	27991000
339000	27950000
340000	27996000
341000	27925000
342000	28860000
343000	26931000
344000	28985000
345000	28989000
346000	28862000
347000	27925000
348000	27926000
349000	27991000
350000	28920000
351000	28922000
352000	28922000
353000	29918000
354000	28922000
355000	28922000
356000	29920000
357000	28923000
358000	29918000
359000	29920000
360000	28923000
361000	30978000
362000	29859000
363000	29918000
364000	29918000
365000	30858000
366000	29932000
367000	29898000
368000	29924000
369000	30940000
370000	29927000
371000	30921000
372000	29981000
373000	30896000
374000	30922000
375000	30983000
376000	31980000
377000	31916000
378000	31916000
379000	30945000
380000	31918000
381000	32910000
382000	31913000
383000	32850000
384000	31916000
385000	31914000
386000	31914000
387000	32977000
388000	31853000
389000	32911000
390000	32872000
391000	32910000
392000	31849000
393000	32912000
394000	32912000
395000	32912000
396000	32850000
397000	33909000
398000	32978000
399000	33909000
400000	32916000
401000	33910000
402000	33913000
403000	34844000
404000	32850000
405000	33976000
406000	33909000
407000	33909000
408000	33911000
409000	33915000
410000	33913000
411000	34845000
412000	34911000
413000	33942000
414000	34972000
415000	33972000
416000	34903000
417000	35904000
418000	34977000
419000	34973000
420000	35899000
421000	35931000
422000	35901000
423000	35882000
424000	35908000
425000	35909000
426000	34971000
427000	36898000
428000	35970000
429000	35909000
430000	36906000
431000	36968000
432000	36904000
433000	35841000
434000	35943000
435000	37861000
436000	37840000
437000	37964000
438000	35905000
439000	36967000
440000	36844000
441000	36839000
442000	37834000
443000	35906000
444000	36930000
445000	37903000
446000	37875000
447000	36898000
448000	37897000
449000	37959000
450000	37899000
451000	37934000
452000	37905000
453000	37964000
454000	37920000
455000	38832000
456000	40828000
457000	38894000
458000	37897000
459000	37898000
460000	39893000
461000	38895000
462000	38891000
463000	39894000
464000	38857000
465000	38833000
466000	38870000
467000	39894000
468000	39959000
469000	39833000
470000	38956000
471000	40890000
472000	39893000
473000	39959000
474000	39901000
475000	39901000
476000	39895000
477000	40891000
478000	40830000
479000	40891000
480000	40891000
481000	40828000
482000	39894000
483000	39832000
484000	39891000
485000	40926000
486000	41887000
487000	40890000
488000	42823000
489000	41889000
490000	41886000
491000	40958000
492000	41885000
493000	41886000
494000	41886000
495000	41849000
496000	42951000
497000	42861000
498000	42890000
499000	41889000
500000	42885000
501000	40895000
502000	42890000
503000	41894000
504000	42885000
505000	43819000
506000	43882000
507000	42887000
508000	42890000
509000	42886000
510000	43881000
511000	43825000
512000	42927000
513000	43822000
514000	43882000
515000	43881000
516000	42947000
517000	42926000
518000	43847000
519000	43887000
520000	43911000
521000	44880000
522000	44947000
523000	43820000
524000	44901000
525000	43884000
526000	45876000
527000	43823000
528000	44817000
529000	44879000
530000	45878000
531000	45943000
532000	45903000
533000	45944000
534000	45877000
535000	45953000
536000	45878000
537000	46936000
538000	45887000
539000	45841000
540000	45875000
541000	45815000
542000	45877000
543000	45876000
544000	45877000
545000	45859000
546000	45815000
547000	46875000
548000	46854000
549000	48869000
550000	46942000
551000	46879000
552000	47811000
553000	47867000
554000	47851000
555000	46813000
556000	47872000
557000	48869000
558000	48869000
559000	47832000
560000	47914000
561000	48873000
562000	47872000
563000	47937000
564000	47809000
565000	48867000
566000	48855000
567000	48933000
568000	48913000
569000	49892000
570000	48874000
571000	48894000
572000	48869000
573000	49866000
574000	49897000
575000	49871000
576000	49867000
577000	49868000
578000	49845000
579000	50908000
580000	49868000
581000	48929000
582000	49848000
583000	50864000
584000	49866000
585000	50910000
586000	49902000
587000	50889000
588000	50870000
589000	49942000
590000	50864000
591000	50840000
592000	51859000
593000	51861000
594000	51859000
595000	50864000
596000	50861000
597000	50863000
598000	51861000
599000	51861000
600000	51922000
601000	52856000
602000	51861000
603000	50865000
604000	52926000
605000	52858000
606000	51863000
607000	52858000
608000	51863000
609000	52887000
610000	51860000
611000	51861000
612000	51861000
613000	52859000
614000	52855000
615000	53860000
616000	53918000
617000	53856000
618000	52886000
619000	52926000
620000	52863000
621000	54857000
622000	54814000
623000	53859000
624000	54920000
625000	53887000
626000	53856000
627000	53861000
628000	53861000
629000	52861000
630000	54854000
631000	53884000
632000	54829000
633000	55787000
634000	54828000
635000	54856000
636000	53858000
637000	54789000
638000	54862000
639000	55849000
640000	55852000
641000	54815000
642000	55849000
643000	55852000
644000	56892000
645000	56892000
646000	55848000
647000	56910000
648000	55849000
649000	56853000
650000	55856000
651000	57783000
652000	55876000
653000	56827000
654000	56847000
655000	56845000
656000	56831000
657000	55855000
658000	57850000
659000	57784000
660000	56852000
661000	57809000
662000	56848000
663000	57844000
664000	56914000
665000	57887000
666000	58840000
667000	57844000
668000	57845000
669000	58843000
670000	59838000
671000	58781000
672000	58781000
673000	57876000
674000	58850000
675000	58845000
676000	77787000
677000	57890000
678000	59838000
679000	59839000
680000	58843000
681000	60836000
682000	59816000
683000	59866000
684000	58841000
685000	59840000
686000	59906000
687000	59845000
688000	59906000
689000	60841000
690000	60899000
691000	62827000
692000	61895000
693000	61798000
694000	60837000
695000	60880000
696000	60903000
697000	60836000
698000	60816000
699000	60841000
700000	60813000
701000	59824000
702000	60866000
703000	61875000
704000	61836000
705000	64867000
706000	61842000
707000	62836000
708000	62835000
709000	61832000
710000	62834000
711000	62836000
712000	63911000
713000	62860000
714000	62832000
715000	62831000
716000	62831000
717000	62832000
718000	62832000
719000	64828000
720000	62815000
721000	62837000
722000	63834000
723000	63898000
724000	63829000
725000	64806000
726000	64893000
727000	63856000
728000	63834000
729000	62862000
730000	63831000
731000	63873000
732000	63812000
733000	64893000
734000	64826000
735000	64825000
736000	64826000
737000	64825000
738000	65864000
739000	64827000
740000	65829000
741000	65803000
742000	64834000
743000	65825000
744000	65803000
745000	65846000
746000	64870000
747000	65823000
748000	65888000
749000	65824000
750000	65853000
751000	66827000
752000	66863000
753000	66821000
754000	66821000
755000	66820000
756000	67752000
757000	66822000
758000	68816000
759000	68815000
760000	65830000
761000	66824000
762000	67818000
763000	65831000
764000	66893000
765000	68881000
766000	68887000
767000	67884000
768000	68796000
769000	68815000
770000	67827000
771000	68861000
772000	68820000
773000	68848000
774000	69850000
775000	69817000
776000	70792000
777000	68821000
778000	68821000
779000	68882000
780000	68859000
781000	69821000
782000	69821000
783000	68753000
784000	69840000
785000	69881000
786000	70788000
787000	69837000
788000	70834000
789000	69844000
790000	69752000
791000	70812000
792000	69811000
793000	69812000
794000	70791000
795000	70774000
796000	69880000
797000	70815000
798000	70790000
799000	70815000
800000	71783000
801000	71806000
802000	71772000
803000	71834000
804000	70810000
805000	72803000
806000	72810000
807000	72745000
808000	72867000
809000	71812000
810000	72810000
811000	71790000
812000	73803000
813000	71807000
814000	72834000
815000	72830000
816000	73805000
817000	72835000
818000	73731000
819000	73807000
820000	73807000
821000	72803000
822000	72872000
823000	73844000
824000	73807000
825000	72808000
826000	74831000
827000	73828000
828000	74777000
829000	76818000
830000	73802000
831000	74800000
832000	75802000
833000	73865000
834000	74778000
835000	75772000
836000	74782000
837000	74781000
838000	76733000
839000	74802000
840000	74866000
841000	76796000
842000	77821000
843000	75732000
844000	73845000
845000	75822000
846000	75796000
847000	75797000
848000	76793000
849000	75777000
850000	75864000
851000	75797000
852000	75806000
853000	76793000
854000	79788000
855000	77798000
856000	76729000
857000	76796000
858000	76794000
859000	76825000
860000	77827000
861000	77757000
862000	76794000
863000	79786000
864000	77793000
865000	77792000
866000	78727000
867000	78790000
868000	77860000
869000	77810000
870000	77842000
871000	78770000
872000	78794000
873000	78769000
874000	77821000
875000	78787000
876000	78795000
877000	78793000
878000	78854000
879000	83752000
880000	78856000
881000	78790000
882000	79766000
883000	79790000
884000	79816000
885000	81760000
886000	79771000
887000	80850000
888000	81744000
889000	80851000
890000	80784000
891000	80783000
892000	80783000
893000	80792000
894000	80788000
895000	79815000
896000	80816000
897000	82741000
898000	81718000
899000	81812000
900000	81780000
901000	81781000
902000	80745000
903000	81780000
904000	81757000
905000	82805000
906000	82738000
907000	82807000
908000	83746000
909000	81786000
910000	80788000
911000	81808000
912000	82784000
913000	82807000
914000	84800000
915000	81787000
916000	84777000
917000	83779000
918000	85773000
919000	84736000
920000	82805000
921000	82818000
922000	82779000
923000	83783000
924000	82780000
925000	85772000
926000	83734000
927000	84772000
928000	83773000
929000	85769000
930000	84772000
931000	84754000
932000	82780000
933000	84779000
934000	84757000
935000	84762000
936000	84773000
937000	84774000
938000	84777000
939000	85775000
940000	85771000
941000	85812000
942000	85773000
943000	85780000
944000	86773000
945000	85775000
946000	88829000
947000	120640000
948000	107711000
949000	85833000
950000	85755000
951000	86840000
952000	86834000
953000	87746000
954000	87740000
955000	86746000
956000	88770000
957000	87763000
958000	90757000
959000	86775000
960000	87770000
961000	88761000
962000	88763000
963000	88762000
964000	86767000
965000	87765000
966000	88763000
967000	87728000
968000	88805000
969000	88761000
970000	89718000
971000	89761000
972000	88761000
973000	89760000
974000	89758000
975000	89758000
976000	90757000
977000	90824000
978000	90732000
979000	89765000
980000	90692000
981000	88744000
982000	88829000
983000	88741000
984000	90781000
985000	90763000
986000	90765000
987000	89764000
988000	91825000
989000	90762000
990000	90761000
991000	90731000
992000	90695000
993000	91758000
994000	89764000
995000	92731000
996000	91781000
997000	90785000
998000	92777000
999000	91726000
1000000	92762000
1000	0
2000	0
3000	0
4000	0
5000	0
6000	0
7000	0
8000	0
9000	943000
10000	998000
11000	997000
12000	997000
13000	998000
14000	998000
15000	996000
16000	998000
17000	996000
18000	998000
19000	1995000
20000	1994000
21000	1995000
22000	1995000
23000	1995000
24000	1995000
25000	1994000
26000	1995000
27000	1995000
28000	2031000
29000	2970000
30000	1998000
31000	1995000
32000	3043000
33000	2992000
34000	2995000
35000	2996000
36000	2992000
37000	2991000
38000	2996000
39000	3045000
40000	3029000
41000	2995000
42000	4053000
43000	3993000
44000	2982000
45000	2999000
46000	3022000
47000	4045000
48000	4044000
49000	4050000
50000	3982000
51000	4051000
52000	4051000
53000	3948000
54000	3989000
55000	5052000
56000	4972000
57000	5026000
58000	5048000
59000	3945000
60000	5017000
61000	4946000
62000	5052000
63000	5048000
64000	6044000
65000	4943000
66000	4945000
67000	5051000
68000	5006000
69000	6003000
70000	5983000
71000	6944000
72000	6049000
73000	6024000
74000	5943000
75000	5943000
76000	6015000
77000	5984000
78000	6025000
79000	5983000
80000	5983000
81000	7043000
82000	6046000
83000	6980000
84000	7043000
85000	6984000
86000	7045000
87000	6982000
88000	7950000
89000	6982000
90000	6982000
91000	6998000
92000	7999000
93000	7978000
94000	7935000
95000	8009000
96000	7978000
97000	6918000
98000	7918000
99000	8947000
100000	7982000
101000	8995000
102000	8996000
103000	7933000
104000	9013000
105000	8938000
106000	8018000
107000	8974000
108000	8937000
109000	8995000
110000	8981000
111000	8910000
112000	8995000
113000	9012000
114000	9974000
115000	8939000
116000	8973000
117000	9974000
118000	10039000
119000	8915000
120000	8984000
121000	8976000
122000	9996000
123000	9993000
124000	10927000
125000	9970000
126000	9969000
127000	10909000
128000	9969000
129000	10935000
130000	10970000
131000	10974000
132000	11001000
133000	11008000
134000	11908000
135000	10967000
136000	11000000
137000	10970000
138000	10908000
139000	10966000
140000	10991000
141000	11968000
142000	11971000
143000	11965000
144000	11906000
145000	11906000
146000	11969000
147000	11943000
148000	11966000
149000	11903000
150000	12929000
151000	12968000
152000	12028000
153000	12033000
154000	12965000
155000	12962000
156000	12935000
157000	12904000
158000	12965000
159000	12988000
160000	12966000
161000	12963000
162000	12932000
163000	13964000
164000	13934000
165000	13932000
166000	13992000
167000	14026000
168000	13963000
169000	13899000
170000	13964000
171000	13983000
172000	13941000
173000	13964000
174000	14985000
175000	16011000
176000	14000000
177000	14958000
178000	14960000
179000	14899000
180000	14003000
181000	14934000
182000	14935000
183000	14960000
184000	14898000
185000	15023000
186000	14899000
187000	15957000
188000	15026000
189000	15958000
190000	14897000
191000	15957000
192000	14961000
193000	15957000
194000	15890000
195000	15957000
196000	15897000
197000	16018000
198000	15956000
199000	15955000
200000	15955000
201000	16953000
202000	15959000
203000	15957000
204000	16955000
205000	16955000
206000	16955000
207000	16954000
208000	16907000
209000	16956000
210000	17016000
211000	17020000
212000	16954000
213000	16986000
214000	16956000
215000	17953000
216000	17889000
217000	17950000
218000	17891000
219000	18888000
220000	18887000
221000	17927000
222000	17956000
223000	17924000
224000	17891000
225000	18949000
226000	18941000
227000	17952000
228000	18950000
229000	18886000
230000	18949000
231000	19013000
232000	17959000
233000	19924000
234000	18924000
235000	19011000
236000	18950000
237000	20008000
238000	19946000
239000	18940000
240000	19946000
241000	20015000
242000	19948000
243000	19947000
244000	19950000
245000	20015000
246000	19885000
247000	20008000
248000	19885000
249000	20920000
250000	19947000
251000	20919000
252000	20906000
253000	20942000
254000	20944000
255000	20944000
256000	21005000
257000	21942000
258000	21008000
259000	20882000
260000	21939000
261000	20902000
262000	21938000
263000	20879000
264000	21941000
265000	21941000
266000	21940000
267000	20943000
268000	21880000
269000	22004000
270000	21940000
271000	21939000
272000	21982000
273000	22902000
274000	22003000
275000	22938000
276000	21943000
277000	21941000
278000	22877000
279000	23004000
280000	22876000
281000	23001000
282000	22878000
283000	21941000
284000	23935000
285000	22938000
286000	23997000
287000	23976000
288000	23001000
289000	22975000
290000	22878000
291000	24939000
292000	23998000
293000	24004000
294000	24006000
295000	24871000
296000	23973000
297000	24996000
298000	25002000
299000	24871000
300000	24908000
301000	24933000
302000	24933000
303000	24892000
304000	24934000
305000	24931000
306000	25866000
307000	24935000
308000	24974000
309000	25000000
310000	25942000
311000	25865000
312000	24932000
313000	25930000
314000	26959000
315000	25871000
316000	25930000
317000	26001000
318000	26878000
319000	26887000
320000	25930000
321000	25930000
322000	25930000
323000	25928000
324000	25929000
325000	27925000
326000	25931000
327000	26889000
328000	26929000
329000	25992000
330000	27922000
331000	27925000
332000	27905000
333000	27992000
334000	26932000
335000	27904000
336000	27987000
337000	27905000
338000	27901000
339000	27864000
340000	27929000
341000	28927000
342000	27930000
343000	27899000
344000	28861000
345000	28902000
346000	27951000
347000	28986000
348000	28990000
349000	28927000
350000	28985000
351000	28903000
352000	28903000
353000	29959000
354000	28923000
355000	28979000
356000	29920000
357000	28963000
358000	29939000
359000	30920000
360000	30941000
361000	29859000
362000	28860000
363000	29986000
364000	29896000
365000	30922000
366000	29985000
367000	30924000
368000	30896000
369000	29990000
370000	30919000
371000	30917000
372000	30918000
373000	30917000
374000	30854000
375000	31976000
376000	30916000
377000	31851000
378000	31914000
379000	30917000
380000	32851000
381000	31915000
382000	31912000
383000	31919000
384000	30939000
385000	31914000
386000	31981000
387000	32911000
388000	32911000
389000	31915000
390000	32893000
391000	31937000
392000	32916000
393000	31875000
394000	32973000
395000	32910000
396000	32911000
397000	33976000
398000	32917000
399000	32911000
400000	32918000
401000	32913000
402000	33983000
403000	32881000
404000	33908000
405000	33909000
406000	33976000
407000	33937000
408000	33951000
409000	33956000
410000	34908000
411000	34906000
412000	33950000
413000	34907000
414000	34907000
415000	34845000
416000	34846000
417000	34904000
418000	33970000
419000	34846000
420000	35903000
421000	34908000
422000	35904000
423000	33908000
424000	35902000
425000	35948000
426000	34846000
427000	35883000
428000	36882000
429000	35838000
430000	36924000
431000	35906000
432000	35933000
433000	36927000
434000	35907000
435000	35904000
436000	36902000
437000	36901000
438000	36961000
439000	36878000
440000	36905000
441000	37901000
442000	37942000
443000	36907000
444000	36900000
445000	36966000
446000	37863000
447000	37906000
448000	37905000
449000	37921000
450000	38961000
451000	37875000
452000	37897000
453000	37836000
454000	38936000
455000	39894000
456000	37902000
457000	37876000
458000	37905000
459000	39893000
460000	38898000
461000	38962000
462000	38874000
463000	38966000
464000	39866000
465000	38877000
466000	39955000
467000	39897000
468000	39961000
469000	38900000
470000	39912000
471000	39890000
472000	39892000
473000	39910000
474000	40866000
475000	39958000
476000	39932000
477000	40867000
478000	40869000
479000	40900000
480000	40888000
481000	40958000
482000	40890000
483000	39892000
484000	40860000
485000	40849000
486000	40957000
487000	40865000
488000	42883000
489000	40889000
490000	40870000
491000	42950000
492000	41825000
493000	41850000
494000	39830000
495000	41949000
496000	41888000
497000	41848000
498000	42883000
499000	41887000
500000	44918000
501000	41888000
502000	41886000
503000	42864000
504000	42896000
505000	42891000
506000	42880000
507000	42906000
508000	42889000
509000	42892000
510000	42885000
511000	43883000
512000	42880000
513000	43882000
514000	44817000
515000	44880000
516000	44881000
517000	43862000
518000	43861000
519000	43879000
520000	44882000
521000	43864000
522000	43821000
523000	43949000
524000	43882000
525000	44878000
526000	43884000
527000	43908000
528000	43884000
529000	44864000
530000	44945000
531000	45876000
532000	44885000
533000	44882000
534000	45903000
535000	44860000
536000	45899000
537000	45873000
538000	45876000
539000	46848000
540000	45877000
541000	45877000
542000	46874000
543000	45860000
544000	46888000
545000	46909000
546000	47912000
547000	46874000
548000	46854000
549000	46938000
550000	46874000
551000	46874000
552000	47872000
553000	47872000
554000	46874000
555000	46877000
556000	47870000
557000	48869000
558000	47872000
559000	47871000
560000	47934000
561000	47876000
562000	48807000
563000	48808000
564000	47871000
565000	48868000
566000	48869000
567000	49842000
568000	48844000
569000	48844000
570000	48874000
571000	49903000
572000	47934000
573000	49867000
574000	50838000
575000	49867000
576000	48931000
577000	49872000
578000	49865000
579000	49867000
580000	49866000
581000	49874000
582000	49841000
583000	50825000
584000	50927000
585000	50929000
586000	50865000
587000	50865000
588000	50863000
589000	50929000
590000	50886000
591000	52797000
592000	50889000
593000	50868000
594000	55876000
595000	51799000
596000	50931000
597000	50870000
598000	51865000
599000	50929000
600000	51865000
601000	51850000
602000	51880000
603000	51858000
604000	50802000
605000	51885000
606000	51860000
607000	52859000
608000	54829000
609000	52865000
610000	51861000
611000	52923000
612000	52797000
613000	52820000
614000	53877000
615000	53854000
616000	53838000
617000	53856000
618000	52858000
619000	54855000
620000	53854000
621000	53867000
622000	53889000
623000	53886000
624000	53922000
625000	53793000
626000	53837000
627000	53855000
628000	54860000
629000	54857000
630000	54851000
631000	54810000
632000	54854000
633000	53854000
634000	55832000
635000	54853000
636000	55918000
637000	53860000
638000	55845000
639000	55790000
640000	55831000
641000	54851000
642000	56812000
643000	56892000
644000	55851000
645000	55856000
646000	55915000
647000	55849000
648000	56848000
649000	56852000
650000	56848000
651000	56827000
652000	56852000
653000	55893000
654000	58844000
655000	55917000
656000	57825000
657000	55915000
658000	56889000
659000	57801000
660000	57844000
661000	57845000
662000	57845000
663000	56849000
664000	56923000
665000	57851000
666000	57844000
667000	57820000
668000	58848000
669000	57806000
670000	59803000
671000	58782000
672000	58873000
673000	57824000
674000	58849000
675000	58843000
676000	58910000
677000	58844000
678000	58910000
679000	58844000
680000	58883000
681000	59845000
682000	60838000
683000	59775000
684000	59841000
685000	59839000
686000	59840000
687000	58822000
688000	60864000
689000	60817000
690000	59820000
691000	59778000
692000	59883000
693000	60878000
694000	60836000
695000	60862000
696000	60820000
697000	60838000
698000	62836000
699000	60842000
700000	60878000
701000	60839000
702000	61853000
703000	63837000
704000	61839000
705000	61813000
706000	62829000
707000	62830000
708000	61800000
709000	61839000
710000	62808000
711000	63829000
712000	62897000
713000	62842000
714000	62836000
715000	62855000
716000	62898000
717000	62838000
718000	63813000
719000	62831000
720000	63812000
721000	62838000
722000	62836000
723000	63834000
724000	63834000
725000	63808000
726000	62832000
727000	63891000
728000	62857000
729000	65822000
730000	64832000
731000	64829000
732000	64851000
733000	63827000
734000	65866000
735000	63858000
736000	63890000
737000	64826000
738000	64834000
739000	64828000
740000	65806000
741000	66892000
742000	64834000
743000	65892000
744000	65827000
745000	65830000
746000	65825000
747000	66820000
748000	65804000
749000	65863000
750000	66846000
751000	66826000
752000	66886000
753000	66820000
754000	66818000
755000	65759000
756000	66820000
757000	66822000
758000	66821000
759000	66822000
760000	67844000
761000	66887000
762000	67850000
763000	67780000
764000	70811000
765000	66820000
766000	68819000
767000	67851000
768000	67823000
769000	68791000
770000	67846000
771000	69750000
772000	67757000
773000	67843000
774000	68812000
775000	68815000
776000	68798000
777000	70836000
778000	68845000
779000	69813000
780000	69842000
781000	69807000
782000	69884000
783000	69880000
784000	70810000
785000	69813000
786000	69875000
787000	70840000
788000	69846000
789000	70750000
790000	69817000
791000	70810000
792000	70809000
793000	70748000
794000	70815000
795000	71813000
796000	70811000
797000	71813000
798000	70749000
799000	70876000
800000	71770000
801000	71808000
802000	71808000
803000	71808000
804000	72803000
805000	71806000
806000	72804000
807000	71807000
808000	71809000
809000	71785000
810000	72872000
811000	71812000
812000	73800000
813000	72743000
814000	71841000
815000	72794000
816000	72805000
817000	72805000
818000	73802000
819000	72805000
820000	73810000
821000	73802000
822000	72805000
823000	73802000
824000	73804000
825000	73803000
826000	73800000
827000	73800000
828000	73762000
829000	74797000
830000	74798000
831000	73801000
832000	74800000
833000	74798000
834000	74839000
835000	75797000
836000	75797000
837000	75797000
838000	75802000
839000	74804000
840000	74735000
841000	75839000
842000	74825000
843000	75801000
844000	76799000
845000	76829000
846000	75795000
847000	76794000
848000	75795000
849000	75799000
850000	76816000
851000	76859000
852000	76800000
853000	77768000
854000	77836000
855000	76800000
856000	77792000
857000	77859000
858000	76794000
859000	78814000
860000	76799000
861000	78787000
862000	77797000
863000	76794000
864000	77792000
865000	77790000
866000	85771000
867000	102725000
868000	108712000
869000	110704000
870000	106714000
871000	95744000
872000	87765000
873000	93749000
874000	98736000
875000	97733000
876000	90757000
877000	93748000
878000	78791000
879000	83777000
880000	81781000
881000	78788000
882000	80785000
883000	79748000
884000	79786000
885000	78817000
886000	79766000
887000	79768000
888000	81787000
889000	79817000
890000	79763000
891000	80817000
892000	80789000
893000	80765000
894000	79789000
895000	82778000
896000	80782000
897000	81786000
898000	81823000
899000	82808000
900000	81773000
901000	80784000
902000	81779000
903000	82780000
904000	81782000
905000	81781000
906000	80765000
907000	82754000
908000	81808000
909000	85776000
910000	82719000
911000	81810000
912000	83775000
913000	82780000
914000	82778000
915000	84771000
916000	83775000
917000	83711000
918000	81851000
919000	82844000
920000	83820000
921000	82717000
922000	83736000
923000	82844000
924000	82736000
925000	83778000
926000	84778000
927000	84775000
928000	83808000
929000	84777000
930000	85750000
931000	83805000
932000	84840000
933000	85770000
934000	83776000
935000	84778000
936000	85841000
937000	85775000
938000	85772000
939000	86796000
940000	85767000
941000	86772000
942000	85769000
943000	85800000
944000	85814000
945000	86766000
946000	86704000
947000	86835000
948000	86742000
949000	87763000
950000	86729000
951000	87765000
952000	85835000
953000	85775000
954000	87766000
955000	86767000
956000	86766000
957000	87744000
958000	87746000
959000	88769000
960000	86769000
961000	89822000
962000	88699000
963000	88699000
964000	88744000
965000	87770000
966000	87770000
967000	89758000
968000	88762000
969000	89828000
970000	88771000
971000	89766000
972000	89765000
973000	89739000
974000	89740000
975000	89778000
976000	89742000
977000	89699000
978000	89756000
979000	89735000
980000	90695000
981000	89826000
982000	89764000
983000	89739000
984000	90696000
985000	90759000
986000	91692000
987000	90734000
988000	89739000
989000	90782000
990000	91734000
991000	89827000
992000	90691000
993000	89699000
994000	92752000
995000	90759000
996000	92812000
997000	91819000
998000	89798000
999000	92756000
1000000	92774000
1000	0
2000	0
3000	0
4000	997000
5000	0
6000	0
7000	998000
8000	997000
9000	997000
10000	996000
11000	999000
12000	997000
13000	997000
14000	998000
15000	997000
16000	997000
17000	1994000
18000	998000
19000	997000
20000	1995000
21000	997000
22000	996000
23000	997000
24000	1993000
25000	997000
26000	1994000
27000	1995000
28000	1995000
29000	1994000
30000	1993000
31000	1994000
32000	2031000
33000	2981000
34000	2056000
35000	2970000
36000	3053000
37000	2013000
38000	3054000
39000	3054000
40000	3056000
41000	2992000
42000	4051000
43000	3010000
44000	3055000
45000	3992000
46000	3054000
47000	3990000
48000	4051000
49000	4010000
50000	4018000
51000	4011000
52000	3989000
53000	4050000
54000	5052000
55000	4008000
56000	4049000
57000	4985000
58000	5049000
59000	4053000
60000	5049000
61000	5049000
62000	3990000
63000	5005000
64000	4941000
65000	4924000
66000	5049000
67000	4990000
68000	4984000
69000	5985000
70000	4966000
71000	4949000
72000	5923000
73000	6029000
74000	6048000
75000	5984000
76000	5944000
77000	5987000
78000	5987000
79000	7046000
80000	6980000
81000	5984000
82000	5986000
83000	7001000
84000	7004000
85000	6980000
86000	6980000
87000	6971000
88000	6981000
89000	7001000
90000	6937000
91000	7004000
92000	7042000
93000	8020000
94000	8018000
95000	6959000
96000	6920000
97000	7997000
98000	7978000
99000	6979000
100000	7998000
101000	7935000
102000	7982000
103000	7979000
104000	7980000
105000	7998000
106000	7898000
107000	7978000
108000	8913000
109000	8975000
110000	9001000
111000	8913000
112000	9038000
113000	8978000
114000	8987000
115000	8978000
116000	8973000
117000	9950000
118000	8980000
119000	8978000
120000	9931000
121000	9975000
122000	11965000
123000	10971000
124000	10970000
125000	9970000
126000	9973000
127000	10992000
128000	9973000
129000	9934000
130000	10909000
131000	10037000
132000	10971000
133000	10907000
134000	11033000
135000	10906000
136000	10973000
137000	10971000
138000	10969000
139000	11965000
140000	10975000
141000	11904000
142000	12030000
143000	11906000
144000	11904000
145000	11967000
146000	10993000
147000	12029000
148000	11941000
149000	11906000
150000	12004000
151000	11906000
152000	12029000
153000	11966000
154000	11967000
155000	13001000
156000	12966000
157000	11905000
158000	13027000
159000	12967000
160000	12902000
161000	13006000
162000	13003000
163000	12971000
164000	13029000
165000	12901000
166000	12965000
167000	14028000
168000	13031000
169000	13924000
170000	12961000
171000	13029000
172000	13963000
173000	13901000
174000	14029000
175000	14023000
176000	13961000
177000	13962000
178000	13964000
179000	13962000
180000	14932000
181000	13964000
182000	14961000
183000	14960000
184000	13984000
185000	14960000
186000	14963000
187000	14959000
188000	14983000
189000	14958000
190000	15957000
191000	15959000
192000	15937000
193000	14936000
194000	14960000
195000	14985000
196000	15957000
197000	15917000
198000	15957000
199000	15956000
200000	15957000
201000	15956000
202000	15957000
203000	15918000
204000	16924000
205000	16022000
206000	16020000
207000	16893000
208000	16891000
209000	16953000
210000	16955000
211000	16959000
212000	18888000
213000	17987000
214000	17951000
215000	18014000
216000	17958000
217000	17953000
218000	16894000
219000	17937000
220000	17954000
221000	17932000
222000	17953000
223000	18887000
224000	17891000
225000	17928000
226000	18920000
227000	17951000
228000	19012000
229000	19016000
230000	17952000
231000	18949000
232000	19947000
233000	19947000
234000	18951000
235000	18950000
236000	18950000
237000	19972000
238000	19010000
239000	19947000
240000	18885000
241000	18954000
242000	19883000
243000	20013000
244000	19926000
245000	19950000
246000	19967000
247000	21011000
248000	19946000
249000	21005000
250000	19948000
251000	20905000
252000	20943000
253000	21005000
254000	20942000
255000	20881000
256000	20944000
257000	20942000
258000	20944000
259000	20943000
260000	20950000
261000	21942000
262000	21941000
263000	20957000
264000	21879000
265000	21942000
266000	21942000
267000	21940000
268000	21941000
269000	20943000
270000	20979000
271000	21970000
272000	21941000
273000	21880000
274000	22937000
275000	22939000
276000	24003000
277000	22980000
278000	21916000
279000	22937000
280000	23004000
281000	22999000
282000	23005000
283000	22937000
284000	22939000
285000	22970000
286000	23911000
287000	23916000
288000	23873000
289000	23934000
290000	23935000
291000	23934000
292000	23936000
293000	23884000
294000	24934000
295000	23973000
296000	23911000
297000	23874000
298000	23997000
299000	24939000
300000	23912000
301000	24932000
302000	23974000
303000	24969000
304000	24871000
305000	24909000
306000	24970000
307000	24869000
308000	25911000
309000	24940000
310000	24934000
311000	24870000
312000	25934000
313000	26867000
314000	25911000
315000	25870000
316000	25956000
317000	25934000
318000	25935000
319000	25995000
320000	25957000
321000	25996000
322000	26939000
323000	26927000
324000	26927000
325000	25930000
326000	26929000
327000	26927000
328000	26928000
329000	26928000
330000	26990000
331000	27883000
332000	27925000
333000	26926000
334000	27925000
335000	27901000
336000	27925000
337000	27924000
338000	27863000
339000	27924000
340000	27926000
341000	29857000
342000	27962000
343000	28963000
344000	27906000
345000	27992000
346000	29925000
347000	28924000
348000	28902000
349000	28914000
350000	28923000
351000	28923000
352000	28923000
353000	28927000
354000	28862000
355000	28967000
356000	29856000
357000	28861000
358000	28902000
359000	29956000
360000	29901000
361000	29984000
362000	29924000
363000	29963000
364000	29858000
365000	29924000
366000	29950000
367000	29982000
368000	29914000
369000	30917000
370000	29963000
371000	29922000
372000	29924000
373000	30988000
374000	29928000
375000	30895000
376000	30980000
377000	30916000
378000	31914000
379000	31913000
380000	31916000
381000	31977000
382000	32910000
383000	31915000
384000	31850000
385000	31915000
386000	31914000
387000	31890000
388000	32873000
389000	32892000
390000	32934000
391000	32979000
392000	32912000
393000	32910000
394000	32911000
395000	32913000
396000	32910000
397000	32915000
398000	32912000
399000	33950000
400000	32938000
401000	33889000
402000	32942000
403000	33909000
404000	33907000
405000	32936000
406000	33968000
407000	34911000
408000	33848000
409000	33893000
410000	33909000
411000	34907000
412000	33971000
413000	34927000
414000	34907000
415000	34970000
416000	34906000
417000	34934000
418000	34904000
419000	35902000
420000	34935000
421000	34917000
422000	34971000
423000	35836000
424000	34892000
425000	35883000
426000	35960000
427000	36902000
428000	35971000
429000	35843000
430000	34906000
431000	36899000
432000	35966000
433000	35971000
434000	35909000
435000	36898000
436000	36849000
437000	36901000
438000	35909000
439000	36937000
440000	37965000
441000	36907000
442000	36901000
443000	37836000
444000	38835000
445000	36876000
446000	37899000
447000	37900000
448000	37939000
449000	37897000
450000	37903000
451000	37924000
452000	38897000
453000	38957000
454000	37964000
455000	38895000
456000	37898000
457000	38898000
458000	38958000
459000	38899000
460000	38903000
461000	37903000
462000	38877000
463000	38891000
464000	38873000
465000	38877000
466000	39961000
467000	39893000
468000	38876000
469000	39960000
470000	39893000
471000	39892000
472000	39891000
473000	39962000
474000	39830000
475000	39897000
476000	39913000
477000	40870000
478000	39901000
479000	40957000
480000	39897000
481000	39900000
482000	40897000
483000	41948000
484000	40890000
485000	40890000
486000	41888000
487000	42861000
488000	40890000
489000	40893000
490000	40894000
491000	40895000
492000	41911000
493000	41826000
494000	41911000
495000	41868000
496000	41892000
497000	41870000
498000	41888000
499000	42886000
500000	42880000
501000	42946000
502000	42892000
503000	42910000
504000	43882000
505000	42919000
506000	42865000
507000	43885000
508000	42926000
509000	42887000
510000	41953000
511000	43885000
512000	43861000
513000	43954000
514000	43880000
515000	42887000
516000	44881000
517000	43881000
518000	43885000
519000	43884000
520000	43883000
521000	43820000
522000	42885000
523000	43950000
524000	44875000
525000	44819000
526000	45848000
527000	45876000
528000	45941000
529000	45877000
530000	45881000
531000	44857000
532000	45938000
533000	45853000
534000	45882000
535000	44948000
536000	45875000
537000	46853000
538000	45816000
539000	46901000
540000	46895000
541000	46938000
542000	45877000
543000	45848000
544000	46876000
545000	47873000
546000	46840000
547000	46874000
548000	46810000
549000	47872000
550000	47872000
551000	47938000
552000	47872000
553000	47874000
554000	46812000
555000	46938000
556000	46852000
557000	47871000
558000	47914000
559000	47872000
560000	47872000
561000	48869000
562000	48869000
563000	47847000
564000	46941000
565000	48828000
566000	47872000
567000	48834000
568000	48869000
569000	48844000
570000	47872000
571000	48877000
572000	48894000
573000	49868000
574000	48871000
575000	49903000
576000	48807000
577000	49869000
578000	49894000
579000	49842000
580000	49868000
581000	49891000
582000	48874000
583000	49871000
584000	49869000
585000	49865000
586000	49847000
587000	49867000
588000	50913000
589000	50830000
590000	51862000
591000	50860000
592000	51898000
593000	49866000
594000	51861000
595000	50836000
596000	50901000
597000	53855000
598000	51859000
599000	51838000
600000	51795000
601000	51859000
602000	51859000
603000	52835000
604000	51861000
605000	52818000
606000	52888000
607000	52858000
608000	51841000
609000	51891000
610000	52918000
611000	52839000
612000	51863000
613000	52881000
614000	52863000
615000	53835000
616000	53861000
617000	53844000
618000	52863000
619000	53923000
620000	53855000
621000	53816000
622000	53886000
623000	53855000
624000	54859000
625000	53896000
626000	53833000
627000	53885000
628000	54894000
629000	54920000
630000	53833000
631000	54858000
632000	53837000
633000	53856000
634000	54791000
635000	54871000
636000	56827000
637000	54882000
638000	53861000
639000	54851000
640000	56848000
641000	55855000
642000	55851000
643000	55862000
644000	55825000
645000	54857000
646000	55837000
647000	56853000
648000	57874000
649000	55849000
650000	56846000
651000	57783000
652000	56847000
653000	55850000
654000	56847000
655000	56846000
656000	56846000
657000	56853000
658000	56851000
659000	57846000
660000	56857000
661000	56875000
662000	56828000
663000	57831000
664000	56850000
665000	57849000
666000	58871000
667000	57909000
668000	58878000
669000	58847000
670000	58846000
671000	57867000
672000	58826000
673000	58846000
674000	59848000
675000	58849000
676000	58842000
677000	58843000
678000	58842000
679000	59836000
680000	59841000
681000	59907000
682000	59849000
683000	59841000
684000	58842000
685000	59838000
686000	60838000
687000	59838000
688000	62829000
689000	60868000
690000	59845000
691000	60836000
692000	59840000
693000	60839000
694000	61834000
695000	60837000
696000	60835000
697000	60836000
698000	60838000
699000	61834000
700000	61810000
701000	61856000
702000	63837000
703000	61838000
704000	61836000
705000	61834000
706000	61834000
707000	61834000
708000	62832000
709000	62812000
710000	61904000
711000	62836000
712000	61900000
713000	62876000
714000	62831000
715000	67817000
716000	63831000
717000	62832000
718000	62899000
719000	63805000
720000	63809000
721000	62869000
722000	62836000
723000	63818000
724000	63834000
725000	62832000
726000	66819000
727000	63831000
728000	63828000
729000	67861000
730000	64807000
731000	63838000
732000	63829000
733000	63830000
734000	64827000
735000	64894000
736000	64825000
737000	64765000
738000	65824000
739000	64829000
740000	65807000
741000	65804000
742000	65825000
743000	65803000
744000	65829000
745000	65852000
746000	65822000
747000	66821000
748000	80784000
749000	65823000
750000	66802000
751000	65867000
752000	66821000
753000	67758000
754000	66821000
755000	69814000
756000	66820000
757000	65823000
758000	66783000
759000	66829000
760000	65887000
761000	67821000
762000	67819000
763000	67818000
764000	67823000
765000	68817000
766000	66820000
767000	67818000
768000	67818000
769000	67817000
770000	68816000
771000	68822000
772000	68841000
773000	67818000
774000	68814000
775000	67817000
776000	68820000
777000	69812000
778000	68821000
779000	68756000
780000	71806000
781000	68846000
782000	68815000
783000	69791000
784000	70810000
785000	70773000
786000	69790000
787000	69881000
788000	70815000
789000	69774000
790000	70851000
791000	71806000
792000	73786000
793000	69818000
794000	70845000
795000	70790000
796000	70879000
797000	71770000
798000	70811000
799000	71806000
800000	70808000
801000	71807000
802000	79823000
803000	74799000
804000	79786000
805000	80784000
806000	75799000
807000	84771000
808000	79785000
809000	75799000
810000	72805000
811000	72804000
812000	75796000
813000	71809000
814000	73800000
815000	76732000
816000	72872000
817000	72805000
818000	73801000
819000	73780000
820000	73799000
821000	72867000
822000	72804000
823000	73783000
824000	73802000
825000	73777000
826000	74759000
827000	74799000
828000	73800000
829000	73826000
830000	74799000
831000	73800000
832000	74801000
833000	74762000
834000	74804000
835000	74781000
836000	74800000
837000	74761000
838000	74800000
839000	78789000
840000	76794000
841000	74799000
842000	76792000
843000	76794000
844000	75779000
845000	76838000
846000	76838000
847000	76793000
848000	75736000
849000	76792000
850000	75777000
851000	76777000
852000	76774000
853000	77799000
854000	77787000
855000	76790000
856000	76794000
857000	75797000
858000	76772000
859000	76800000
860000	78793000
861000	78728000
862000	77769000
863000	76799000
864000	77790000
865000	78793000
866000	77792000
867000	78788000
868000	78787000
869000	79785000
870000	78768000
871000	78794000
872000	78788000
873000	78763000
874000	78789000
875000	80813000
876000	79783000
877000	78788000
878000	79786000
879000	79787000
880000	79786000
881000	79855000
882000	80761000
883000	79786000
884000	79789000
885000	79792000
886000	78790000
887000	79795000
888000	79787000
889000	80786000
890000	80783000
891000	79784000
892000	79787000
893000	81781000
894000	80763000
895000	81817000
896000	79767000
897000	80781000
898000	80788000
899000	81789000
900000	96739000
901000	110705000
902000	81780000
903000	81761000
904000	83782000
905000	89761000
906000	90761000
907000	80787000
908000	81783000
909000	102686000
910000	87806000
911000	84837000
912000	82758000
913000	81779000
914000	83775000
915000	82748000
916000	100665000
917000	94793000
918000	84842000
919000	83713000
920000	82754000
921000	84708000
922000	83848000
923000	85776000
924000	84840000
925000	84777000
926000	84772000
927000	82810000
928000	85787000
929000	84773000
930000	85772000
931000	85771000
932000	84779000
933000	84706000
934000	86745000
935000	83806000
936000	86746000
937000	84784000
938000	86747000
939000	85800000
940000	84749000
941000	85770000
942000	85770000
943000	85768000
944000	84772000
945000	85771000
946000	84772000
947000	85769000
948000	86769000
949000	85775000
950000	97024000
951000	90016000
952000	89892000
953000	90017000
954000	89951000
955000	79893000
956000	79893000
957000	89949000
958000	99951000
959000	89885000
960000	89951000
961000	90017000
962000	89952000
963000	89990000
964000	79896000
965000	89957000
966000	89956000
967000	89952000
968000	89953000
969000	89891000
970000	79956000
971000	89983000
972000	80023000
973000	90017000
974000	89892000
975000	89950000
976000	89956000
977000	89887000
978000	89953000
979000	89885000
980000	89958000
981000	89992000
982000	89953000
983000	89953000
984000	90017000
985000	89952000
986000	89951000
987000	89956000
988000	89955000
989000	89949000
990000	90016000
991000	89956000
992000	89950000
993000	89956000
994000	89959000
995000	90018000
996000	89951000
997000	89951000
998000	89969000
999000	90019000
1000000	89950000
1000	0
2000	0
3000	9995000
4000	0
5000	0
6000	0
7000	0
8000	0
9000	0
10000	0
11000	0
12000	0
13000	0
14000	0
15000	0
16000	0
17000	0
18000	0
19000	9995000
20000	0
21000	0
22000	0
23000	0
24000	0
25000	0
26000	0
27000	10002000
28000	0
29000	10006000
30000	0
31000	0
32000	10000000
33000	0
34000	0
35000	0
36000	0
37000	0
38000	0
39000	0
40000	9962000
41000	0
42000	10029000
43000	0
44000	0
45000	0
46000	0
47000	0
48000	0
49000	10015000
50000	0
51000	9999000
52000	0
53000	9998000
54000	0
55000	0
56000	10061000
57000	0
58000	9991000
59000	0
60000	9998000
61000	9992000
62000	0
63000	9998000
64000	0
65000	9990000
66000	10002000
67000	0
68000	9989000
69000	9998000
70000	0
71000	9990000
72000	9998000
73000	0
74000	0
75000	10059000
76000	9966000
77000	0
78000	0
79000	0
80000	10000000
81000	9995000
82000	9999000
83000	0
84000	0
85000	10022000
86000	9966000
87000	10023000
88000	9992000
89000	9998000
90000	9990000
91000	0
92000	0
93000	0
94000	10011000
95000	9983000
96000	10000000
97000	9966000
98000	10027000
99000	9961000
100000	10024000
101000	9992000
102000	10002000
103000	9986000
104000	10001000
105000	9964000
106000	0
107000	9959000
108000	9994000
109000	10035000
110000	10016000
111000	9998000
112000	0
113000	9995000
114000	10035000
115000	10017000
116000	9950000
117000	10056000
118000	9970000
119000	10024000
120000	9995000
121000	10057000
122000	9997000
123000	10060000
124000	9992000
125000	9972000
126000	10069000
127000	9984000
128000	9990000
129000	9999000
130000	9992000
131000	9997000
132000	10032000
133000	10018000
134000	9997000
135000	10059000
136000	9992000
137000	19928000
138000	10059000
139000	19925000
140000	10055000
141000	9998000
142000	9957000
143000	10057000
144000	19927000
145000	10060000
146000	19989000
147000	9993000
148000	9993000
149000	10058000
150000	9994000
151000	9929000
152000	10035000
153000	10058000
154000	9990000
155000	9949000
156000	10066000
157000	10061000
158000	9992000
159000	9995000
160000	20051000
161000	9998000
162000	9998000
163000	19950000
164000	10056000
165000	9996000
166000	10015000
167000	10036000
168000	19923000
169000	10057000
170000	9929000
171000	19991000
172000	10059000
173000	10024000
174000	19988000
175000	9998000
176000	10011000
177000	19996000
178000	19921000
179000	9997000
180000	10016000
181000	19994000
182000	19996000
183000	9983000
184000	9929000
185000	10015000
186000	19991000
187000	19925000
188000	10070000
189000	9957000
190000	9997000
191000	9959000
192000	10002000
193000	10021000
194000	19990000
195000	19926000
196000	20053000
197000	19990000
198000	19989000
199000	19988000
200000	19925000
201000	10058000
202000	9997000
203000	10055000
204000	9951000
205000	9955000
206000	10055000
207000	10019000
208000	19989000
209000	20055000
210000	19988000
211000	10004000
212000	20010000
213000	19989000
214000	19926000
215000	20052000
216000	10017000
217000	9930000
218000	20014000
219000	19989000
220000	19924000
221000	9999000
222000	9996000
223000	19988000
224000	20051000
225000	19991000
226000	19989000
227000	19928000
228000	9922000
229000	19947000
230000	20055000
231000	19987000
232000	19991000
233000	20022000
234000	19980000
235000	9996000
236000	20050000
237000	19929000
238000	19988000
239000	19924000
240000	20057000
241000	20013000
242000	19927000
243000	19924000
244000	19990000
245000	9998000
246000	20045000
247000	19927000
248000	20013000
249000	19924000
250000	19988000
251000	20013000
252000	19925000
253000	19927000
254000	20051000
255000	20054000
256000	19917000
257000	20056000
258000	19929000
259000	19992000
260000	29916000
261000	19988000
262000	20007000
263000	19988000
264000	29988000
265000	19992000
266000	19989000
267000	19927000
268000	19946000
269000	20051000
270000	19921000
271000	20058000
272000	20051000
273000	29922000
274000	20058000
275000	19929000
276000	19948000
277000	30046000
278000	19925000
279000	19989000
280000	19984000
281000	19990000
282000	19992000
283000	19927000
284000	19992000
285000	29980000
286000	19927000
287000	20015000
288000	19928000
289000	19943000
290000	19996000
291000	19993000
292000	19989000
293000	19989000
294000	30051000
295000	29977000
296000	19987000
297000	19929000
298000	19947000
299000	19935000
300000	19989000
301000	30004000
302000	29922000
303000	19929000
304000	19923000
305000	19927000
306000	20056000
307000	20053000
308000	30053000
309000	29917000
310000	19985000
311000	29986000
312000	29980000
313000	29922000
314000	19988000
315000	30022000
316000	30007000
317000	19928000
318000	19922000
319000	30052000
320000	19927000
321000	29979000
322000	29919000
323000	19928000
324000	29983000
325000	20059000
326000	19988000
327000	30045000
328000	29923000
329000	29984000
330000	68858000
331000	33908000
332000	28411000
333000	27899000
334000	28860000
335000	29944000
336000	29920000
337000	29920000
338000	28548000
339000	27920000
340000	27942000
341000	28501000
342000	28986000
343000	28925000
344000	29538000
345000	29957000
346000	29375000
347000	30942000
348000	29960000
349000	30063000
350000	30882000
351000	31977000
352000	32360000
353000	31918000
354000	32916000
355000	31916000
356000	32928000
357000	30435000
358000	31915000
359000	33957000
360000	32427000
361000	31915000
362000	35420000
363000	33909000
364000	35906000
365000	36901000
366000	32912000
367000	59361000
368000	38898000
369000	31428000
370000	33910000
371000	40412000
372000	34907000
373000	38414000
374000	37899000
375000	30920000
376000	35419000
377000	50868000
378000	46874000
379000	41405000
380000	70817000
381000	37898000
382000	38898000
383000	37412000
384000	41887000
385000	34424000
386000	35902000
387000	45397000
388000	41888000
389000	40412000
390000	35903000
391000	41407000
392000	37885000
393000	38414000
394000	37898000
395000	38412000
396000	33909000
397000	35905000
398000	44880000
399000	36905000
400000	33421000
401000	33908000
402000	33648000
403000	32916000
404000	32986000
405000	45452000
406000	34911000
407000	34416000
408000	35966000
409000	34423000
410000	34879000
411000	34928000
412000	35482000
413000	37896000
414000	47393000
415000	42972000
416000	44884000
417000	41443000
418000	40891000
419000	36905000
420000	37517000
421000	35908000
422000	36508000
423000	36900000
424000	35133000
425000	35836000
426000	34971000
427000	36026000
428000	35837000
429000	42444000
430000	39955000
431000	38003000
432000	35901000
433000	35537000
434000	35968000
435000	39828000
436000	39512000
437000	39891000
438000	35618000
439000	36902000
440000	36067000
441000	36835000
442000	38006000
443000	39830000
444000	38041000
445000	36907000
446000	36965000
447000	36901000
448000	37830000
449000	39894000
450000	40848000
451000	36858000
452000	37897000
453000	39892000
454000	38869000
455000	40818000
456000	38898000
457000	42886000
458000	38989000
459000	37934000
460000	38896000
461000	40826000
462000	38920000
463000	43947000
464000	41884000
465000	37901000
466000	39903000
467000	38900000
468000	39892000
469000	39930000
470000	49866000
471000	39833000
472000	39893000
473000	40890000
474000	45877000
475000	41887000
476000	41887000
477000	40910000
478000	39899000
479000	40872000
480000	40829000
481000	39868000
482000	41925000
483000	41895000
484000	40891000
485000	40967000
486000	41886000
487000	40960000
488000	41826000
489000	41955000
490000	41885000
491000	41954000
492000	41952000
493000	41932000
494000	43883000
495000	41896000
496000	41958000
497000	42867000
498000	42917000
499000	42949000
500000	42887000
501000	41870000
502000	42888000
503000	42946000
504000	42848000
505000	42894000
506000	42825000
507000	42867000
508000	41890000
509000	43944000
510000	42885000
511000	42926000
512000	42955000
513000	44855000
514000	45880000
515000	43886000
516000	43882000
517000	43862000
518000	43821000
519000	44854000
520000	43887000
521000	43865000
522000	43893000
523000	43860000
524000	45880000
525000	44878000
526000	44879000
527000	44880000
528000	45885000
529000	44906000
530000	45817000
531000	45856000
532000	45877000
533000	45878000
534000	45878000
535000	45875000
536000	45877000
537000	45938000
538000	44943000
539000	45877000
540000	46872000
541000	46875000
542000	45816000
543000	45883000
544000	46898000
545000	46920000
546000	46873000
547000	46389000
548000	46875000
549000	48385000
550000	47870000
551000	47388000
552000	46875000
553000	47873000
554000	48554000
555000	46877000
556000	47455000
557000	47877000
558000	47524000
559000	47940000
560000	47919000
561000	48470000
562000	47896000
563000	47462000
564000	47877000
565000	47457000
566000	48938000
567000	48849000
568000	47592000
569000	48871000
570000	48559000
571000	48846000
572000	49507000
573000	48937000
574000	48869000
575000	50543000
576000	49805000
577000	49587000
578000	49994000
579000	54855000
580000	53452000
581000	49842000
582000	50482000
583000	48872000
584000	50942000
585000	51429000
586000	49932000
587000	50602000
588000	49974000
589000	50928000
590000	51370000
591000	50862000
592000	51374000
593000	51838000
594000	51494000
595000	51529000
596000	51840000
597000	50488000
598000	50882000
599000	51434000
600000	51570000
601000	52798000
602000	51473000
603000	51885000
604000	51893000
605000	53360000
606000	52836000
607000	51503000
608000	51901000
609000	51890000
610000	52506000
611000	52928000
612000	52470000
613000	52401000
614000	52838000
615000	52513000
616000	52978000
617000	53860000
618000	53602000
619000	54859000
620000	53886000
621000	54486000
622000	53923000
623000	53468000
624000	53531000
625000	53857000
626000	54472000
627000	53977000
628000	53860000
629000	54828000
630000	53888000
631000	54790000
632000	54851000
633000	54853000
634000	55846000
635000	56849000
636000	54853000
637000	55834000
638000	55918000
639000	55853000
640000	54879000
641000	55855000
642000	55891000
643000	56851000
644000	55851000
645000	55787000
646000	55828000
647000	54849000
648000	55789000
649000	56913000
650000	56855000
651000	55854000
652000	55833000
653000	55917000
654000	56785000
655000	57847000
656000	56787000
657000	57845000
658000	55850000
659000	56848000
660000	56846000
661000	56848000
662000	58842000
663000	57844000
664000	56847000
665000	57846000
666000	57842000
667000	58781000
668000	57844000
669000	57802000
670000	57846000
671000	57822000
672000	58822000
673000	58848000
674000	57849000
675000	58848000
676000	58827000
677000	59777000
678000	59848000
679000	59876000
680000	59840000
681000	59902000
682000	59839000
683000	58873000
684000	59907000
685000	59839000
686000	60775000
687000	60902000
688000	60775000
689000	59839000
690000	61839000
691000	60841000
692000	61813000
693000	61814000
694000	59840000
695000	59802000
696000	60839000
697000	61772000
698000	59840000
699000	60821000
700000	61834000
701000	61839000
702000	60816000
703000	61835000
704000	62771000
705000	61835000
706000	60836000
707000	63828000
708000	61835000
709000	61835000
710000	61839000
711000	61833000
712000	62801000
713000	62861000
714000	62862000
715000	62830000
716000	62830000
717000	63827000
718000	62831000
719000	63860000
720000	62898000
721000	63830000
722000	63859000
723000	63858000
724000	63828000
725000	63830000
726000	62832000
727000	63829000
728000	63807000
729000	64827000
730000	64827000
731000	64826000
732000	63809000
733000	63894000
734000	64825000
735000	67818000
736000	70810000
737000	74799000
738000	67815000
739000	64828000
740000	65761000
741000	64867000
742000	67817000
743000	65826000
744000	67819000
745000	67878000
746000	68815000
747000	66863000
748000	66759000
749000	73841000
750000	65861000
751000	66821000
752000	66822000
753000	67793000
754000	67818000
755000	67818000
756000	67818000
757000	67818000
758000	67886000
759000	67829000
760000	67818000
761000	66827000
762000	67860000
763000	67783000
764000	66819000
765000	67862000
766000	67818000
767000	67819000
768000	66862000
769000	67797000
770000	68817000
771000	68816000
772000	70817000
773000	67860000
774000	68847000
775000	69842000
776000	68832000
777000	68754000
778000	67817000
779000	69818000
780000	69814000
781000	68799000
782000	69793000
783000	68858000
784000	69751000
785000	68818000
786000	69811000
787000	69856000
788000	70810000
789000	69813000
790000	71806000
791000	70812000
792000	70818000
793000	68821000
794000	70790000
795000	70876000
796000	70873000
797000	70812000
798000	71809000
799000	70808000
800000	71807000
801000	70812000
802000	70812000
803000	70814000
804000	75755000
805000	71808000
806000	70854000
807000	71810000
808000	72804000
809000	71815000
810000	71815000
811000	72809000
812000	71808000
813000	71813000
814000	76856000
815000	72786000
816000	73807000
817000	72872000
818000	73802000
819000	71746000
820000	75777000
821000	74799000
822000	73803000
823000	73804000
824000	74804000
825000	73845000
826000	75776000
827000	74550000
828000	73783000
829000	74801000
830000	72867000
831000	73740000
832000	75803000
833000	75826000
834000	75776000
835000	73808000
836000	74783000
837000	75799000
838000	73863000
839000	74845000
840000	75802000
841000	74798000
842000	74802000
843000	75759000
844000	75843000
845000	77796000
846000	75797000
847000	75803000
848000	77770000
849000	76839000
850000	77790000
851000	76797000
852000	76797000
853000	75799000
854000	77789000
855000	75819000
856000	77771000
857000	76772000
858000	75831000
859000	76774000
860000	76795000
861000	78789000
862000	77791000
863000	77730000
864000	77792000
865000	76794000
866000	76825000
867000	77794000
868000	77792000
869000	77791000
870000	77790000
871000	78790000
872000	76792000
873000	78788000
874000	78724000
875000	79791000
876000	78790000
877000	79784000
878000	78787000
879000	79785000
880000	80756000
881000	78789000
882000	79786000
883000	79834000
884000	79785000
885000	79790000
886000	79811000
887000	80788000
888000	80783000
889000	81806000
890000	80782000
891000	80851000
892000	80788000
893000	80815000
894000	81780000
895000	80782000
896000	81813000
897000	80784000
898000	81719000
899000	81781000
900000	81779000
901000	79766000
902000	80721000
903000	80788000
904000	81810000
905000	82779000
906000	80745000
907000	82778000
908000	81779000
909000	85769000
910000	82843000
911000	81806000
912000	81720000
913000	82757000
914000	82807000
915000	83842000
916000	81788000
917000	83776000
918000	84775000
919000	84772000
920000	82780000
921000	83775000
922000	83841000
923000	84710000
924000	83852000
925000	83754000
926000	84752000
927000	83842000
928000	84777000
929000	83781000
930000	83780000
931000	84753000
932000	84771000
933000	84771000
934000	84778000
935000	85812000
936000	84802000
937000	84772000
938000	84774000
939000	85776000
940000	85774000
941000	85769000
942000	86768000
943000	85776000
944000	85772000
945000	84799000
946000	86766000
947000	84773000
948000	86808000
949000	85803000
950000	87795000
951000	86768000
952000	87755000
953000	84752000
954000	85758000
955000	86773000
956000	87768000
957000	87741000
958000	88796000
959000	85842000
960000	88823000
961000	87766000
962000	87740000
963000	87809000
964000	87770000
965000	87758000
966000	88745000
967000	88762000
968000	87830000
969000	88763000
970000	88762000
971000	87763000
972000	88762000
973000	88762000
974000	88698000
975000	86764000
976000	89738000
977000	89763000
978000	90695000
979000	89828000
980000	90758000
981000	90757000
982000	89759000
983000	90759000
984000	90755000
985000	89760000
986000	90756000
987000	89759000
988000	91759000
989000	91755000
990000	91752000
991000	90757000
992000	90757000
993000	90758000
994000	91754000
995000	90757000
996000	91755000
997000	91755000
998000	92782000
999000	93748000
1000000	91816000
1000	0
2000	0
3000	0
4000	0
5000	0
6000	0
7000	0
8000	0
9000	0
10000	0
11000	0
12000	999000
13000	1039000
14000	990000
15000	998000
16000	997000
17000	1055000
18000	997000
19000	1994000
20000	1996000
21000	1994000
22000	1995000
23000	997000
24000	998000
25000	1995000
26000	1994000
27000	1996000
28000	2992000
29000	1994000
30000	2993000
31000	1994000
32000	2055000
33000	1995000
34000	2990000
35000	1995000
36000	3042000
37000	3053000
38000	2991000
39000	3053000
40000	3056000
41000	3054000
42000	2993000
43000	4030000
44000	3053000
45000	2950000
46000	4050000
47000	2993000
48000	3013000
49000	2992000
50000	3016000
51000	3053000
52000	3989000
53000	4010000
54000	3948000
55000	3989000
56000	4054000
57000	4012000
58000	3924000
59000	5047000
60000	4009000
61000	4012000
62000	4011000
63000	4986000
64000	4987000
65000	5007000
66000	5049000
67000	5004000
68000	5006000
69000	4985000
70000	5985000
71000	5942000
72000	5005000
73000	5939000
74000	5012000
75000	6004000
76000	6007000
77000	5983000
78000	5980000
79000	6982000
80000	6983000
81000	7002000
82000	6002000
83000	5984000
84000	5985000
85000	7039000
86000	7046000
87000	6981000
88000	6920000
89000	7049000
90000	6936000
91000	7005000
92000	6919000
93000	7010000
94000	6982000
95000	6918000
96000	7041000
97000	7979000
98000	7044000
99000	7978000
100000	6979000
101000	7979000
102000	7979000
103000	7976000
104000	8980000
105000	7979000
106000	7976000
107000	8934000
108000	9040000
109000	7979000
110000	8920000
111000	8980000
112000	8979000
113000	8976000
114000	8954000
115000	8977000
116000	8977000
117000	8988000
118000	9912000
119000	8977000
120000	10036000
121000	9911000
122000	8976000
123000	9947000
124000	9971000
125000	10971000
126000	9972000
127000	9971000
128000	10022000
129000	10011000
130000	11033000
131000	9973000
132000	11032000
133000	10910000
134000	11006000
135000	10911000
136000	10996000
137000	11967000
138000	11031000
139000	10969000
140000	10971000
141000	10971000
142000	10971000
143000	10969000
144000	10970000
145000	10971000
146000	11033000
147000	11972000
148000	11969000
149000	10963000
150000	11971000
151000	11969000
152000	11967000
153000	12905000
154000	12030000
155000	12904000
156000	12960000
157000	12904000
158000	11967000
159000	12036000
160000	13026000
161000	13902000
162000	12989000
163000	13963000
164000	13902000
165000	12965000
166000	12903000
167000	12987000
168000	12965000
169000	12965000
170000	13902000
171000	13900000
172000	13925000
173000	13997000
174000	13960000
175000	14025000
176000	13900000
177000	14960000
178000	14960000
179000	13962000
180000	14960000
181000	14960000
182000	14959000
183000	13964000
184000	14899000
185000	14958000
186000	14898000
187000	15894000
188000	14985000
189000	14914000
190000	16020000
191000	14958000
192000	15956000
193000	15957000
194000	14996000
195000	15993000
196000	15957000
197000	16916000
198000	14960000
199000	15956000
200000	15896000
201000	15957000
202000	15958000
203000	15957000
204000	15895000
205000	17017000
206000	16952000
207000	15956000
208000	16955000
209000	16954000
210000	16955000
211000	16956000
212000	16953000
213000	17017000
214000	17953000
215000	16967000
216000	17887000
217000	17949000
218000	17953000
219000	17951000
220000	16956000
221000	17950000
222000	17951000
223000	17952000
224000	18889000
225000	18888000
226000	17952000
227000	17887000
228000	18888000
229000	17952000
230000	17926000
231000	17949000
232000	18920000
233000	18924000
234000	18947000
235000	18967000
236000	18885000
237000	18906000
238000	18950000
239000	20011000
240000	19885000
241000	18949000
242000	19012000
243000	19998000
244000	21941000
245000	19970000
246000	19945000
247000	19943000
248000	19946000
249000	20907000
250000	20882000
251000	20944000
252000	19982000
253000	19946000
254000	19947000
255000	20880000
256000	20941000
257000	20935000
258000	20879000
259000	20973000
260000	21946000
261000	21916000
262000	21978000
263000	20945000
264000	20944000
265000	20942000
266000	22002000
267000	20921000
268000	22002000
269000	21939000
270000	23004000
271000	21941000
272000	20878000
273000	22002000
274000	22938000
275000	21940000
276000	21941000
277000	22004000
278000	21941000
279000	22938000
280000	22937000
281000	21916000
282000	22933000
283000	21907000
284000	22966000
285000	22999000
286000	23005000
287000	22914000
288000	23874000
289000	22999000
290000	23935000
291000	23936000
292000	23936000
293000	23913000
294000	23996000
295000	23897000
296000	23936000
297000	24867000
298000	23936000
299000	23941000
300000	24938000
301000	24933000
302000	24933000
303000	25000000
304000	24934000
305000	24934000
306000	24933000
307000	24870000
308000	24935000
309000	24932000
310000	25992000
311000	24934000
312000	25911000
313000	25931000
314000	26930000
315000	25870000
316000	25929000
317000	26926000
318000	25910000
319000	25869000
320000	25935000
321000	26919000
322000	26991000
323000	26925000
324000	25866000
325000	26906000
326000	25996000
327000	26971000
328000	27923000
329000	27992000
330000	26924000
331000	26967000
332000	27925000
333000	27926000
334000	27923000
335000	26927000
336000	27900000
337000	27951000
338000	26933000
339000	27931000
340000	27864000
341000	27969000
342000	27925000
343000	27863000
344000	28922000
345000	29931000
346000	28920000
347000	28928000
348000	27906000
349000	27925000
350000	27925000
351000	29918000
352000	28902000
353000	28902000
354000	28924000
355000	29899000
356000	29902000
357000	29920000
358000	29920000
359000	28923000
360000	28927000
361000	28985000
362000	29895000
363000	29897000
364000	29902000
365000	29926000
366000	29919000
367000	29920000
368000	30984000
369000	30897000
370000	30916000
371000	30856000
372000	30957000
373000	31914000
374000	31914000
375000	30917000
376000	31854000
377000	31915000
378000	30898000
379000	31919000
380000	31976000
381000	31918000
382000	31852000
383000	31917000
384000	30925000
385000	31914000
386000	31894000
387000	31948000
388000	32892000
389000	32890000
390000	31919000
391000	32976000
392000	32978000
393000	32917000
394000	32850000
395000	32888000
396000	32983000
397000	33910000
398000	31852000
399000	33847000
400000	33916000
401000	32917000
402000	32875000
403000	32891000
404000	33949000
405000	33893000
406000	33977000
407000	33980000
408000	33975000
409000	34845000
410000	33907000
411000	34905000
412000	34907000
413000	34904000
414000	34886000
415000	33889000
416000	34906000
417000	34906000
418000	34906000
419000	34911000
420000	34882000
421000	34905000
422000	35904000
423000	34886000
424000	35969000
425000	35904000
426000	35902000
427000	35902000
428000	35904000
429000	35972000
430000	35905000
431000	35929000
432000	36942000
433000	36972000
434000	35865000
435000	35965000
436000	35902000
437000	36902000
438000	37899000
439000	36901000
440000	35944000
441000	36901000
442000	36900000
443000	37880000
444000	37936000
445000	36862000
446000	37835000
447000	37896000
448000	36839000
449000	37897000
450000	36902000
451000	37898000
452000	37898000
453000	37897000
454000	37900000
455000	38896000
456000	37960000
457000	37898000
458000	37899000
459000	39892000
460000	38958000
461000	38832000
462000	38897000
463000	37876000
464000	38896000
465000	39892000
466000	38901000
467000	39957000
468000	38966000
469000	38894000
470000	39893000
471000	39892000
472000	39935000
473000	39927000
474000	39856000
475000	40890000
476000	41888000
477000	39832000
478000	40920000
479000	40829000
480000	41913000
481000	40952000
482000	40953000
483000	39873000
484000	41888000
485000	40891000
486000	41866000
487000	39873000
488000	40890000
489000	43897000
490000	41887000
491000	41888000
492000	41919000
493000	42889000
494000	40891000
495000	42866000
496000	42883000
497000	41862000
498000	42950000
499000	41892000
500000	42824000
501000	42883000
502000	41899000
503000	42894000
504000	41918000
505000	43924000
506000	43885000
507000	43822000
508000	42885000
509000	43889000
510000	43922000
511000	42885000
512000	43943000
513000	42930000
514000	43882000
515000	42824000
516000	47872000
517000	51864000
518000	48869000
519000	43942000
520000	43931000
521000	43887000
522000	44854000
523000	43925000
524000	44859000
525000	44941000
526000	44879000
527000	44885000
528000	44919000
529000	44940000
530000	45876000
531000	44878000
532000	44879000
533000	45877000
534000	45877000
535000	45877000
536000	44881000
537000	44879000
538000	45875000
539000	44880000
540000	45898000
541000	46937000
542000	46879000
543000	46849000
544000	45906000
545000	45878000
546000	46939000
547000	46874000
548000	45878000
549000	46874000
550000	46810000
551000	46878000
552000	46873000
553000	48891000
554000	46814000
555000	46899000
556000	47871000
557000	47876000
558000	47872000
559000	51799000
560000	48870000
561000	47872000
562000	47852000
563000	48845000
564000	47871000
565000	47873000
566000	48868000
567000	47872000
568000	48915000
569000	47811000
570000	48830000
571000	48868000
572000	49866000
573000	50864000
574000	49871000
575000	49865000
576000	50864000
577000	48849000
578000	49867000
579000	49866000
580000	49804000
581000	49877000
582000	50888000
583000	49870000
584000	51861000
585000	49867000
586000	49805000
587000	50864000
588000	49866000
589000	50862000
590000	49932000
591000	50865000
592000	51926000
593000	55880000
594000	50865000
595000	51825000
596000	51861000
597000	50862000
598000	51860000
599000	51920000
600000	50799000
601000	51841000
602000	51866000
603000	52896000
604000	51861000
605000	51867000
606000	51865000
607000	52838000
608000	52870000
609000	52864000
610000	52862000
611000	53859000
612000	53859000
613000	52863000
614000	52857000
615000	53856000
616000	52858000
617000	53856000
618000	52870000
619000	52838000
620000	53838000
621000	53860000
622000	52864000
623000	53833000
624000	53857000
625000	53917000
626000	54918000
627000	54853000
628000	54858000
629000	54793000
630000	56853000
631000	54853000
632000	54916000
633000	54852000
634000	55851000
635000	55830000
636000	54918000
637000	54916000
638000	54854000
639000	54853000
640000	55855000
641000	55856000
642000	55829000
643000	55851000
644000	56855000
645000	56818000
646000	55787000
647000	55830000
648000	55853000
649000	56784000
650000	56914000
651000	56847000
652000	55858000
653000	56812000
654000	57781000
655000	56851000
656000	57849000
657000	57876000
658000	57911000
659000	57879000
660000	57843000
661000	58840000
662000	56848000
663000	58842000
664000	57850000
665000	57848000
666000	57844000
667000	57845000
668000	58844000
669000	58840000
670000	58889000
671000	57889000
672000	59907000
673000	58822000
674000	57850000
675000	60839000
676000	59840000
677000	59839000
678000	58844000
679000	58842000
680000	59840000
681000	58845000
682000	59848000
683000	59836000
684000	59853000
685000	60868000
686000	60772000
687000	60843000
688000	59821000
689000	59776000
690000	60776000
691000	60835000
692000	60838000
693000	61834000
694000	59838000
695000	61838000
696000	60866000
697000	60868000
698000	60904000
699000	61816000
700000	61814000
701000	61902000
702000	60776000
703000	61773000
704000	61783000
705000	61833000
706000	61864000
707000	61814000
708000	61834000
709000	62829000
710000	62830000
711000	61835000
712000	62812000
713000	61840000
714000	63818000
715000	62813000
716000	62791000
717000	62869000
718000	63809000
719000	63813000
720000	62861000
721000	63829000
722000	63896000
723000	64833000
724000	63807000
725000	63827000
726000	63838000
727000	64869000
728000	63829000
729000	64856000
730000	63831000
731000	63873000
732000	64827000
733000	64829000
734000	65762000
735000	64800000
736000	64831000
737000	65823000
738000	64826000
739000	65829000
740000	65853000
741000	65828000
742000	66849000
743000	64900000
744000	65828000
745000	65855000
746000	65853000
747000	65829000
748000	64806000
749000	71807000
750000	66820000
751000	66759000
752000	66850000
753000	66892000
754000	67823000
755000	65824000
756000	65824000
757000	67818000
758000	66800000
759000	67818000
760000	66821000
761000	66804000
762000	67817000
763000	67857000
764000	68852000
765000	67819000
766000	67824000
767000	67818000
768000	68817000
769000	67823000
770000	68826000
771000	68815000
772000	68861000
773000	68818000
774000	68882000
775000	68814000
776000	68814000
777000	68815000
778000	68815000
779000	68815000
780000	69813000
781000	67798000
782000	69814000
783000	69749000
784000	69795000
785000	69794000
786000	68822000
787000	69788000
788000	70808000
789000	69813000
790000	70784000
791000	69815000
792000	69811000
793000	70814000
794000	69854000
795000	69843000
796000	71808000
797000	71813000
798000	70811000
799000	71813000
800000	70841000
801000	70872000
802000	70815000
803000	72780000
804000	71813000
805000	71811000
806000	70840000
807000	71788000
808000	71807000
809000	73801000
810000	71811000
811000	72780000
812000	72814000
813000	72845000
814000	71769000
815000	73807000
816000	73802000
817000	72807000
818000	73804000
819000	72780000
820000	72803000
821000	72803000
822000	72814000
823000	72810000
824000	73806000
825000	74804000
826000	73831000
827000	73806000
828000	73869000
829000	74799000
830000	74800000
831000	74797000
832000	73800000
833000	75797000
834000	73802000
835000	73740000
836000	73807000
837000	75830000
838000	75801000
839000	74804000
840000	74803000
841000	75797000
842000	75797000
843000	76795000
844000	75796000
845000	74805000
846000	75796000
847000	77755000
848000	75795000
849000	75798000
850000	76795000
851000	75827000
852000	76734000
853000	76822000
854000	78794000
855000	75839000
856000	76799000
857000	76796000
858000	76733000
859000	76800000
860000	76775000
861000	76804000
862000	76801000
863000	77799000
864000	79791000
865000	76826000
866000	78853000
867000	78789000
868000	78770000
869000	77818000
870000	79786000
871000	78789000
872000	78853000
873000	78788000
874000	78795000
875000	79791000
876000	77796000
877000	78855000
878000	78797000
879000	79787000
880000	79785000
881000	79786000
882000	79814000
883000	77859000
884000	79878000
885000	79787000
886000	82780000
887000	79787000
888000	80785000
889000	80788000
890000	80788000
891000	79792000
892000	80810000
893000	81786000
894000	80851000
895000	80783000
896000	81758000
897000	81786000
898000	79856000
899000	79851000
900000	80765000
901000	81781000
902000	80784000
903000	81786000
904000	81785000
905000	82844000
906000	82763000
907000	84769000
908000	82782000
909000	82740000
910000	83777000
911000	82758000
912000	82779000
913000	82759000
914000	82845000
915000	82715000
916000	83739000
917000	83817000
918000	83776000
919000	83774000
920000	83775000
921000	83776000
922000	83777000
923000	83714000
924000	83778000
925000	84773000
926000	83776000
927000	84774000
928000	82809000
929000	84733000
930000	83756000
931000	84773000
932000	84779000
933000	84774000
934000	85747000
935000	84772000
936000	84779000
937000	84803000
938000	84816000
939000	85776000
940000	85794000
941000	85771000
942000	85770000
943000	84774000
944000	86769000
945000	84772000
946000	86841000
947000	84779000
948000	86835000
949000	85770000
950000	86767000
951000	87743000
952000	85729000
953000	86747000
954000	85771000
955000	86767000
956000	87766000
957000	86769000
958000	87765000
959000	86769000
960000	87699000
961000	86814000
962000	87792000
963000	86834000
964000	103722000
965000	87765000
966000	88765000
967000	87747000
968000	89765000
969000	87702000
970000	88742000
971000	89768000
972000	88763000
973000	89761000
974000	89698000
975000	88763000
976000	89758000
977000	90757000
978000	90757000
979000	88760000
980000	90758000
981000	89759000
982000	89760000
983000	90757000
984000	90757000
985000	90757000
986000	89797000
987000	89802000
988000	90763000
989000	91779000
990000	90757000
991000	89761000
992000	91752000
993000	92752000
994000	90694000
995000	90758000
996000	91759000
997000	91785000
998000	91742000
999000	92754000
1000000	92817000
1000	0
2000	0
3000	994000
4000	0
5000	0
6000	0
7000	0
8000	0
9000	998000
10000	998000
11000	0
12000	0
13000	998000
14000	998000
15000	997000
16000	997000
17000	1995000
18000	998000
19000	1995000
20000	1994000
21000	1995000
22000	1994000
23000	1996000
24000	1993000
25000	1993000
26000	1996000
27000	2055000
28000	2057000
29000	2055000
30000	2007000
31000	2057000
32000	2056000
33000	1996000
34000	3055000
35000	2014000
36000	2992000
37000	3053000
38000	3058000
39000	3053000
40000	3053000
41000	3053000
42000	3053000
43000	3054000
44000	2993000
45000	3011000
46000	3053000
47000	3009000
48000	3989000
49000	3990000
50000	4046000
51000	4050000
52000	4052000
53000	4051000
54000	3991000
55000	4009000
56000	4004000
57000	5052000
58000	4986000
59000	5006000
60000	4941000
61000	3990000
62000	5049000
63000	5010000
64000	5048000
65000	5047000
66000	5049000
67000	4925000
68000	5006000
69000	5984000
70000	4924000
71000	4924000
72000	6005000
73000	6045000
74000	6046000
75000	5984000
76000	5942000
77000	5946000
78000	6003000
79000	5987000
80000	6044000
81000	6003000
82000	6011000
83000	5980000
84000	5984000
85000	7041000
86000	5978000
87000	7000000
88000	7041000
89000	6983000
90000	6983000
91000	7004000
92000	6939000
93000	6981000
94000	6986000
95000	6980000
96000	6982000
97000	6980000
98000	7996000
99000	8040000
100000	8063000
101000	7999000
102000	8931000
103000	7935000
104000	8946000
105000	8996000
106000	7978000
107000	7979000
108000	8040000
109000	9042000
110000	7979000
111000	9012000
112000	9041000
113000	8915000
114000	8977000
115000	9929000
116000	8913000
117000	8976000
118000	9040000
119000	9994000
120000	8976000
121000	8911000
122000	8975000
123000	9923000
124000	9973000
125000	9912000
126000	9973000
127000	10975000
128000	9913000
129000	10001000
130000	9973000
131000	9978000
132000	9973000
133000	10991000
134000	10944000
135000	10971000
136000	10976000
137000	11032000
138000	10971000
139000	10967000
140000	10982000
141000	10950000
142000	10966000
143000	10929000
144000	10970000
145000	10971000
146000	10971000
147000	10970000
148000	11906000
149000	10962000
150000	12029000
151000	11946000
152000	11969000
153000	11968000
154000	11988000
155000	12903000
156000	12967000
157000	11971000
158000	11968000
159000	12966000
160000	12942000
161000	12905000
162000	12965000
163000	12960000
164000	12965000
165000	13995000
166000	12970000
167000	12970000
168000	12922000
169000	13963000
170000	12968000
171000	13962000
172000	12973000
173000	12966000
174000	13025000
175000	14936000
176000	15993000
177000	13963000
178000	13924000
179000	13966000
180000	13967000
181000	13967000
182000	14898000
183000	14980000
184000	13895000
185000	14965000
186000	14893000
187000	14898000
188000	14902000
189000	14959000
190000	14960000
191000	14961000
192000	14945000
193000	14893000
194000	15957000
195000	15963000
196000	14955000
197000	15938000
198000	15963000
199000	15962000
200000	15892000
201000	15962000
202000	16954000
203000	15957000
204000	15895000
205000	16955000
206000	16974000
207000	16022000
208000	16933000
209000	16894000
210000	16965000
211000	16954000
212000	16890000
213000	16953000
214000	18012000
215000	17952000
216000	16954000
217000	17952000
218000	16955000
219000	17890000
220000	16959000
221000	16934000
222000	16893000
223000	16955000
224000	17952000
225000	17948000
226000	18949000
227000	18927000
228000	17924000
229000	17947000
230000	18013000
231000	18949000
232000	18949000
233000	17957000
234000	19015000
235000	18886000
236000	18949000
237000	19936000
238000	19950000
239000	18950000
240000	19946000
241000	18947000
242000	18944000
243000	19922000
244000	18887000
245000	19947000
246000	19948000
247000	19918000
248000	19012000
249000	21005000
250000	19885000
251000	19942000
252000	20923000
253000	19896000
254000	19946000
255000	20955000
256000	20944000
257000	19946000
258000	20939000
259000	20905000
260000	20916000
261000	20909000
262000	20880000
263000	20919000
264000	21942000
265000	21939000
266000	20944000
267000	20943000
268000	20965000
269000	21942000
270000	22003000
271000	21924000
272000	21942000
273000	22007000
274000	22876000
275000	21972000
276000	21941000
277000	22938000
278000	22916000
279000	22999000
280000	23997000
281000	22961000
282000	22918000
283000	23006000
284000	23001000
285000	23005000
286000	22939000
287000	22939000
288000	22938000
289000	22938000
290000	23937000
291000	22985000
292000	23966000
293000	23936000
294000	22911000
295000	22946000
296000	23873000
297000	23918000
298000	23961000
299000	23978000
300000	25004000
301000	24911000
302000	24939000
303000	24024000
304000	23875000
305000	25002000
306000	24933000
307000	24960000
308000	24935000
309000	25972000
310000	25929000
311000	25930000
312000	24937000
313000	25930000
314000	24933000
315000	25930000
316000	25935000
317000	25906000
318000	25931000
319000	25929000
320000	25929000
321000	26929000
322000	25929000
323000	25935000
324000	26866000
325000	25913000
326000	26934000
327000	25931000
328000	26908000
329000	26932000
330000	26924000
331000	26900000
332000	26994000
333000	27905000
334000	26958000
335000	26928000
336000	27930000
337000	27906000
338000	27935000
339000	27976000
340000	28903000
341000	28885000
342000	28921000
343000	27925000
344000	27905000
345000	28923000
346000	27924000
347000	27925000
348000	28906000
349000	28926000
350000	27992000
351000	28923000
352000	28923000
353000	28926000
354000	28928000
355000	29898000
356000	28922000
357000	28902000
358000	28927000
359000	28923000
360000	29901000
361000	28927000
362000	29991000
363000	29920000
364000	29918000
365000	29924000
366000	30880000
367000	29921000
368000	30919000
369000	29925000
370000	30893000
371000	30917000
372000	30897000
373000	30855000
374000	29919000
375000	30922000
376000	30917000
377000	30919000
378000	30923000
379000	30947000
380000	32974000
381000	31891000
382000	30916000
383000	30918000
384000	31852000
385000	31893000
386000	31916000
387000	32916000
388000	32917000
389000	31893000
390000	31918000
391000	31959000
392000	31853000
393000	31918000
394000	31954000
395000	32913000
396000	31914000
397000	32911000
398000	32911000
399000	31913000
400000	33909000
401000	32908000
402000	32978000
403000	33914000
404000	33933000
405000	32913000
406000	33971000
407000	32912000
408000	34882000
409000	33915000
410000	32850000
411000	33889000
412000	33848000
413000	33909000
414000	34844000
415000	33914000
416000	34905000
417000	34906000
418000	34973000
419000	33954000
420000	34905000
421000	35902000
422000	34908000
423000	35902000
424000	35865000
425000	35935000
426000	34908000
427000	35973000
428000	35904000
429000	35905000
430000	35904000
431000	35902000
432000	35902000
433000	36900000
434000	35902000
435000	35905000
436000	36903000
437000	36943000
438000	35905000
439000	35883000
440000	36906000
441000	38937000
442000	36900000
443000	36865000
444000	35970000
445000	36970000
446000	37836000
447000	36900000
448000	37880000
449000	36901000
450000	36937000
451000	37897000
452000	37897000
453000	37898000
454000	37898000
455000	37898000
456000	37904000
457000	38834000
458000	38877000
459000	38896000
460000	37836000
461000	38894000
462000	37899000
463000	39892000
464000	37900000
465000	38894000
466000	39895000
467000	38963000
468000	39924000
469000	38900000
470000	39876000
471000	39870000
472000	38903000
473000	38899000
474000	38897000
475000	40895000
476000	40855000
477000	39891000
478000	39893000
479000	39893000
480000	40853000
481000	40934000
482000	40892000
483000	39830000
484000	40892000
485000	39898000
486000	40888000
487000	40892000
488000	40957000
489000	40921000
490000	41886000
491000	41851000
492000	40888000
493000	41889000
494000	41887000
495000	41851000
496000	41950000
497000	41889000
498000	41950000
499000	41959000
500000	41952000
501000	41895000
502000	42863000
503000	41897000
504000	42932000
505000	43845000
506000	42823000
507000	42885000
508000	42820000
509000	42885000
510000	42882000
511000	43881000
512000	43884000
513000	42891000
514000	42928000
515000	42885000
516000	43883000
517000	43913000
518000	42883000
519000	43950000
520000	44879000
521000	43881000
522000	43863000
523000	44859000
524000	44856000
525000	44909000
526000	44884000
527000	44863000
528000	45875000
529000	43882000
530000	44840000
531000	44818000
532000	45858000
533000	44860000
534000	45903000
535000	45942000
536000	45816000
537000	44945000
538000	45877000
539000	44859000
540000	46910000
541000	45875000
542000	46873000
543000	45877000
544000	46938000
545000	46874000
546000	46873000
547000	46874000
548000	46877000
549000	46875000
550000	46875000
551000	46875000
552000	46940000
553000	47847000
554000	46870000
555000	46941000
556000	47855000
557000	46852000
558000	46879000
559000	47872000
560000	47829000
561000	46872000
562000	46879000
563000	48867000
564000	47872000
565000	47870000
566000	48867000
567000	47848000
568000	47896000
569000	48832000
570000	49936000
571000	49871000
572000	49830000
573000	48849000
574000	48872000
575000	49864000
576000	49869000
577000	48831000
578000	48868000
579000	49868000
580000	48867000
581000	49831000
582000	49928000
583000	48870000
584000	50863000
585000	48832000
586000	49866000
587000	49865000
588000	51892000
589000	50863000
590000	49868000
591000	49867000
592000	50863000
593000	50863000
594000	50873000
595000	50873000
596000	51925000
597000	51864000
598000	50888000
599000	51868000
600000	51859000
601000	49848000
602000	51860000
603000	51861000
604000	51861000
605000	51843000
606000	51864000
607000	52797000
608000	50871000
609000	53794000
610000	51865000
611000	52921000
612000	52860000
613000	51861000
614000	52858000
615000	53855000
616000	52859000
617000	52838000
618000	53855000
619000	53883000
620000	52859000
621000	53861000
622000	53862000
623000	53887000
624000	53817000
625000	53923000
626000	53860000
627000	53865000
628000	53922000
629000	57846000
630000	54851000
631000	55849000
632000	54888000
633000	54897000
634000	55813000
635000	54855000
636000	54852000
637000	54852000
638000	55849000
639000	53855000
640000	55850000
641000	55850000
642000	57844000
643000	55826000
644000	55880000
645000	54858000
646000	55917000
647000	55791000
648000	56854000
649000	55879000
650000	56849000
651000	55858000
652000	55830000
653000	56853000
654000	55830000
655000	56829000
656000	56851000
657000	57849000
658000	56846000
659000	59841000
660000	57845000
661000	58842000
662000	56846000
663000	57845000
664000	57845000
665000	57845000
666000	57845000
667000	57845000
668000	58843000
669000	65825000
670000	58842000
671000	57845000
672000	58844000
673000	59803000
674000	59909000
675000	57827000
676000	58850000
677000	58911000
678000	58842000
679000	58842000
680000	58842000
681000	59842000
682000	58842000
683000	58842000
684000	59839000
685000	59838000
686000	59840000
687000	59822000
688000	59815000
689000	59847000
690000	60838000
691000	59840000
692000	60837000
693000	59844000
694000	61834000
695000	59839000
696000	60836000
697000	60837000
698000	60842000
699000	60859000
700000	60867000
701000	61840000
702000	62840000
703000	61863000
704000	60840000
705000	60831000
706000	62834000
707000	61769000
708000	61835000
709000	60819000
710000	61840000
711000	61859000
712000	62811000
713000	62812000
714000	61834000
715000	62830000
716000	62769000
717000	62830000
718000	62899000
719000	63840000
720000	63889000
721000	65824000
722000	63828000
723000	64831000
724000	62863000
725000	62831000
726000	64825000
727000	65781000
728000	63863000
729000	62895000
730000	62872000
731000	63833000
732000	63834000
733000	64891000
734000	64891000
735000	64856000
736000	64825000
737000	64826000
738000	64856000
739000	64788000
740000	64826000
741000	64894000
742000	66823000
743000	65824000
744000	64826000
745000	64827000
746000	65824000
747000	65799000
748000	65829000
749000	65823000
750000	66820000
751000	65835000
752000	66827000
753000	66821000
754000	65822000
755000	65821000
756000	70810000
757000	66785000
758000	66822000
759000	66825000
760000	66800000
761000	66850000
762000	66797000
763000	66804000
764000	66797000
765000	66829000
766000	68820000
767000	67822000
768000	71780000
769000	67885000
770000	66891000
771000	67822000
772000	68815000
773000	68815000
774000	67816000
775000	67798000
776000	68819000
777000	67830000
778000	68848000
779000	68815000
780000	68815000
781000	68817000
782000	69811000
783000	69880000
784000	69879000
785000	69814000
786000	68815000
787000	69752000
788000	69813000
789000	68814000
790000	71806000
791000	69741000
792000	69813000
793000	70810000
794000	70810000
795000	70815000
796000	69820000
797000	70837000
798000	72811000
799000	71833000
800000	69880000
801000	71807000
802000	71813000
803000	69812000
804000	71806000
805000	72804000
806000	71807000
807000	71810000
808000	71808000
809000	72807000
810000	70842000
811000	71745000
812000	72810000
813000	71786000
814000	72777000
815000	72743000
816000	72783000
817000	74799000
818000	72834000
819000	73808000
820000	71812000
821000	73804000
822000	73802000
823000	73741000
824000	72834000
825000	73740000
826000	73782000
827000	73803000
828000	73802000
829000	73804000
830000	74800000
831000	72805000
832000	73801000
833000	73808000
834000	74831000
835000	74804000
836000	73832000
837000	74800000
838000	74800000
839000	74804000
840000	75795000
841000	75863000
842000	74805000
843000	75801000
844000	74860000
845000	75763000
846000	76732000
847000	75804000
848000	76825000
849000	75864000
850000	76777000
851000	75796000
852000	76799000
853000	75862000
854000	75796000
855000	76795000
856000	77791000
857000	77797000
858000	76774000
859000	76796000
860000	77796000
861000	76793000
862000	76796000
863000	77796000
864000	77770000
865000	77793000
866000	77772000
867000	76835000
868000	78831000
869000	78830000
870000	78834000
871000	78795000
872000	79769000
873000	77834000
874000	78787000
875000	78791000
876000	79786000
877000	78789000
878000	79785000
879000	78854000
880000	79792000
881000	78793000
882000	79852000
883000	78765000
884000	78789000
885000	78831000
886000	78788000
887000	79787000
888000	79788000
889000	80783000
890000	80782000
891000	79726000
892000	80784000
893000	80783000
894000	81783000
895000	80781000
896000	80785000
897000	81720000
898000	80783000
899000	81781000
900000	81756000
901000	80815000
902000	81780000
903000	80782000
904000	80826000
905000	81762000
906000	82777000
907000	81779000
908000	81781000
909000	80784000
910000	83776000
911000	83775000
912000	82777000
913000	82778000
914000	81782000
915000	82778000
916000	82808000
917000	83776000
918000	82779000
919000	81760000
920000	82777000
921000	81848000
922000	84735000
923000	82783000
924000	83754000
925000	84773000
926000	82779000
927000	84753000
928000	85708000
929000	83755000
930000	83797000
931000	84756000
932000	83783000
933000	83775000
934000	83776000
935000	84774000
936000	85708000
937000	84771000
938000	84775000
939000	85770000
940000	85750000
941000	85776000
942000	85839000
943000	84774000
944000	85836000
945000	85837000
946000	85707000
947000	86767000
948000	85769000
949000	85774000
950000	87770000
951000	86769000
952000	86772000
953000	85767000
954000	86775000
955000	86835000
956000	87832000
957000	87730000
958000	87831000
959000	86770000
960000	87831000
961000	88749000
962000	87769000
963000	86767000
964000	87764000
965000	86769000
966000	88764000
967000	89765000
968000	87770000
969000	88699000
970000	87772000
971000	89737000
972000	87791000
973000	88792000
974000	88787000
975000	88784000
976000	88764000
977000	89803000
978000	89765000
979000	89698000
980000	88761000
981000	90757000
982000	90799000
983000	89741000
984000	89766000
985000	90738000
986000	95745000
987000	90757000
988000	90755000
989000	91736000
990000	90826000
991000	90692000
992000	90782000
993000	90756000
994000	94809000
995000	90766000
996000	91758000
997000	90831000
998000	90736000
999000	90761000
1000000	91735000
