1000	0
2000	996000
3000	999000
4000	996000
5000	0
6000	997000
7000	997000
8000	998000
9000	998000
10000	1994000
11000	997000
12000	995000
13000	1994000
14000	1993000
15000	1995000
16000	1994000
17000	2992000
18000	2994000
19000	2994000
20000	2990000
21000	2992000
22000	2992000
23000	2992000
24000	2992000
25000	2992000
26000	3988000
27000	2991000
28000	2994000
29000	3030000
30000	4946000
31000	5982000
32000	5986000
33000	5983000
34000	5984000
35000	3988000
36000	4988000
37000	4986000
38000	5985000
39000	5985000
40000	6983000
41000	6982000
42000	6982000
43000	6981000
44000	4986000
45000	7978000
46000	5983000
47000	5983000
48000	6981000
49000	6981000
50000	6981000
51000	6982000
52000	7979000
53000	6980000
54000	6981000
55000	7978000
56000	7978000
57000	7978000
58000	6981000
59000	8016000
60000	9038000
61000	7980000
62000	8976000
63000	7980000
64000	9037000
65000	7975000
66000	8978000
67000	8996000
68000	8933000
69000	8967000
70000	10041000
71000	9973000
72000	9973000
73000	9972000
74000	9968000
75000	10969000
76000	9974000
77000	10990000
78000	10990000
79000	11035000
80000	10969000
81000	10995000
82000	10971000
83000	10909000
84000	10967000
85000	11968000
86000	13032000
87000	11968000
88000	12031000
89000	13044000
90000	14031000
91000	12981000
92000	12925000
93000	13026000
94000	13920000
95000	12902000
96000	12949000
97000	14008000
98000	12967000
99000	14025000
100000	13962000
101000	13943000
102000	13943000
103000	14897000
104000	14960000
105000	14918000
106000	14985000
107000	14961000
108000	15957000
109000	14980000
110000	15958000
111000	16018000
112000	15957000
113000	15957000
114000	15958000
115000	15958000
116000	15957000
117000	16912000
118000	19986000
119000	17952000
120000	16954000
121000	17961000
122000	16958000
123000	17017000
124000	17951000
125000	17890000
126000	18909000
127000	17927000
128000	17955000
129000	18974000
130000	18924000
131000	19965000
132000	19924000
133000	21900000
134000	21926000
135000	21936000
136000	22897000
137000	21941000
138000	22896000
139000	22938000
140000	23894000
141000	23936000
142000	24928000
143000	22941000
144000	20944000
145000	23933000
146000	23000000
147000	21919000
148000	22939000
149000	21916000
150000	21939000
151000	22875000
152000	21961000
153000	21942000
154000	23000000
155000	23951000
156000	22939000
157000	23002000
158000	22935000
159000	22944000
160000	23936000
161000	23936000
162000	23936000
163000	23916000
164000	24977000
165000	24930000
166000	24935000
167000	24938000
168000	24905000
169000	24933000
170000	25931000
171000	25932000
172000	25927000
173000	26930000
174000	25909000
175000	26927000
176000	25925000
177000	26994000
178000	26925000
179000	26908000
180000	26900000
181000	26901000
182000	26991000
183000	28970000
184000	27991000
185000	27904000
186000	27923000
187000	28924000
188000	28885000
189000	28857000
190000	28989000
191000	28922000
192000	29984000
193000	29894000
194000	30953000
195000	29899000
196000	28922000
197000	29919000
198000	29902000
199000	30918000
200000	30852000
201000	30990000
202000	30856000
203000	30916000
204000	31915000
205000	31897000
206000	31891000
207000	31851000
208000	32884000
209000	31895000
210000	31914000
211000	32876000
212000	32940000
213000	32892000
214000	32912000
215000	32911000
216000	33908000
217000	32914000
218000	33949000
219000	33909000
220000	33843000
221000	33970000
222000	33948000
223000	34973000
224000	34887000
225000	34948000
226000	35906000
227000	34885000
228000	35908000
229000	35904000
230000	35933000
231000	35945000
232000	35973000
233000	35884000
234000	36898000
235000	37940000
236000	36884000
237000	37964000
238000	36904000
239000	37964000
240000	36943000
241000	37896000
242000	37834000
243000	37927000
244000	37899000
245000	38895000
246000	38897000
247000	39899000
248000	38835000
249000	39893000
250000	38876000
251000	38939000
252000	39892000
253000	39893000
254000	39935000
255000	39897000
256000	40872000
257000	40934000
258000	40956000
259000	41928000
260000	41889000
261000	40869000
262000	41885000
263000	40895000
264000	41956000
265000	41886000
266000	42926000
267000	41887000
268000	43875000
269000	43862000
270000	43898000
271000	43847000
272000	42952000
273000	43923000
274000	43888000
275000	43868000
276000	43883000
277000	44885000
278000	43922000
279000	44880000
280000	44909000
281000	44886000
282000	45878000
283000	45944000
284000	44920000
285000	45877000
286000	45877000
287000	45877000
288000	46876000
289000	45876000
290000	45815000
291000	47915000
292000	47880000
293000	46899000
294000	46917000
295000	47872000
296000	47872000
297000	46945000
298000	48870000
299000	47872000
300000	47936000
301000	49868000
302000	48870000
303000	48869000
304000	49909000
305000	49874000
306000	49831000
307000	48869000
308000	49866000
309000	49865000
310000	49865000
311000	49867000
312000	50863000
313000	50864000
314000	49869000
315000	51928000
316000	50904000
317000	50872000
318000	51867000
319000	51840000
320000	53827000
321000	51863000
322000	50865000
323000	51890000
324000	52836000
325000	52866000
326000	53795000
327000	53900000
328000	53882000
329000	56913000
330000	53885000
331000	53917000
332000	54854000
333000	55788000
334000	53866000
335000	55878000
336000	54790000
337000	53922000
338000	55880000
339000	54893000
340000	55915000
341000	55828000
342000	55787000
343000	55831000
344000	55850000
345000	56900000
346000	56915000
347000	56825000
348000	57844000
349000	57846000
350000	57882000
351000	56811000
352000	57850000
353000	57846000
354000	57845000
355000	58842000
356000	58843000
357000	57844000
358000	59840000
359000	58847000
360000	58843000
361000	59814000
362000	58848000
363000	59880000
364000	58842000
365000	61799000
366000	59838000
367000	59865000
368000	62832000
369000	59840000
370000	60820000
371000	61832000
372000	61835000
373000	62831000
374000	61835000
375000	61797000
376000	61835000
377000	61833000
378000	61837000
379000	63830000
380000	63794000
381000	63828000
382000	62813000
383000	63829000
384000	65822000
385000	64828000
386000	62830000
387000	64765000
388000	64870000
389000	64805000
390000	64830000
391000	66821000
392000	65824000
393000	65826000
394000	65825000
395000	65821000
396000	66823000
397000	65804000
398000	67823000
399000	65890000
400000	66819000
401000	66824000
402000	66820000
403000	66821000
404000	67822000
405000	67823000
406000	67759000
407000	70809000
408000	68856000
409000	71851000
410000	67890000
411000	68814000
412000	68823000
413000	68797000
414000	68891000
415000	69879000
416000	70818000
417000	69788000
418000	70790000
419000	70876000
420000	70815000
421000	70855000
422000	71812000
423000	71813000
424000	72776000
425000	70810000
426000	71808000
427000	69790000
428000	73866000
429000	71746000
430000	71809000
431000	71807000
432000	73806000
433000	73800000
434000	73845000
435000	72769000
436000	72807000
437000	73803000
438000	74802000
439000	73804000
440000	73802000
441000	74800000
442000	73808000
443000	75735000
444000	74862000
445000	75840000
446000	75822000
447000	75735000
448000	74776000
449000	76837000
450000	75800000
451000	76759000
452000	76795000
453000	75797000
454000	76793000
455000	76757000
456000	76732000
457000	76796000
458000	78827000
459000	77750000
460000	78787000
461000	78791000
462000	78790000
463000	77754000
464000	80746000
465000	78789000
466000	78773000
467000	79798000
468000	81783000
469000	79724000
470000	79748000
471000	81781000
472000	80782000
473000	80784000
474000	79786000
475000	80783000
476000	79792000
477000	80721000
478000	82779000
479000	81842000
480000	81779000
481000	82779000
482000	81781000
483000	81785000
484000	83776000
485000	83776000
486000	83819000
487000	83760000
488000	84751000
489000	84777000
490000	83800000
491000	83777000
492000	82844000
493000	85745000
494000	84728000
495000	83772000
496000	85837000
497000	84798000
498000	85754000
499000	84775000
500000	86768000
501000	86767000
502000	85801000
503000	86772000
504000	86767000
505000	86767000
506000	87765000
507000	86766000
508000	86747000
509000	89759000
510000	87766000
511000	86768000
512000	88742000
513000	88829000
514000	87765000
515000	87705000
516000	87768000
517000	89760000
518000	87765000
519000	89759000
520000	89760000
521000	90756000
522000	89736000
523000	89762000
524000	90757000
525000	91757000
526000	90757000
527000	90759000
528000	92752000
529000	90759000
530000	89740000
531000	91784000
532000	92754000
533000	92714000
534000	92732000
535000	91692000
536000	91781000
537000	92751000
538000	92752000
539000	93747000
540000	93795000
541000	93710000
542000	92749000
543000	95742000
544000	95810000
545000	95744000
546000	94750000
547000	93724000
548000	95754000
549000	93716000
550000	97744000
551000	97719000
552000	95744000
553000	96746000
554000	97754000
555000	97768000
556000	97775000
557000	96744000
558000	97738000
559000	96777000
560000	95682000
561000	97738000
562000	97712000
563000	98761000
564000	97739000
565000	99732000
566000	100732000
567000	97739000
568000	97745000
569000	98744000
570000	100667000
571000	98741000
572000	101769000
573000	99753000
574000	101752000
575000	99732000
576000	99713000
577000	100731000
578000	99671000
579000	100729000
580000	100669000
581000	103747000
582000	101686000
583000	101754000
584000	100668000
585000	101789000
586000	102786000
587000	103723000
588000	103731000
589000	104658000
590000	104780000
591000	103659000
592000	106714000
593000	103785000
594000	103789000
595000	104657000
596000	103722000
597000	106715000
598000	104718000
599000	105655000
600000	104721000
601000	105717000
602000	105719000
603000	106713000
604000	106677000
605000	108771000
606000	105656000
607000	108709000
608000	106715000
609000	106717000
610000	110705000
611000	108707000
612000	107714000
613000	108710000
614000	111702000
615000	106713000
616000	108686000
617000	108702000
618000	110687000
619000	107710000
620000	109736000
621000	109768000
622000	110733000
623000	110704000
624000	109645000
625000	108713000
626000	109730000
627000	111704000
628000	110703000
629000	109710000
630000	111701000
631000	111701000
632000	111701000
633000	110702000
634000	114656000
635000	111702000
636000	112697000
637000	113696000
638000	112699000
639000	112700000
640000	112697000
641000	113695000
642000	114731000
643000	112698000
644000	113696000
645000	113736000
646000	116688000
647000	113632000
648000	115629000
649000	115689000
650000	120738000
651000	114697000
652000	114631000
653000	114631000
654000	117689000
655000	117683000
656000	118682000
657000	114758000
658000	116689000
659000	117747000
660000	119680000
661000	116713000
662000	118706000
663000	118761000
664000	119679000
665000	117686000
666000	118683000
667000	118745000
668000	121686000
669000	121737000
670000	119684000
671000	120702000
672000	120713000
673000	120675000
674000	118680000
675000	120678000
676000	120704000
677000	122675000
678000	120674000
679000	121674000
680000	120675000
681000	120651000
682000	121679000
683000	123691000
684000	123673000
685000	120640000
686000	124673000
687000	122671000
688000	122742000
689000	125629000
690000	124667000
691000	124646000
692000	123673000
693000	123669000
694000	125709000
695000	126661000
696000	124642000
697000	124666000
698000	126661000
699000	127658000
700000	124650000
701000	125668000
702000	126660000
703000	123673000
704000	127658000
705000	126688000
706000	130648000
707000	126689000
708000	127699000
709000	128654000
710000	128662000
711000	129652000
712000	126692000
713000	126662000
714000	127663000
715000	132625000
716000	129636000
717000	128691000
718000	129685000
719000	131648000
720000	130629000
721000	129616000
722000	132645000
723000	131650000
724000	128631000
725000	131648000
726000	130651000
727000	130661000
728000	128664000
729000	133646000
730000	133642000
731000	131646000
732000	132707000
733000	132672000
734000	132713000
735000	132647000
736000	134579000
737000	133678000
738000	133641000
739000	133620000
740000	132673000
741000	135636000
742000	135634000
743000	136635000
744000	134637000
745000	134638000
746000	134641000
747000	135649000
748000	133643000
749000	136634000
750000	135677000
751000	134640000
752000	134641000
753000	134638000
754000	137630000
755000	137659000
756000	135699000
757000	137698000
758000	137635000
759000	137632000
760000	138628000
761000	137631000
762000	138630000
763000	138633000
764000	136635000
765000	138629000
766000	138628000
767000	139602000
768000	136635000
769000	142661000
770000	138652000
771000	140598000
772000	140665000
773000	141662000
774000	141620000
775000	142620000
776000	140623000
777000	141619000
778000	142618000
779000	141621000
780000	143619000
781000	142616000
782000	144613000
783000	144632000
784000	143615000
785000	145640000
786000	143621000
787000	142617000
788000	144611000
789000	143606000
790000	142616000
791000	143614000
792000	143573000
793000	146607000
794000	143640000
795000	144614000
796000	144645000
797000	145585000
798000	144648000
799000	145611000
800000	146608000
801000	146636000
802000	148640000
803000	149598000
804000	146632000
805000	148602000
806000	146607000
807000	147643000
808000	149602000
809000	146608000
810000	149630000
811000	149559000
812000	147606000
813000	151594000
814000	150595000
815000	149639000
816000	151595000
817000	148598000
818000	149599000
819000	153614000
820000	149575000
821000	150602000
822000	148601000
823000	151559000
824000	153588000
825000	151635000
826000	149598000
827000	151595000
828000	151531000
829000	155523000
830000	152589000
831000	152622000
832000	152566000
833000	153658000
834000	154655000
835000	150561000
836000	154625000
837000	151594000
838000	153587000
839000	154587000
840000	156520000
841000	154563000
842000	155583000
843000	156579000
844000	156582000
845000	155584000
846000	156556000
847000	157539000
848000	156580000
849000	154523000
850000	157579000
851000	155591000
852000	154592000
853000	163626000
854000	157608000
855000	157547000
856000	159511000
857000	157576000
858000	157584000
859000	157584000
860000	156608000
861000	157578000
862000	160570000
863000	158574000
864000	163561000
865000	161568000
866000	158600000
867000	157552000
868000	159614000
869000	162505000
870000	160631000
871000	161565000
872000	161506000
873000	164525000
874000	160571000
875000	164576000
876000	169547000
877000	159634000
878000	165618000
879000	162564000
880000	163561000
881000	163562000
882000	163558000
883000	162565000
884000	164560000
885000	165495000
886000	168549000
887000	164560000
888000	165589000
889000	164516000
890000	164563000
891000	165558000
892000	165555000
893000	165558000
894000	167552000
895000	165520000
896000	167560000
897000	167549000
898000	170544000
899000	167551000
900000	167613000
901000	164586000
902000	166552000
903000	168546000
904000	168584000
905000	168549000
906000	167552000
907000	167551000
908000	168490000
909000	167570000
910000	169545000
911000	169545000
912000	166554000
913000	172504000
914000	169523000
915000	171542000
916000	169545000
917000	169546000
918000	172538000
919000	169547000
920000	172577000
921000	176534000
922000	169548000
923000	171552000
924000	173536000
925000	175529000
926000	173586000
927000	172518000
928000	171542000
929000	172539000
930000	174558000
931000	172538000
932000	176527000
933000	175531000
934000	176530000
935000	174533000
936000	173505000
937000	178552000
938000	176528000
939000	174534000
940000	175568000
941000	174533000
942000	175530000
943000	176528000
944000	177523000
945000	178485000
946000	178520000
947000	177524000
948000	178522000
949000	176504000
950000	176463000
951000	179520000
952000	177524000
953000	178521000
954000	180519000
955000	182512000
956000	180515000
957000	183503000
958000	179517000
959000	181512000
960000	180485000
961000	180517000
962000	183507000
963000	183509000
964000	181514000
965000	180557000
966000	182534000
967000	187498000
968000	183535000
969000	179453000
970000	180517000
971000	182511000
972000	182514000
973000	184507000
974000	185505000
975000	183507000
976000	185500000
977000	184446000
978000	182511000
979000	182513000
980000	181475000
981000	185496000
982000	185533000
983000	185570000
984000	183514000
985000	184486000
986000	189523000
987000	186538000
988000	189491000
989000	187499000
990000	186435000
991000	189493000
992000	188495000
993000	187520000
994000	189493000
995000	185479000
996000	188518000
997000	188496000
998000	190550000
999000	186501000
1000000	188496000
1000	0
2000	0
3000	998000
4000	997000
5000	0
6000	0
7000	0
8000	0
9000	998000
10000	997000
11000	998000
12000	1994000
13000	997000
14000	1065000
15000	1995000
16000	996000
17000	1999000
18000	1998000
19000	1998000
20000	3034000
21000	1998000
22000	1996000
23000	2994000
24000	2991000
25000	2995000
26000	2991000
27000	2995000
28000	2991000
29000	3993000
30000	4046000
31000	4020000
32000	3992000
33000	4056000
34000	3994000
35000	4990000
36000	3993000
37000	4988000
38000	4991000
39000	5054000
40000	5048000
41000	5010000
42000	4984000
43000	5043000
44000	5050000
45000	5007000
46000	6042000
47000	6056000
48000	6046000
49000	6004000
50000	6044000
51000	6045000
52000	6981000
53000	5981000
54000	6935000
55000	6921000
56000	8039000
57000	7971000
58000	7042000
59000	8045000
60000	7979000
61000	8004000
62000	7999000
63000	9038000
64000	8996000
65000	7998000
66000	9041000
67000	9037000
68000	8993000
69000	10044000
70000	8976000
71000	8940000
72000	9937000
73000	9969000
74000	10034000
75000	9907000
76000	9996000
77000	10972000
78000	11031000
79000	9974000
80000	10970000
81000	10927000
82000	10930000
83000	10970000
84000	10995000
85000	10971000
86000	11926000
87000	11944000
88000	11988000
89000	12921000
90000	12987000
91000	12989000
92000	12966000
93000	11975000
94000	12986000
95000	12899000
96000	12983000
97000	13952000
98000	12984000
99000	13982000
100000	13962000
101000	13963000
102000	13962000
103000	14960000
104000	13958000
105000	15911000
106000	14984000
107000	14964000
108000	14957000
109000	14959000
110000	15022000
111000	16017000
112000	16022000
113000	15895000
114000	15982000
115000	16978000
116000	15957000
117000	17907000
118000	16893000
119000	16911000
120000	16890000
121000	16958000
122000	17952000
123000	17955000
124000	17952000
125000	17956000
126000	17972000
127000	18949000
128000	18949000
129000	18938000
130000	18950000
131000	18938000
132000	18987000
133000	18949000
134000	18967000
135000	18950000
136000	19926000
137000	20947000
138000	19884000
139000	19950000
140000	19985000
141000	20944000
142000	20919000
143000	20940000
144000	20942000
145000	21950000
146000	21940000
147000	20940000
148000	21917000
149000	21939000
150000	22934000
151000	22941000
152000	22913000
153000	22913000
154000	21941000
155000	22935000
156000	23936000
157000	22974000
158000	23908000
159000	22948000
160000	23936000
161000	24907000
162000	23936000
163000	23935000
164000	23936000
165000	23936000
166000	24953000
167000	24934000
168000	24934000
169000	24933000
170000	25931000
171000	25936000
172000	30853000
173000	25935000
174000	25931000
175000	25932000
176000	25907000
177000	26907000
178000	25938000
179000	26952000
180000	27906000
181000	26994000
182000	27927000
183000	27965000
184000	26928000
185000	28922000
186000	28923000
187000	27903000
188000	28898000
189000	29891000
190000	27926000
191000	28989000
192000	29921000
193000	28923000
194000	29920000
195000	29928000
196000	29981000
197000	29914000
198000	29917000
199000	29899000
200000	30917000
201000	30917000
202000	31850000
203000	31854000
204000	31953000
205000	30912000
206000	30921000
207000	31957000
208000	30958000
209000	31921000
210000	32907000
211000	31917000
212000	31956000
213000	31916000
214000	33909000
215000	32913000
216000	33910000
217000	33910000
218000	33849000
219000	33908000
220000	33845000
221000	33910000
222000	33914000
223000	33908000
224000	34906000
225000	35901000
226000	34876000
227000	35970000
228000	35908000
229000	37869000
230000	36937000
231000	34889000
232000	35944000
233000	36876000
234000	36901000
235000	36968000
236000	36964000
237000	36899000
238000	36899000
239000	36919000
240000	36907000
241000	36899000
242000	37926000
243000	38962000
244000	37928000
245000	38938000
246000	37902000
247000	39935000
248000	39895000
249000	40891000
250000	38896000
251000	39895000
252000	39964000
253000	39893000
254000	39894000
255000	40892000
256000	39891000
257000	40829000
258000	40890000
259000	40890000
260000	41873000
261000	41930000
262000	40892000
263000	41889000
264000	41955000
265000	42928000
266000	42865000
267000	42926000
268000	42952000
269000	42865000
270000	42886000
271000	42884000
272000	42887000
273000	42886000
274000	45878000
275000	42928000
276000	43882000
277000	43882000
278000	44885000
279000	44818000
280000	43889000
281000	43881000
282000	44878000
283000	45877000
284000	44880000
285000	44887000
286000	45848000
287000	44951000
288000	45883000
289000	45878000
290000	46916000
291000	45945000
292000	45884000
293000	47881000
294000	46812000
295000	46873000
296000	47938000
297000	47931000
298000	47870000
299000	47873000
300000	48871000
301000	47872000
302000	48807000
303000	48872000
304000	49867000
305000	49869000
306000	48870000
307000	49865000
308000	48932000
309000	49870000
310000	49867000
311000	50864000
312000	49897000
313000	50906000
314000	50874000
315000	50862000
316000	51862000
317000	51797000
318000	50864000
319000	52856000
320000	51861000
321000	51923000
322000	51866000
323000	51862000
324000	52838000
325000	52924000
326000	53860000
327000	52858000
328000	53901000
329000	52897000
330000	53834000
331000	54790000
332000	53835000
333000	53861000
334000	53856000
335000	54852000
336000	53816000
337000	59841000
338000	54853000
339000	54839000
340000	54857000
341000	56861000
342000	54832000
343000	56846000
344000	55849000
345000	55854000
346000	57831000
347000	57913000
348000	57848000
349000	56827000
350000	58884000
351000	57823000
352000	58872000
353000	58905000
354000	57908000
355000	57849000
356000	57847000
357000	59840000
358000	59845000
359000	58847000
360000	58909000
361000	59838000
362000	59840000
363000	58845000
364000	58843000
365000	59840000
366000	59842000
367000	59840000
368000	60837000
369000	62833000
370000	60835000
371000	60839000
372000	60817000
373000	61838000
374000	61839000
375000	61833000
376000	62835000
377000	65824000
378000	63767000
379000	63871000
380000	62873000
381000	62811000
382000	64827000
383000	62831000
384000	65822000
385000	67818000
386000	68816000
387000	71809000
388000	72855000
389000	71806000
390000	71765000
391000	69813000
392000	69815000
393000	65890000
394000	65824000
395000	66804000
396000	64825000
397000	66759000
398000	65757000
399000	66796000
400000	65825000
401000	67880000
402000	67823000
403000	66826000
404000	68856000
405000	67819000
406000	68821000
407000	68839000
408000	68816000
409000	67826000
410000	67849000
411000	67801000
412000	70809000
413000	69813000
414000	69854000
415000	68815000
416000	68820000
417000	69752000
418000	69843000
419000	69815000
420000	70812000
421000	70750000
422000	70749000
423000	70812000
424000	71808000
425000	70809000
426000	71789000
427000	72832000
428000	72777000
429000	71838000
430000	71808000
431000	72805000
432000	71813000
433000	72807000
434000	72804000
435000	73807000
436000	72803000
437000	73807000
438000	72837000
439000	73784000
440000	74805000
441000	73865000
442000	74803000
443000	74812000
444000	74826000
445000	73806000
446000	74777000
447000	75800000
448000	75799000
449000	76797000
450000	76794000
451000	76862000
452000	74781000
453000	75803000
454000	76733000
455000	75803000
456000	77770000
457000	77823000
458000	77797000
459000	78787000
460000	78855000
461000	77799000
462000	77796000
463000	79787000
464000	77821000
465000	77794000
466000	78793000
467000	79786000
468000	79825000
469000	78787000
470000	79793000
471000	80763000
472000	80811000
473000	80812000
474000	80722000
475000	83842000
476000	81743000
477000	81779000
478000	81782000
479000	81760000
480000	81780000
481000	81781000
482000	81789000
483000	82808000
484000	81783000
485000	83803000
486000	82777000
487000	83780000
488000	81763000
489000	83776000
490000	83775000
491000	82778000
492000	83756000
493000	83821000
494000	84840000
495000	84753000
496000	84776000
497000	84842000
498000	88725000
499000	86773000
500000	85795000
501000	86747000
502000	85734000
503000	86768000
504000	84778000
505000	85750000
506000	85741000
507000	85761000
508000	85709000
509000	87745000
510000	88763000
511000	89760000
512000	89760000
513000	87771000
514000	87790000
515000	88742000
516000	90754000
517000	88744000
518000	90820000
519000	88829000
520000	90764000
521000	90766000
522000	89769000
523000	90757000
524000	90696000
525000	92690000
526000	91737000
527000	90755000
528000	92754000
529000	89724000
530000	90757000
531000	94744000
532000	91797000
533000	91736000
534000	93778000
535000	91755000
536000	92752000
537000	91692000
538000	93749000
539000	91756000
540000	93749000
541000	92762000
542000	93751000
543000	93749000
544000	94744000
545000	94788000
546000	93751000
547000	93686000
548000	93791000
549000	95744000
550000	93759000
551000	99709000
552000	96802000
553000	95748000
554000	94747000
555000	95769000
556000	96802000
557000	96742000
558000	96701000
559000	95743000
560000	97714000
561000	98734000
562000	97738000
563000	97741000
564000	97740000
565000	98723000
566000	98762000
567000	98798000
568000	100759000
569000	99715000
570000	100732000
571000	100730000
572000	99736000
573000	101727000
574000	101728000
575000	99734000
576000	101792000
577000	101728000
578000	100730000
579000	102723000
580000	102665000
581000	102724000
582000	100792000
583000	102730000
584000	102700000
585000	100735000
586000	102705000
587000	102755000
588000	103721000
589000	102724000
590000	103724000
591000	103722000
592000	104659000
593000	104747000
594000	103722000
595000	104717000
596000	106715000
597000	106714000
598000	104720000
599000	105723000
600000	106679000
601000	106740000
602000	106714000
603000	105680000
604000	106715000
605000	107650000
606000	105717000
607000	106779000
608000	107712000
609000	106713000
610000	107712000
611000	106715000
612000	106713000
613000	109706000
614000	110729000
615000	107675000
616000	109778000
617000	109731000
618000	113719000
619000	111701000
620000	109705000
621000	108686000
622000	110704000
623000	110704000
624000	110703000
625000	110709000
626000	112666000
627000	110764000
628000	112761000
629000	111705000
630000	113696000
631000	110702000
632000	112636000
633000	113673000
634000	113694000
635000	115691000
636000	115687000
637000	111701000
638000	113634000
639000	111705000
640000	113695000
641000	114692000
642000	112699000
643000	114731000
644000	118706000
645000	114731000
646000	114695000
647000	115690000
648000	118706000
649000	121738000
650000	116688000
651000	117685000
652000	115693000
653000	116688000
654000	114630000
655000	117723000
656000	116686000
657000	115690000
658000	116688000
659000	118714000
660000	118683000
661000	118707000
662000	120677000
663000	118683000
664000	120677000
665000	119682000
666000	119680000
667000	118748000
668000	119679000
669000	118707000
670000	120678000
671000	120678000
672000	119679000
673000	120676000
674000	118683000
675000	122671000
676000	121736000
677000	120685000
678000	120682000
679000	122646000
680000	121640000
681000	122672000
682000	121697000
683000	121700000
684000	122673000
685000	121675000
686000	121674000
687000	122672000
688000	123669000
689000	124665000
690000	123669000
691000	122671000
692000	125668000
693000	124647000
694000	124672000
695000	124669000
696000	123667000
697000	124667000
698000	127659000
699000	124667000
700000	129651000
701000	126660000
702000	126659000
703000	125662000
704000	126660000
705000	129654000
706000	124670000
707000	129592000
708000	128629000
709000	126677000
710000	127659000
711000	128655000
712000	127656000
713000	127659000
714000	127696000
715000	127659000
716000	129612000
717000	127656000
718000	129657000
719000	127663000
720000	128656000
721000	128656000
722000	130648000
723000	130652000
724000	130652000
725000	130692000
726000	130649000
727000	131629000
728000	130650000
729000	131648000
730000	132645000
731000	129651000
732000	133642000
733000	131608000
734000	133647000
735000	134617000
736000	134640000
737000	132643000
738000	134642000
739000	131710000
740000	133640000
741000	135637000
742000	133640000
743000	134640000
744000	133655000
745000	132649000
746000	135635000
747000	135635000
748000	133613000
749000	136610000
750000	136572000
751000	138609000
752000	138632000
753000	137667000
754000	137761000
755000	154586000
756000	136609000
757000	137630000
758000	135639000
759000	136635000
760000	139625000
761000	137636000
762000	138626000
763000	139631000
764000	138692000
765000	137632000
766000	136634000
767000	141658000
768000	140685000
769000	139601000
770000	143642000
771000	140588000
772000	140603000
773000	140650000
774000	141621000
775000	142642000
776000	140562000
777000	141646000
778000	142615000
779000	146570000
780000	143616000
781000	143614000
782000	141622000
783000	143617000
784000	141622000
785000	143617000
786000	144613000
787000	142620000
788000	142618000
789000	145613000
790000	146606000
791000	144618000
792000	146649000
793000	144601000
794000	147607000
795000	147606000
796000	146567000
797000	143624000
798000	144665000
799000	144613000
800000	146627000
801000	147580000
802000	145612000
803000	149598000
804000	145609000
805000	145608000
806000	148607000
807000	148601000
808000	147637000
809000	147643000
810000	149577000
811000	148601000
812000	148603000
813000	150596000
814000	146609000
815000	150614000
816000	150598000
817000	150601000
818000	149606000
819000	148603000
820000	150659000
821000	151595000
822000	150634000
823000	150602000
824000	149659000
825000	152632000
826000	153587000
827000	153651000
828000	153590000
829000	152598000
830000	153614000
831000	152617000
832000	154584000
833000	153522000
834000	153564000
835000	153594000
836000	154590000
837000	157577000
838000	151545000
839000	154566000
840000	152531000
841000	158578000
842000	155582000
843000	154586000
844000	158574000
845000	158577000
846000	155623000
847000	160569000
848000	157579000
849000	155580000
850000	154587000
851000	154587000
852000	156582000
853000	155586000
854000	158576000
855000	157554000
856000	158550000
857000	158553000
858000	158555000
859000	156603000
860000	159583000
861000	159596000
862000	160571000
863000	162587000
864000	159511000
865000	160570000
866000	162565000
867000	160569000
868000	160571000
869000	163563000
870000	160572000
871000	160570000
872000	163538000
873000	162502000
874000	161566000
875000	163564000
876000	164559000
877000	164560000
878000	164621000
879000	163611000
880000	164559000
881000	161595000
882000	163562000
883000	163496000
884000	164579000
885000	166554000
886000	166557000
887000	164561000
888000	162565000
889000	165557000
890000	164558000
891000	166551000
892000	166569000
893000	165619000
894000	164560000
895000	163498000
896000	165587000
897000	165532000
898000	164560000
899000	167613000
900000	166554000
901000	168549000
902000	168547000
903000	166559000
904000	168589000
905000	166553000
906000	171541000
907000	168574000
908000	167618000
909000	165555000
910000	168548000
911000	171578000
912000	168527000
913000	172538000
914000	168610000
915000	170542000
916000	170544000
917000	170544000
918000	167551000
919000	173511000
920000	170543000
921000	173494000
922000	173535000
923000	170571000
924000	174595000
925000	169547000
926000	173496000
927000	173536000
928000	174533000
929000	174532000
930000	172540000
931000	175530000
932000	174529000
933000	174533000
934000	177546000
935000	174534000
936000	174531000
937000	175528000
938000	175493000
939000	174535000
940000	173553000
941000	176527000
942000	173537000
943000	176527000
944000	177523000
945000	176487000
946000	181576000
947000	177525000
948000	175556000
949000	179519000
950000	177525000
951000	177522000
952000	175531000
953000	177523000
954000	179514000
955000	180459000
956000	180516000
957000	178545000
958000	179519000
959000	178521000
960000	180516000
961000	181576000
962000	179545000
963000	180492000
964000	180517000
965000	180517000
966000	180517000
967000	184506000
968000	182574000
969000	182450000
970000	181575000
971000	184446000
972000	180579000
973000	182512000
974000	184506000
975000	184506000
976000	185503000
977000	184505000
978000	181515000
979000	180544000
980000	185505000
981000	186591000
982000	184569000
983000	183485000
984000	185476000
985000	189492000
986000	184507000
987000	184505000
988000	185503000
989000	187562000
990000	186478000
991000	184484000
992000	185523000
993000	189468000
994000	186502000
995000	189489000
996000	192463000
997000	189518000
998000	187502000
999000	189456000
1000000	191486000
1000	0
2000	0
3000	0
4000	1001000
5000	997000
6000	0
7000	0
8000	997000
9000	999000
10000	997000
11000	998000
12000	997000
13000	998000
14000	2040000
15000	2015000
16000	1999000
17000	2061000
18000	2051000
19000	2092000
20000	2013000
21000	1998000
22000	3049000
23000	2995000
24000	2992000
25000	2996000
26000	2991000
27000	2995000
28000	2991000
29000	2996000
30000	3993000
31000	3990000
32000	3994000
33000	3993000
34000	3988000
35000	4990000
36000	5029000
37000	4987000
38000	4989000
39000	4011000
40000	4946000
41000	5982000
42000	4987000
43000	4986000
44000	4946000
45000	6039000
46000	5984000
47000	6045000
48000	6005000
49000	6046000
50000	6004000
51000	6981000
52000	7043000
53000	7001000
54000	7001000
55000	7043000
56000	8041000
57000	8040000
58000	7999000
59000	8040000
60000	8040000
61000	8039000
62000	8039000
63000	9042000
64000	7978000
65000	7999000
66000	8995000
67000	8934000
68000	9022000
69000	10035000
70000	10034000
71000	9975000
72000	10035000
73000	9973000
74000	9995000
75000	11035000
76000	10995000
77000	11032000
78000	10971000
79000	10986000
80000	10969000
81000	11032000
82000	11003000
83000	10977000
84000	11031000
85000	11927000
86000	11925000
87000	11971000
88000	11928000
89000	12984000
90000	12985000
91000	12965000
92000	12964000
93000	12966000
94000	12985000
95000	12921000
96000	13032000
97000	12966000
98000	14024000
99000	13954000
100000	14023000
101000	13963000
102000	14960000
103000	13902000
104000	14923000
105000	14922000
106000	15024000
107000	15021000
108000	15022000
109000	14963000
110000	15957000
111000	15895000
112000	15957000
113000	15956000
114000	15956000
115000	16951000
116000	16953000
117000	16954000
118000	17953000
119000	18013000
120000	17957000
121000	17952000
122000	17952000
123000	17926000
124000	17950000
125000	17951000
126000	18949000
127000	18909000
128000	17950000
129000	18949000
130000	17952000
131000	18888000
132000	18969000
133000	18951000
134000	19922000
135000	19917000
136000	20962000
137000	19947000
138000	19942000
139000	20944000
140000	20881000
141000	19916000
142000	21975000
143000	21876000
144000	21979000
145000	20945000
146000	21920000
147000	21880000
148000	21962000
149000	22924000
150000	21942000
151000	21931000
152000	22935000
153000	21977000
154000	22999000
155000	22937000
156000	22878000
157000	23935000
158000	23005000
159000	22877000
160000	23875000
161000	23911000
162000	24934000
163000	24913000
164000	23913000
165000	24870000
166000	24934000
167000	25905000
168000	24899000
169000	25992000
170000	25997000
171000	24939000
172000	25958000
173000	25993000
174000	25928000
175000	25924000
176000	25998000
177000	26926000
178000	26995000
179000	26995000
180000	26997000
181000	27894000
182000	27923000
183000	27904000
184000	28967000
185000	28994000
186000	27929000
187000	28993000
188000	28949000
189000	28922000
190000	28924000
191000	28932000
192000	28921000
193000	29920000
194000	28946000
195000	29921000
196000	30857000
197000	29923000
198000	30917000
199000	30984000
200000	30918000
201000	29920000
202000	30915000
203000	30918000
204000	30918000
205000	30862000
206000	30919000
207000	31852000
208000	30918000
209000	31914000
210000	31886000
211000	31951000
212000	31913000
213000	32913000
214000	32921000
215000	32972000
216000	32911000
217000	32899000
218000	33884000
219000	33953000
220000	33975000
221000	34908000
222000	34974000
223000	34909000
224000	34892000
225000	34973000
226000	34908000
227000	34950000
228000	35904000
229000	35904000
230000	35970000
231000	35970000
232000	35951000
233000	35840000
234000	37901000
235000	37897000
236000	37897000
237000	36901000
238000	37897000
239000	36902000
240000	38895000
241000	37837000
242000	38894000
243000	38894000
244000	38894000
245000	38936000
246000	37899000
247000	39869000
248000	39898000
249000	37879000
250000	38962000
251000	39892000
252000	39892000
253000	39891000
254000	39892000
255000	39892000
256000	41888000
257000	39893000
258000	41893000
259000	40932000
260000	40889000
261000	40891000
262000	41886000
263000	41886000
264000	42886000
265000	40888000
266000	41952000
267000	41890000
268000	41887000
269000	42883000
270000	42883000
271000	42885000
272000	43856000
273000	43884000
274000	43883000
275000	43861000
276000	42926000
277000	43883000
278000	44909000
279000	44946000
280000	43909000
281000	44925000
282000	44880000
283000	45907000
284000	44885000
285000	44880000
286000	44885000
287000	44920000
288000	46875000
289000	45882000
290000	47913000
291000	46935000
292000	46879000
293000	47880000
294000	47915000
295000	46940000
296000	47878000
297000	47852000
298000	46877000
299000	47915000
300000	48868000
301000	48878000
302000	48867000
303000	48935000
304000	49933000
305000	49866000
306000	48901000
307000	49866000
308000	49871000
309000	49910000
310000	49867000
311000	49862000
312000	50804000
313000	50867000
314000	50843000
315000	51864000
316000	50905000
317000	50931000
318000	50871000
319000	51904000
320000	51799000
321000	52858000
322000	51928000
323000	52924000
324000	51866000
325000	54854000
326000	54900000
327000	52859000
328000	53920000
329000	53868000
330000	53862000
331000	53885000
332000	53924000
333000	54832000
334000	54834000
335000	54853000
336000	54853000
337000	55787000
338000	54834000
339000	56854000
340000	55849000
341000	54852000
342000	56785000
343000	55849000
344000	55849000
345000	56853000
346000	56824000
347000	56872000
348000	57824000
349000	56848000
350000	56889000
351000	57848000
352000	56921000
353000	57846000
354000	57875000
355000	58821000
356000	58818000
357000	57783000
358000	58910000
359000	59821000
360000	58845000
361000	59841000
362000	60835000
363000	59840000
364000	62832000
365000	61897000
366000	59838000
367000	61836000
368000	61836000
369000	60818000
370000	59840000
371000	60836000
372000	61837000
373000	61904000
374000	62869000
375000	62872000
376000	61839000
377000	61900000
378000	60818000
379000	62815000
380000	63830000
381000	62832000
382000	63827000
383000	62832000
384000	63872000
385000	65802000
386000	65825000
387000	64833000
388000	65787000
389000	65890000
390000	65822000
391000	64827000
392000	64829000
393000	66822000
394000	65831000
395000	65829000
396000	65828000
397000	67848000
398000	66821000
399000	65824000
400000	66827000
401000	66821000
402000	67820000
403000	66823000
404000	67820000
405000	67824000
406000	68779000
407000	69855000
408000	67822000
409000	69879000
410000	68877000
411000	69785000
412000	68821000
413000	68755000
414000	68798000
415000	70855000
416000	70812000
417000	69880000
418000	69770000
419000	70813000
420000	69752000
421000	69812000
422000	69812000
423000	72810000
424000	71815000
425000	71823000
426000	71788000
427000	71812000
428000	70852000
429000	71788000
430000	72847000
431000	71831000
432000	71812000
433000	72845000
434000	72785000
435000	74805000
436000	73869000
437000	72843000
438000	74798000
439000	73801000
440000	73800000
441000	73802000
442000	73776000
443000	74800000
444000	73802000
445000	74800000
446000	75797000
447000	74825000
448000	74800000
449000	75868000
450000	76796000
451000	76793000
452000	75797000
453000	77829000
454000	75796000
455000	77794000
456000	77854000
457000	77796000
458000	77792000
459000	77793000
460000	77797000
461000	77798000
462000	79847000
463000	79829000
464000	79725000
465000	80782000
466000	80722000
467000	78854000
468000	79787000
469000	78788000
470000	80760000
471000	78769000
472000	79810000
473000	80826000
474000	79724000
475000	81781000
476000	80783000
477000	80787000
478000	80782000
479000	81783000
480000	82804000
481000	80782000
482000	82777000
483000	82776000
484000	82845000
485000	84777000
486000	83776000
487000	84753000
488000	83801000
489000	83840000
490000	83753000
491000	83806000
492000	82786000
493000	84752000
494000	83776000
495000	84835000
496000	84778000
497000	85772000
498000	84837000
499000	84779000
500000	86832000
501000	86771000
502000	84753000
503000	86766000
504000	86770000
505000	86767000
506000	86805000
507000	86766000
508000	86768000
509000	87703000
510000	87764000
511000	88804000
512000	89761000
513000	86778000
514000	88763000
515000	87765000
516000	90755000
517000	89760000
518000	89820000
519000	91738000
520000	89765000
521000	88799000
522000	90800000
523000	90760000
524000	90754000
525000	89802000
526000	90758000
527000	89761000
528000	90758000
529000	90821000
530000	90762000
531000	92777000
532000	90735000
533000	91754000
534000	91755000
535000	92753000
536000	96771000
537000	92783000
538000	92751000
539000	92750000
540000	92792000
541000	95741000
542000	95684000
543000	95757000
544000	94748000
545000	94811000
546000	95709000
547000	95743000
548000	93748000
549000	95746000
550000	96743000
551000	97702000
552000	95742000
553000	96741000
554000	97749000
555000	96741000
556000	98734000
557000	95773000
558000	95806000
559000	98671000
560000	96719000
561000	95739000
562000	97737000
563000	97715000
564000	99672000
565000	99733000
566000	100735000
567000	99740000
568000	99761000
569000	99708000
570000	98736000
571000	101726000
572000	99715000
573000	99716000
574000	98761000
575000	100731000
576000	103721000
577000	99735000
578000	100729000
579000	100729000
580000	101730000
581000	101728000
582000	101733000
583000	102745000
584000	103723000
585000	103720000
586000	101754000
587000	102705000
588000	101730000
589000	102666000
590000	103785000
591000	105743000
592000	102786000
593000	103726000
594000	104724000
595000	105717000
596000	104718000
597000	103724000
598000	105784000
599000	103783000
600000	105717000
601000	105657000
602000	104786000
603000	105718000
604000	106718000
605000	105743000
606000	107712000
607000	105754000
608000	107744000
609000	105719000
610000	107713000
611000	107712000
612000	107710000
613000	107712000
614000	107714000
615000	109706000
616000	108649000
617000	108714000
618000	111701000
619000	110684000
620000	109705000
621000	108709000
622000	109706000
623000	110728000
624000	109704000
625000	109705000
626000	111640000
627000	110741000
628000	110731000
629000	111701000
630000	110704000
631000	111701000
632000	112698000
633000	110705000
634000	112730000
635000	112701000
636000	113671000
637000	112740000
638000	113671000
639000	114694000
640000	113699000
641000	113699000
642000	114693000
643000	112698000
644000	113762000
645000	113760000
646000	114693000
647000	114722000
648000	113701000
649000	115665000
650000	114694000
651000	113696000
652000	116686000
653000	115690000
654000	115691000
655000	116713000
656000	117715000
657000	114694000
658000	116687000
659000	118621000
660000	115691000
661000	116688000
662000	118662000
663000	118710000
664000	117691000
665000	120685000
666000	119680000
667000	117688000
668000	118686000
669000	119691000
670000	120682000
671000	118682000
672000	118683000
673000	119617000
674000	121735000
675000	121681000
676000	121741000
677000	120678000
678000	121737000
679000	120677000
680000	120686000
681000	122738000
682000	121678000
683000	122675000
684000	122696000
685000	123646000
686000	123677000
687000	123692000
688000	123677000
689000	124668000
690000	122671000
691000	124668000
692000	124667000
693000	122696000
694000	123609000
695000	128663000
696000	124663000
697000	130653000
698000	123671000
699000	124643000
700000	126671000
701000	126694000
702000	129657000
703000	124665000
704000	125662000
705000	126661000
706000	127660000
707000	127595000
708000	127633000
709000	127686000
710000	128630000
711000	127658000
712000	126690000
713000	128658000
714000	129687000
715000	128619000
716000	129652000
717000	129719000
718000	132647000
719000	128656000
720000	128637000
721000	132710000
722000	133646000
723000	130646000
724000	130659000
725000	133646000
726000	132688000
727000	132625000
728000	130715000
729000	130652000
730000	132648000
731000	130651000
732000	133643000
733000	133644000
734000	133643000
735000	131652000
736000	132675000
737000	133640000
738000	134639000
739000	132646000
740000	134638000
741000	135620000
742000	135639000
743000	135638000
744000	133648000
745000	135616000
746000	137612000
747000	134638000
748000	136634000
749000	135637000
750000	135637000
751000	138655000
752000	137637000
753000	137660000
754000	136638000
755000	135663000
756000	136634000
757000	136634000
758000	136658000
759000	136595000
760000	139616000
761000	137604000
762000	140562000
763000	142646000
764000	138635000
765000	138626000
766000	138626000
767000	137632000
768000	142647000
769000	140624000
770000	146607000
771000	141621000
772000	139629000
773000	144611000
774000	141621000
775000	141624000
776000	141623000
777000	143684000
778000	143616000
779000	141622000
780000	144614000
781000	144612000
782000	158577000
783000	141622000
784000	145610000
785000	143616000
786000	143614000
787000	143614000
788000	143651000
789000	145631000
790000	141682000
791000	145615000
792000	145610000
793000	142595000
794000	144711000
795000	145610000
796000	147603000
797000	145586000
798000	147629000
799000	149624000
800000	145612000
801000	148601000
802000	148603000
803000	145673000
804000	145649000
805000	145612000
806000	147603000
807000	149661000
808000	146608000
809000	153590000
810000	148602000
811000	150600000
812000	146635000
813000	152592000
814000	149601000
815000	149620000
816000	149662000
817000	149595000
818000	148640000
819000	148602000
820000	151554000
821000	149563000
822000	151593000
823000	149599000
824000	149630000
825000	152567000
826000	154561000
827000	153590000
828000	150599000
829000	153528000
830000	150597000
831000	156582000
832000	154585000
833000	151594000
834000	152540000
835000	154521000
836000	153591000
837000	152591000
838000	154611000
839000	154585000
840000	155519000
841000	156544000
842000	155582000
843000	152591000
844000	154524000
845000	155582000
846000	157576000
847000	156581000
848000	154584000
849000	156582000
850000	158551000
851000	154652000
852000	161566000
853000	156582000
854000	157578000
855000	158552000
856000	161539000
857000	156564000
858000	156579000
859000	157579000
860000	160572000
861000	157518000
862000	159551000
863000	158574000
864000	163496000
865000	159599000
866000	158576000
867000	160571000
868000	161628000
869000	158576000
870000	161566000
871000	161566000
872000	162564000
873000	160632000
874000	160595000
875000	161546000
876000	161565000
877000	162510000
878000	163556000
879000	160545000
880000	166616000
881000	163561000
882000	162565000
883000	162567000
884000	165557000
885000	164560000
886000	165558000
887000	163502000
888000	165496000
889000	167522000
890000	163558000
891000	164494000
892000	166556000
893000	166553000
894000	165558000
895000	166553000
896000	166494000
897000	166549000
898000	167552000
899000	170542000
900000	164558000
901000	166620000
902000	168545000
903000	167550000
904000	170542000
905000	169608000
906000	170544000
907000	177501000
908000	168552000
909000	170580000
910000	168529000
911000	169546000
912000	168525000
913000	169586000
914000	168522000
915000	170543000
916000	169608000
917000	171541000
918000	170544000
919000	169510000
920000	172562000
921000	174529000
922000	173535000
923000	170543000
924000	174535000
925000	172513000
926000	173513000
927000	174470000
928000	171540000
929000	173596000
930000	172538000
931000	177548000
932000	174532000
933000	173560000
934000	174533000
935000	173536000
936000	173539000
937000	172542000
938000	173474000
939000	175536000
940000	173572000
941000	175530000
942000	175550000
943000	180515000
944000	173540000
945000	176504000
946000	176528000
947000	181512000
948000	178522000
949000	176526000
950000	178522000
951000	175531000
952000	178521000
953000	179520000
954000	176595000
955000	178523000
956000	177529000
957000	179525000
958000	178524000
959000	180517000
960000	180519000
961000	177524000
962000	179513000
963000	183448000
964000	179519000
965000	179546000
966000	182514000
967000	178522000
968000	182513000
969000	181575000
970000	179518000
971000	182511000
972000	180578000
973000	182487000
974000	183531000
975000	182512000
976000	182487000
977000	181536000
978000	181514000
979000	183484000
980000	184531000
981000	184504000
982000	184508000
983000	184508000
984000	186501000
985000	186562000
986000	183484000
987000	185471000
988000	184500000
989000	185501000
990000	188496000
991000	187497000
992000	185504000
993000	186501000
994000	182512000
995000	187534000
996000	189494000
997000	188466000
998000	189492000
999000	189494000
1000000	187497000
1000	0
2000	0
3000	0
4000	0
5000	0
6000	998000
7000	0
8000	0
9000	1010000
10000	997000
11000	997000
12000	1036000
13000	1002000
14000	997000
15000	1000000
16000	1997000
17000	1997000
18000	1997000
19000	1992000
20000	1996000
21000	3053000
22000	1997000
23000	2994000
24000	2993000
25000	2996000
26000	2995000
27000	3057000
28000	2996000
29000	2992000
30000	4033000
31000	4055000
32000	4057000
33000	3992000
34000	3993000
35000	3990000
36000	3988000
37000	4993000
38000	4986000
39000	5049000
40000	4990000
41000	5052000
42000	6043000
43000	5052000
44000	5984000
45000	6024000
46000	6049000
47000	6048000
48000	6005000
49000	6045000
50000	6940000
51000	7019000
52000	7004000
53000	7043000
54000	7044000
55000	7002000
56000	7042000
57000	7045000
58000	7003000
59000	7977000
60000	7917000
61000	7998000
62000	8041000
63000	8004000
64000	9038000
65000	9037000
66000	8975000
67000	9037000
68000	10037000
69000	8994000
70000	8971000
71000	10034000
72000	10034000
73000	10035000
74000	9973000
75000	9977000
76000	9974000
77000	11032000
78000	10993000
79000	11031000
80000	10992000
81000	12029000
82000	11038000
83000	10989000
84000	11967000
85000	11975000
86000	11966000
87000	12034000
88000	11966000
89000	12969000
90000	11966000
91000	11963000
92000	12962000
93000	12901000
94000	12990000
95000	12973000
96000	13962000
97000	13961000
98000	12976000
99000	13922000
100000	13990000
101000	14920000
102000	14979000
103000	14018000
104000	14981000
105000	14961000
106000	14953000
107000	14959000
108000	14966000
109000	14934000
110000	15978000
111000	15895000
112000	15958000
113000	16019000
114000	15946000
115000	16944000
116000	17016000
117000	17886000
118000	15891000
119000	17989000
120000	16954000
121000	18012000
122000	16958000
123000	17885000
124000	17947000
125000	18929000
126000	17951000
127000	17952000
128000	18945000
129000	18955000
130000	18954000
131000	20008000
132000	18921000
133000	22877000
134000	19947000
135000	19884000
136000	19907000
137000	19920000
138000	20919000
139000	19947000
140000	20945000
141000	20944000
142000	21939000
143000	20944000
144000	20911000
145000	21916000
146000	20942000
147000	21879000
148000	22003000
149000	22957000
150000	22976000
151000	21941000
152000	21942000
153000	22938000
154000	22939000
155000	22942000
156000	22886000
157000	22938000
158000	23933000
159000	23936000
160000	24001000
161000	25933000
162000	23976000
163000	23932000
164000	24001000
165000	24929000
166000	24002000
167000	25001000
168000	24975000
169000	24996000
170000	24932000
171000	25929000
172000	25932000
173000	26995000
174000	25998000
175000	26989000
176000	26928000
177000	26968000
178000	26929000
179000	25972000
180000	27924000
181000	26928000
182000	27924000
183000	27862000
184000	27926000
185000	27925000
186000	27923000
187000	28923000
188000	27919000
189000	27900000
190000	28916000
191000	31916000
192000	30918000
193000	31915000
194000	31915000
195000	33909000
196000	30917000
197000	32912000
198000	33973000
199000	34907000
200000	32911000
201000	31853000
202000	32973000
203000	30918000
204000	31916000
205000	33906000
206000	34905000
207000	35904000
208000	35904000
209000	36900000
210000	35902000
211000	35903000
212000	35903000
213000	33907000
214000	34907000
215000	34906000
216000	35937000
217000	33910000
218000	46868000
219000	47872000
220000	43881000
221000	38896000
222000	41889000
223000	39894000
224000	46875000
225000	42886000
226000	40889000
227000	42883000
228000	40890000
229000	45875000
230000	49866000
231000	46875000
232000	38896000
233000	37899000
234000	39893000
235000	42886000
236000	50863000
237000	52859000
238000	54855000
239000	58843000
240000	60838000
241000	53855000
242000	53856000
243000	52865000
244000	57843000
245000	54854000
246000	51862000
247000	57845000
248000	55851000
249000	59840000
250000	56848000
251000	56847000
252000	458784000
253000	641284000
254000	229374000
255000	57849000
256000	54855000
257000	56849000
258000	55850000
259000	56848000
260000	50864000
261000	49867000
262000	54853000
263000	55849000
264000	60838000
265000	57845000
266000	60838000
267000	53855000
268000	48883000
269000	48867000
270000	43882000
271000	45876000
272000	42885000
273000	44518000
274000	45854000
275000	43209000
276000	43950000
277000	44013000
278000	44371000
279000	45878000
280000	51898000
281000	48831000
282000	47872000
283000	51862000
284000	52858000
285000	50862000
286000	45940000
287000	45886000
288000	45919000
289000	46918000
290000	45878000
291000	46854000
292000	45879000
293000	46877000
294000	46873000
295000	47857000
296000	46941000
297000	47811000
298000	47870000
299000	47872000
300000	47808000
301000	48868000
302000	49868000
303000	48870000
304000	49867000
305000	49866000
306000	48876000
307000	48888000
308000	49865000
309000	50863000
310000	50805000
311000	50868000
312000	50864000
313000	50864000
314000	50886000
315000	52931000
316000	50864000
317000	50931000
318000	53692000
319000	52858000
320000	52859000
321000	52859000
322000	53887000
323000	52839000
324000	53856000
325000	52899000
326000	53859000
327000	52888000
328000	53796000
329000	53836000
330000	53875000
331000	54855000
332000	54852000
333000	55791000
334000	53856000
335000	53855000
336000	57906000
337000	53861000
338000	55855000
339000	55920000
340000	56850000
341000	57889000
342000	57850000
343000	57823000
344000	55814000
345000	57907000
346000	56848000
347000	55918000
348000	57848000
349000	56847000
350000	57846000
351000	56915000
352000	58822000
353000	57845000
354000	60837000
355000	57847000
356000	57846000
357000	59907000
358000	60843000
359000	59845000
360000	60837000
361000	58843000
362000	59838000
363000	58853000
364000	60812000
365000	60841000
366000	60837000
367000	60840000
368000	60838000
369000	60838000
370000	61815000
371000	60841000
372000	61833000
373000	62832000
374000	62901000
375000	60837000
376000	62832000
377000	64829000
378000	62834000
379000	65762000
380000	62830000
381000	64827000
382000	64854000
383000	63868000
384000	63829000
385000	63897000
386000	64827000
387000	63829000
388000	65808000
389000	64830000
390000	63828000
391000	66821000
392000	65822000
393000	65824000
394000	65889000
395000	65787000
396000	67845000
397000	65889000
398000	67817000
399000	65821000
400000	65891000
401000	66885000
402000	66821000
403000	67818000
404000	66822000
405000	67819000
406000	67844000
407000	67824000
408000	69815000
409000	69750000
410000	70815000
411000	67849000
412000	68791000
413000	69818000
414000	68856000
415000	69819000
416000	68881000
417000	69879000
418000	69811000
419000	70810000
420000	70808000
421000	69755000
422000	70786000
423000	71873000
424000	70815000
425000	69324000
426000	72805000
427000	71806000
428000	74800000
429000	72805000
430000	72803000
431000	72805000
432000	70810000
433000	73768000
434000	73799000
435000	73808000
436000	73828000
437000	73803000
438000	76793000
439000	74840000
440000	74802000
441000	73877000
442000	74827000
443000	73781000
444000	76775000
445000	74826000
446000	74763000
447000	76799000
448000	75826000
449000	75776000
450000	74739000
451000	76793000
452000	78792000
453000	76800000
454000	75797000
455000	76823000
456000	77798000
457000	76793000
458000	76775000
459000	77793000
460000	76794000
461000	77796000
462000	78789000
463000	77861000
464000	85769000
465000	78788000
466000	81763000
467000	79853000
468000	79785000
469000	80786000
470000	80783000
471000	79784000
472000	80784000
473000	79787000
474000	80783000
475000	81783000
476000	80811000
477000	80782000
478000	81780000
479000	82846000
480000	80794000
481000	83803000
482000	82776000
483000	80813000
484000	82803000
485000	83842000
486000	82778000
487000	82784000
488000	83781000
489000	82783000
490000	83777000
491000	85812000
492000	84815000
493000	83818000
494000	82757000
495000	85750000
496000	84773000
497000	84774000
498000	84804000
499000	85775000
500000	84838000
501000	85776000
502000	86812000
503000	87769000
504000	86788000
505000	86772000
506000	85772000
507000	86742000
508000	86796000
509000	86766000
510000	88763000
511000	88812000
512000	87764000
513000	87826000
514000	87769000
515000	90759000
516000	87832000
517000	88761000
518000	89698000
519000	89761000
520000	88742000
521000	88769000
522000	90758000
523000	90757000
524000	91734000
525000	92819000
526000	89766000
527000	91797000
528000	90762000
529000	92757000
530000	91731000
531000	93779000
532000	91717000
533000	91758000
534000	92759000
535000	91824000
536000	92750000
537000	93726000
538000	92754000
539000	91822000
540000	92788000
541000	92685000
542000	93729000
543000	96678000
544000	94776000
545000	92735000
546000	94752000
547000	94751000
548000	94751000
549000	95751000
550000	94813000
551000	96748000
552000	94728000
553000	97745000
554000	97770000
555000	95749000
556000	96762000
557000	97716000
558000	99671000
559000	97738000
560000	97736000
561000	97762000
562000	97739000
563000	97718000
564000	96743000
565000	96771000
566000	100773000
567000	98740000
568000	98714000
569000	99717000
570000	98738000
571000	100771000
572000	98713000
573000	99713000
574000	100705000
575000	99733000
576000	100791000
577000	100730000
578000	101728000
579000	100731000
580000	102732000
581000	101705000
582000	104750000
583000	101725000
584000	100791000
585000	101729000
586000	102725000
587000	102699000
588000	102723000
589000	105716000
590000	103723000
591000	104719000
592000	102722000
593000	103761000
594000	103748000
595000	105717000
596000	103723000
597000	103783000
598000	104720000
599000	104719000
600000	104658000
601000	104745000
602000	105722000
603000	106652000
604000	106735000
605000	107741000
606000	106737000
607000	106778000
608000	109714000
609000	107737000
610000	109707000
611000	107647000
612000	107712000
613000	108670000
614000	107713000
615000	108709000
616000	108709000
617000	108710000
618000	108715000
619000	112723000
620000	110728000
621000	109707000
622000	108709000
623000	108708000
624000	108709000
625000	110704000
626000	109707000
627000	113734000
628000	111706000
629000	112707000
630000	113699000
631000	111700000
632000	110729000
633000	111701000
634000	111702000
635000	112697000
636000	112703000
637000	111768000
638000	112725000
639000	112723000
640000	113707000
641000	113668000
642000	112700000
643000	113696000
644000	116686000
645000	115688000
646000	113700000
647000	112703000
648000	114672000
649000	114668000
650000	117690000
651000	114691000
652000	118684000
653000	115691000
654000	117687000
655000	115690000
656000	116753000
657000	115715000
658000	114655000
659000	118690000
660000	116716000
661000	119680000
662000	118656000
663000	117689000
664000	118720000
665000	119678000
666000	117687000
667000	119682000
668000	119682000
669000	118683000
670000	120680000
671000	119747000
672000	119685000
673000	119677000
674000	119680000
675000	122670000
676000	121673000
677000	119681000
678000	120680000
679000	120742000
680000	122648000
681000	122670000
682000	120659000
683000	123656000
684000	122677000
685000	124672000
686000	122648000
687000	123632000
688000	121674000
689000	123738000
690000	123673000
691000	123698000
692000	124671000
693000	123645000
694000	125667000
695000	122714000
696000	124698000
697000	125709000
698000	125669000
699000	123667000
700000	125662000
701000	127598000
702000	127657000
703000	126599000
704000	126662000
705000	127659000
706000	127663000
707000	127659000
708000	127658000
709000	125664000
710000	127664000
711000	127657000
712000	130651000
713000	127660000
714000	128656000
715000	131674000
716000	126685000
717000	129719000
718000	129617000
719000	128655000
720000	129653000
721000	130659000
722000	131626000
723000	130648000
724000	131648000
725000	132649000
726000	130615000
727000	132645000
728000	132644000
729000	130651000
730000	133672000
731000	132651000
732000	132619000
733000	131610000
734000	135672000
735000	132646000
736000	132674000
737000	131648000
738000	136636000
739000	133704000
740000	134618000
741000	133642000
742000	131652000
743000	135639000
744000	135633000
745000	135636000
746000	135637000
747000	135673000
748000	134638000
749000	137637000
750000	140624000
751000	136599000
752000	135637000
753000	139625000
754000	134662000
755000	136635000
756000	136634000
757000	140622000
758000	138629000
759000	137632000
760000	137639000
761000	138630000
762000	138629000
763000	136640000
764000	139627000
765000	138627000
766000	140621000
767000	139627000
768000	138628000
769000	141561000
770000	141559000
771000	139636000
772000	140659000
773000	137608000
774000	143615000
775000	140653000
776000	141617000
777000	140624000
778000	141625000
779000	141688000
780000	140586000
781000	142619000
782000	144638000
783000	141620000
784000	144613000
785000	142619000
786000	142685000
787000	142626000
788000	143618000
789000	143596000
790000	146607000
791000	143615000
792000	146605000
793000	146611000
794000	161607000
795000	144651000
796000	145589000
797000	145608000
798000	146607000
799000	144674000
800000	147606000
801000	146610000
802000	146606000
803000	145582000
804000	148600000
805000	147568000
806000	149595000
807000	148640000
808000	146620000
809000	149604000
810000	149617000
811000	148602000
812000	147584000
813000	149604000
814000	151595000
815000	149606000
816000	150659000
817000	151595000
818000	151593000
819000	151594000
820000	153525000
821000	151529000
822000	150596000
823000	153563000
824000	151554000
825000	152592000
826000	154585000
827000	151596000
828000	149599000
829000	154624000
830000	152593000
831000	156583000
832000	152593000
833000	153589000
834000	152616000
835000	157578000
836000	155558000
837000	153587000
838000	156642000
839000	155582000
840000	154586000
841000	155516000
842000	154584000
843000	155563000
844000	155608000
845000	154585000
846000	154615000
847000	155584000
848000	157640000
849000	156584000
850000	155588000
851000	157541000
852000	159574000
853000	155522000
854000	156586000
855000	158584000
856000	158575000
857000	157589000
858000	158513000
859000	159599000
860000	158594000
861000	156584000
862000	157580000
863000	161568000
864000	159573000
865000	159573000
866000	158574000
867000	159574000
868000	164559000
869000	161566000
870000	159599000
871000	161568000
872000	163582000
873000	165555000
874000	162587000
875000	163557000
876000	162546000
877000	164561000
878000	163564000
879000	164561000
880000	165563000
881000	165557000
882000	163564000
883000	163564000
884000	163581000
885000	164625000
886000	160574000
887000	163562000
888000	164558000
889000	165556000
890000	164517000
891000	165557000
892000	168548000
893000	163605000
894000	165557000
895000	165562000
896000	166552000
897000	165624000
898000	165562000
899000	170541000
900000	168550000
901000	169543000
902000	168578000
903000	169569000
904000	166517000
905000	170576000
906000	167553000
907000	170567000
908000	170551000
909000	170541000
910000	169607000
911000	169544000
912000	170543000
913000	169549000
914000	172536000
915000	170544000
916000	170542000
917000	170483000
918000	172537000
919000	172474000
920000	175531000
921000	170541000
922000	173535000
923000	171542000
924000	174533000
925000	169546000
926000	172645000
927000	171601000
928000	174554000
929000	175593000
930000	175530000
931000	173536000
932000	172538000
933000	177501000
934000	174533000
935000	171541000
936000	174508000
937000	174532000
938000	173498000
939000	174533000
940000	174533000
941000	180517000
942000	175538000
943000	177525000
944000	176502000
945000	177533000
946000	176527000
947000	175560000
948000	176506000
949000	177502000
950000	176526000
951000	176465000
952000	178498000
953000	178520000
954000	177523000
955000	178522000
956000	180514000
957000	179540000
958000	180517000
959000	181513000
960000	178520000
961000	180536000
962000	183509000
963000	181452000
964000	183574000
965000	181516000
966000	180552000
967000	185479000
968000	180579000
969000	181513000
970000	182512000
971000	181454000
972000	179534000
973000	180542000
974000	188496000
975000	180574000
976000	181517000
977000	181516000
978000	181452000
979000	189493000
980000	183505000
981000	186503000
982000	182452000
983000	184507000
984000	181514000
985000	184504000
986000	184507000
987000	186538000
988000	190529000
989000	184506000
990000	188495000
991000	184506000
992000	188433000
993000	188521000
994000	185506000
995000	189468000
996000	186564000
997000	188495000
998000	185540000
999000	189493000
1000000	187498000
1000	0
2000	0
3000	0
4000	997000
5000	0
6000	0
7000	0
8000	0
9000	998000
10000	998000
11000	997000
12000	998000
13000	997000
14000	997000
15000	997000
16000	2012000
17000	2042000
18000	1977000
19000	1995000
20000	1998000
21000	1998000
22000	2994000
23000	1995000
24000	3057000
25000	3057000
26000	3056000
27000	2993000
28000	2995000
29000	3993000
30000	3993000
31000	3993000
32000	3988000
33000	3994000
34000	3994000
35000	3989000
36000	4987000
37000	4989000
38000	5053000
39000	5047000
40000	5048000
41000	5043000
42000	6051000
43000	5003000
44000	6046000
45000	6046000
46000	6004000
47000	6009000
48000	6049000
49000	6982000
50000	5999000
51000	6002000
52000	7043000
53000	7044000
54000	7043000
55000	7044000
56000	6997000
57000	8039000
58000	7973000
59000	8041000
60000	6984000
61000	7935000
62000	8000000
63000	7993000
64000	9037000
65000	8977000
66000	9038000
67000	9037000
68000	10034000
69000	8994000
70000	8992000
71000	8976000
72000	9973000
73000	9983000
74000	9989000
75000	11938000
76000	11033000
77000	10994000
78000	11031000
79000	9977000
80000	11033000
81000	12049000
82000	10987000
83000	11926000
84000	11968000
85000	11960000
86000	11906000
87000	11967000
88000	12029000
89000	11970000
90000	11953000
91000	11967000
92000	13025000
93000	12903000
94000	12920000
95000	12965000
96000	13959000
97000	13028000
98000	13970000
99000	13982000
100000	13982000
101000	13900000
102000	13962000
103000	14960000
104000	13900000
105000	14984000
106000	14979000
107000	14979000
108000	14960000
109000	14897000
110000	15958000
111000	16025000
112000	15953000
113000	15957000
114000	15956000
115000	16957000
116000	16956000
117000	16925000
118000	16954000
119000	16892000
120000	17948000
121000	16954000
122000	16934000
123000	16886000
124000	16954000
125000	17957000
126000	17951000
127000	18897000
128000	17947000
129000	18014000
130000	18946000
131000	19944000
132000	18927000
133000	19919000
134000	18909000
135000	19921000
136000	19946000
137000	20013000
138000	19886000
139000	19946000
140000	19884000
141000	19918000
142000	20943000
143000	20902000
144000	20919000
145000	21940000
146000	20944000
147000	21876000
148000	21943000
149000	21914000
150000	22975000
151000	23002000
152000	22944000
153000	22940000
154000	22940000
155000	22913000
156000	23001000
157000	23951000
158000	23933000
159000	22915000
160000	23957000
161000	23870000
162000	24871000
163000	23873000
164000	24912000
165000	25004000
166000	24941000
167000	24926000
168000	24871000
169000	24933000
170000	25930000
171000	25934000
172000	25927000
173000	25932000
174000	26926000
175000	25932000
176000	26928000
177000	27925000
178000	26907000
179000	26928000
180000	26927000
181000	27976000
182000	27926000
183000	26970000
184000	27926000
185000	28918000
186000	28987000
187000	27896000
188000	28921000
189000	28984000
190000	28924000
191000	28984000
192000	29874000
193000	29924000
194000	28858000
195000	28988000
196000	29896000
197000	29921000
198000	29960000
199000	29916000
200000	29922000
201000	33888000
202000	30896000
203000	30913000
204000	30853000
205000	30917000
206000	30959000
207000	31977000
208000	31890000
209000	32872000
210000	32921000
211000	32909000
212000	32913000
213000	32912000
214000	32913000
215000	32973000
216000	33953000
217000	32952000
218000	33910000
219000	34906000
220000	33920000
221000	33899000
222000	33908000
223000	33911000
224000	34858000
225000	34984000
226000	34907000
227000	35945000
228000	35908000
229000	35978000
230000	35905000
231000	36942000
232000	36865000
233000	36901000
234000	36902000
235000	35971000
236000	37965000
237000	36942000
238000	36966000
239000	36880000
240000	37964000
241000	37837000
242000	37900000
243000	37941000
244000	38897000
245000	38899000
246000	37965000
247000	38914000
248000	38894000
249000	38896000
250000	38856000
251000	40919000
252000	39929000
253000	39897000
254000	39855000
255000	39961000
256000	40958000
257000	40897000
258000	40915000
259000	42885000
260000	40894000
261000	41899000
262000	41894000
263000	41912000
264000	40956000
265000	41892000
266000	41887000
267000	42884000
268000	41869000
269000	42867000
270000	42910000
271000	42882000
272000	42885000
273000	42819000
274000	43883000
275000	43882000
276000	43862000
277000	43929000
278000	43881000
279000	43881000
280000	44880000
281000	44882000
282000	43882000
283000	44881000
284000	45879000
285000	45878000
286000	45877000
287000	45878000
288000	45877000
289000	45878000
290000	46874000
291000	46875000
292000	46874000
293000	47870000
294000	47873000
295000	48875000
296000	47833000
297000	47872000
298000	47937000
299000	47933000
300000	47873000
301000	47878000
302000	47872000
303000	48875000
304000	48846000
305000	47870000
306000	49867000
307000	48808000
308000	48867000
309000	49867000
310000	50842000
311000	50924000
312000	49906000
313000	50864000
314000	51842000
315000	50865000
316000	51865000
317000	50870000
318000	50908000
319000	51860000
320000	50869000
321000	51864000
322000	53833000
323000	52865000
324000	52863000
325000	52797000
326000	52888000
327000	53923000
328000	52864000
329000	52858000
330000	53922000
331000	53795000
332000	53894000
333000	53856000
334000	55854000
335000	54881000
336000	54857000
337000	55917000
338000	55850000
339000	54851000
340000	55851000
341000	56871000
342000	55849000
343000	55850000
344000	55850000
345000	55859000
346000	56848000
347000	56848000
348000	56852000
349000	60819000
350000	57810000
351000	58844000
352000	57845000
353000	57845000
354000	57844000
355000	58782000
356000	58781000
357000	58912000
358000	58885000
359000	58843000
360000	58872000
361000	59779000
362000	58844000
363000	59902000
364000	59841000
365000	59851000
366000	59838000
367000	60842000
368000	60902000
369000	61774000
370000	61839000
371000	60876000
372000	62837000
373000	60905000
374000	61836000
375000	61842000
376000	62830000
377000	63834000
378000	63829000
379000	62828000
380000	63767000
381000	62811000
382000	63897000
383000	62862000
384000	63766000
385000	63831000
386000	63901000
387000	63831000
388000	63829000
389000	63895000
390000	64831000
391000	65805000
392000	64806000
393000	65824000
394000	65786000
395000	65822000
396000	66831000
397000	66758000
398000	67797000
399000	65826000
400000	67817000
401000	66821000
402000	66783000
403000	66822000
404000	67822000
405000	68755000
406000	68816000
407000	67885000
408000	67829000
409000	68789000
410000	68881000
411000	68824000
412000	67819000
413000	70810000
414000	68845000
415000	68796000
416000	68797000
417000	69853000
418000	69814000
419000	71835000
420000	70850000
421000	70814000
422000	70817000
423000	71808000
424000	70790000
425000	72811000
426000	70815000
427000	71816000
428000	72785000
429000	71815000
430000	72810000
431000	72806000
432000	71851000
433000	72809000
434000	72868000
435000	73806000
436000	73802000
437000	73802000
438000	78726000
439000	78788000
440000	77792000
441000	81782000
442000	79786000
443000	79849000
444000	75859000
445000	83777000
446000	83777000
447000	83777000
448000	79786000
449000	77853000
450000	76767000
451000	76800000
452000	75805000
453000	80748000
454000	77793000
455000	78831000
456000	75797000
457000	76791000
458000	76771000
459000	77796000
460000	78794000
461000	77793000
462000	77796000
463000	79758000
464000	77796000
465000	77796000
466000	78750000
467000	79796000
468000	78789000
469000	80785000
470000	78724000
471000	79788000
472000	83775000
473000	79786000
474000	86732000
475000	90757000
476000	87767000
477000	90759000
478000	90757000
479000	83816000
480000	81784000
481000	81809000
482000	81786000
483000	82786000
484000	80786000
485000	82779000
486000	81744000
487000	82841000
488000	84770000
489000	85707000
490000	83776000
491000	83754000
492000	84856000
493000	84772000
494000	83782000
495000	84799000
496000	84777000
497000	84782000
498000	86742000
499000	84755000
500000	85836000
501000	86834000
502000	85751000
503000	88701000
504000	85753000
505000	87748000
506000	86771000
507000	85838000
508000	86812000
509000	86743000
510000	87788000
511000	86729000
512000	87765000
513000	87769000
514000	89740000
515000	88742000
516000	88741000
517000	88763000
518000	89796000
519000	88825000
520000	88698000
521000	88764000
522000	89765000
523000	90759000
524000	91752000
525000	89758000
526000	89764000
527000	91755000
528000	89761000
529000	90829000
530000	91760000
531000	90820000
532000	92728000
533000	90735000
534000	91717000
535000	91733000
536000	91822000
537000	92750000
538000	93708000
539000	93748000
540000	93747000
541000	93749000
542000	93790000
543000	94707000
544000	93685000
545000	94752000
546000	95744000
547000	93751000
548000	93747000
549000	95749000
550000	94725000
551000	95749000
552000	94813000
553000	96742000
554000	96806000
555000	98734000
556000	96742000
557000	95682000
558000	98736000
559000	97737000
560000	98777000
561000	97739000
562000	96741000
563000	98713000
564000	100695000
565000	100693000
566000	97741000
567000	98741000
568000	98756000
569000	98736000
570000	101707000
571000	100730000
572000	99755000
573000	101727000
574000	98736000
575000	101728000
576000	98737000
577000	99712000
578000	101767000
579000	101709000
580000	101746000
581000	104658000
582000	100728000
583000	103759000
584000	102726000
585000	103721000
586000	103723000
587000	102728000
588000	101728000
589000	103660000
590000	103748000
591000	103723000
592000	102661000
593000	105717000
594000	103723000
595000	104722000
596000	105715000
597000	104718000
598000	105716000
599000	104719000
600000	105716000
601000	107707000
602000	106714000
603000	107735000
604000	104728000
605000	107672000
606000	107716000
607000	106713000
608000	107735000
609000	109706000
610000	108671000
611000	106714000
612000	107649000
613000	107712000
614000	107712000
615000	108711000
616000	108709000
617000	108708000
618000	109707000
619000	110765000
620000	107712000
621000	108688000
622000	109707000
623000	111706000
624000	109731000
625000	108772000
626000	111701000
627000	109682000
628000	109711000
629000	110707000
630000	112662000
631000	111720000
632000	112699000
633000	113694000
634000	111701000
635000	110704000
636000	111703000
637000	112697000
638000	113697000
639000	111701000
640000	113696000
641000	115691000
642000	114723000
643000	114692000
644000	113696000
645000	116688000
646000	114693000
647000	113700000
648000	118744000
649000	117683000
650000	115690000
651000	114630000
652000	116688000
653000	115688000
654000	115691000
655000	117685000
656000	118681000
657000	117623000
658000	118683000
659000	116718000
660000	117674000
661000	116690000
662000	118683000
663000	120677000
664000	120677000
665000	119681000
666000	120677000
667000	120677000
668000	117684000
669000	119680000
670000	122672000
671000	119619000
672000	120679000
673000	120709000
674000	119661000
675000	122674000
676000	120678000
677000	121673000
678000	121673000
679000	122649000
680000	122672000
681000	123668000
682000	123670000
683000	127660000
684000	122610000
685000	124666000
686000	121673000
687000	124664000
688000	122739000
689000	122670000
690000	122677000
691000	124668000
692000	123667000
693000	123651000
694000	123672000
695000	125665000
696000	124668000
697000	126600000
698000	125664000
699000	125664000
700000	125664000
701000	127620000
702000	125623000
703000	128656000
704000	126723000
705000	129653000
706000	126661000
707000	125662000
708000	125662000
709000	128654000
710000	129591000
711000	128722000
712000	127683000
713000	128656000
714000	126661000
715000	129652000
716000	130651000
717000	131647000
718000	127657000
719000	129653000
720000	128637000
721000	131649000
722000	129657000
723000	128660000
724000	130675000
725000	128659000
726000	130681000
727000	131608000
728000	132648000
729000	132644000
730000	132710000
731000	132649000
732000	133650000
733000	132643000
734000	131713000
735000	131715000
736000	134671000
737000	133641000
738000	134664000
739000	131649000
740000	133711000
741000	134702000
742000	135663000
743000	132714000
744000	136634000
745000	134639000
746000	135641000
747000	135643000
748000	136611000
749000	136636000
750000	138606000
751000	137636000
752000	136700000
753000	135638000
754000	136599000
755000	137630000
756000	138651000
757000	137636000
758000	139630000
759000	138629000
760000	138609000
761000	137633000
762000	138628000
763000	139624000
764000	139665000
765000	137594000
766000	140585000
767000	138628000
768000	139619000
769000	141559000
770000	139654000
771000	141623000
772000	140653000
773000	142680000
774000	140561000
775000	140623000
776000	142599000
777000	140622000
778000	141619000
779000	141600000
780000	142618000
781000	143616000
782000	143614000
783000	144612000
784000	142618000
785000	143645000
786000	143644000
787000	149606000
788000	141621000
789000	142640000
790000	144613000
791000	143621000
792000	141643000
793000	146675000
794000	144617000
795000	144677000
796000	145647000
797000	149600000
798000	147605000
799000	147568000
800000	146629000
801000	151598000
802000	146614000
803000	146601000
804000	147630000
805000	146638000
806000	146582000
807000	148603000
808000	147604000
809000	148628000
810000	146588000
811000	149539000
812000	148603000
813000	151593000
814000	148600000
815000	150595000
816000	150595000
817000	152593000
818000	149602000
819000	150595000
820000	150598000
821000	150598000
822000	152591000
823000	152652000
824000	151574000
825000	150596000
826000	150595000
827000	153588000
828000	153654000
829000	152593000
830000	152654000
831000	152592000
832000	150597000
833000	155556000
834000	153620000
835000	157578000
836000	153591000
837000	155583000
838000	154587000
839000	154587000
840000	152594000
841000	154587000
842000	154586000
843000	155558000
844000	156581000
845000	155585000
846000	156580000
847000	159634000
848000	154653000
849000	157576000
850000	155561000
851000	156606000
852000	156624000
853000	157578000
854000	159574000
855000	157555000
856000	158512000
857000	157602000
858000	158576000
859000	161546000
860000	161571000
861000	161557000
862000	168548000
863000	157577000
864000	161549000
865000	161568000
866000	162572000
867000	160590000
868000	159592000
869000	160570000
870000	162565000
871000	162625000
872000	160569000
873000	163495000
874000	160571000
875000	162630000
876000	161562000
877000	165566000
878000	161576000
879000	164535000
880000	164560000
881000	161567000
882000	167552000
883000	163564000
884000	164562000
885000	165557000
886000	161566000
887000	165555000
888000	163585000
889000	164566000
890000	165557000
891000	166556000
892000	168593000
893000	165558000
894000	164561000
895000	165554000
896000	171515000
897000	169520000
898000	166553000
899000	169550000
900000	165557000
901000	165556000
902000	170544000
903000	168549000
904000	167550000
905000	167551000
906000	166556000
907000	167552000
908000	168527000
909000	168548000
910000	170543000
911000	171578000
912000	171540000
913000	170544000
914000	169525000
915000	168550000
916000	172563000
917000	171541000
918000	172537000
919000	173539000
920000	171555000
921000	172539000
922000	170518000
923000	171539000
924000	170542000
925000	173535000
926000	174533000
927000	174535000
928000	173536000
929000	173535000
930000	171541000
931000	173536000
932000	174557000
933000	172475000
934000	174532000
935000	175530000
936000	172563000
937000	174533000
938000	175596000
939000	174470000
940000	175530000
941000	178496000
942000	180539000
943000	173538000
944000	178523000
945000	176510000
946000	176551000
947000	177524000
948000	178517000
949000	177523000
950000	183446000
951000	176528000
952000	179522000
953000	178519000
954000	175554000
955000	179519000
956000	181513000
957000	177486000
958000	180579000
959000	181516000
960000	178485000
961000	178522000
962000	181514000
963000	178524000
964000	179525000
965000	180474000
966000	181517000
967000	184510000
968000	182511000
969000	183507000
970000	182510000
971000	182513000
972000	180518000
973000	181577000
974000	183508000
975000	182512000
976000	183572000
977000	183535000
978000	187496000
979000	183572000
980000	183509000
981000	186439000
982000	184568000
983000	182517000
984000	183510000
985000	187476000
986000	183534000
987000	184507000
988000	185503000
989000	190518000
990000	186502000
991000	185507000
992000	184612000
993000	186499000
994000	184506000
995000	186506000
996000	187476000
997000	190490000
998000	191489000
999000	186501000
1000000	186501000
1000	0
2000	0
3000	1001000
4000	0
5000	0
6000	0
7000	999000
8000	997000
9000	998000
10000	998000
11000	996000
12000	998000
13000	997000
14000	1995000
15000	1995000
16000	1995000
17000	997000
18000	1996000
19000	1997000
20000	2991000
21000	2048000
22000	1997000
23000	2996000
24000	3035000
25000	2991000
26000	3084000
27000	2995000
28000	3058000
29000	4005000
30000	3051000
31000	3011000
32000	3989000
33000	4028000
34000	4052000
35000	3992000
36000	4010000
37000	4969000
38000	4987000
39000	5026000
40000	5048000
41000	5006000
42000	5049000
43000	5985000
44000	5007000
45000	6047000
46000	6046000
47000	6004000
48000	6052000
49000	6047000
50000	6983000
51000	6003000
52000	6981000
53000	7043000
54000	7044000
55000	7000000
56000	7001000
57000	7043000
58000	8043000
59000	7978000
60000	7978000
61000	8040000
62000	8041000
63000	7998000
64000	8975000
65000	8935000
66000	8975000
67000	8996000
68000	9973000
69000	8970000
70000	10035000
71000	9994000
72000	9999000
73000	9974000
74000	9997000
75000	9995000
76000	9993000
77000	10034000
78000	11032000
79000	9980000
80000	10971000
81000	10998000
82000	10988000
83000	10909000
84000	10990000
85000	11964000
86000	11991000
87000	11968000
88000	11962000
89000	12986000
90000	12966000
91000	12965000
92000	11989000
93000	12986000
94000	12969000
95000	12965000
96000	12957000
97000	12964000
98000	13983000
99000	13962000
100000	14979000
101000	13967000
102000	14897000
103000	14960000
104000	13964000
105000	14984000
106000	14898000
107000	14960000
108000	15957000
109000	14960000
110000	15955000
111000	15977000
112000	15956000
113000	16021000
114000	15944000
115000	16976000
116000	15957000
117000	16956000
118000	16953000
119000	17016000
120000	16953000
121000	16981000
122000	17889000
123000	17890000
124000	17927000
125000	17955000
126000	17943000
127000	17950000
128000	18943000
129000	18950000
130000	18949000
131000	19968000
132000	19918000
133000	18888000
134000	19883000
135000	19981000
136000	19949000
137000	19945000
138000	21005000
139000	20943000
140000	20946000
141000	20882000
142000	20969000
143000	20944000
144000	20942000
145000	20942000
146000	20919000
147000	20920000
148000	21919000
149000	21879000
150000	22940000
151000	22877000
152000	22911000
153000	22946000
154000	21880000
155000	22914000
156000	22940000
157000	22940000
158000	23937000
159000	23934000
160000	22937000
161000	23934000
162000	24002000
163000	23936000
164000	23936000
165000	24907000
166000	24004000
167000	24931000
168000	24869000
169000	25929000
170000	25929000
171000	24933000
172000	25931000
173000	25927000
174000	25932000
175000	26976000
176000	25932000
177000	27871000
178000	26927000
179000	25935000
180000	27926000
181000	27925000
182000	26929000
183000	27927000
184000	27924000
185000	27925000
186000	27991000
187000	27917000
188000	28911000
189000	28970000
190000	28945000
191000	28923000
192000	29957000
193000	29894000
194000	28859000
195000	29858000
196000	29924000
197000	29961000
198000	30852000
199000	29916000
200000	30893000
201000	30983000
202000	30915000
203000	30919000
204000	31912000
205000	30915000
206000	30895000
207000	30918000
208000	31911000
209000	31944000
210000	32913000
211000	32913000
212000	32912000
213000	31915000
214000	32900000
215000	32891000
216000	32974000
217000	33910000
218000	33877000
219000	36936000
220000	33913000
221000	33975000
222000	34881000
223000	34907000
224000	34886000
225000	34904000
226000	34947000
227000	35902000
228000	35947000
229000	34910000
230000	35907000
231000	37836000
232000	35944000
233000	35944000
234000	36962000
235000	36900000
236000	36879000
237000	36901000
238000	36900000
239000	36952000
240000	37899000
241000	37899000
242000	37899000
243000	37900000
244000	37898000
245000	38893000
246000	38874000
247000	39957000
248000	38896000
249000	38896000
250000	39893000
251000	38872000
252000	39894000
253000	38899000
254000	41892000
255000	39891000
256000	39832000
257000	40891000
258000	40892000
259000	40890000
260000	40889000
261000	41939000
262000	41926000
263000	41886000
264000	41889000
265000	41958000
266000	41889000
267000	41888000
268000	42885000
269000	43857000
270000	42886000
271000	42898000
272000	42951000
273000	43924000
274000	44879000
275000	42891000
276000	44918000
277000	43887000
278000	43886000
279000	44861000
280000	44884000
281000	44882000
282000	44860000
283000	44884000
284000	45882000
285000	46880000
286000	44947000
287000	46854000
288000	45920000
289000	46911000
290000	46946000
291000	46942000
292000	46872000
293000	46875000
294000	46815000
295000	47916000
296000	47870000
297000	46875000
298000	48869000
299000	48871000
300000	47872000
301000	48871000
302000	47873000
303000	48869000
304000	49866000
305000	49867000
306000	48870000
307000	49867000
308000	49867000
309000	49805000
310000	49865000
311000	50843000
312000	49867000
313000	50863000
314000	50865000
315000	49866000
316000	50862000
317000	51860000
318000	50905000
319000	51800000
320000	51895000
321000	51901000
322000	51823000
323000	55822000
324000	51869000
325000	53876000
326000	52902000
327000	51894000
328000	52864000
329000	53858000
330000	53840000
331000	54920000
332000	54859000
333000	53854000
334000	56917000
335000	53857000
336000	54851000
337000	54858000
338000	55914000
339000	55851000
340000	56849000
341000	54919000
342000	54855000
343000	56913000
344000	55853000
345000	56847000
346000	55855000
347000	56828000
348000	57850000
349000	56894000
350000	57843000
351000	57848000
352000	57846000
353000	57847000
354000	57846000
355000	57843000
356000	58848000
357000	57905000
358000	59843000
359000	59901000
360000	57849000
361000	59843000
362000	58824000
363000	61769000
364000	59839000
365000	59913000
366000	59845000
367000	60843000
368000	59885000
369000	60822000
370000	61835000
371000	61838000
372000	60836000
373000	61881000
374000	61813000
375000	61881000
376000	61876000
377000	62830000
378000	62833000
379000	62841000
380000	63830000
381000	63836000
382000	63834000
383000	63832000
384000	62858000
385000	63829000
386000	63790000
387000	65889000
388000	63769000
389000	63896000
390000	64891000
391000	65824000
392000	65821000
393000	65824000
394000	63830000
395000	66820000
396000	65891000
397000	67797000
398000	65828000
399000	65829000
400000	67885000
401000	66801000
402000	66821000
403000	66883000
404000	66824000
405000	67817000
406000	67817000
407000	67819000
408000	67817000
409000	69817000
410000	68857000
411000	68795000
412000	79792000
413000	68821000
414000	69818000
415000	69813000
416000	70772000
417000	68818000
418000	70819000
419000	69854000
420000	70810000
421000	71809000
422000	69792000
423000	70812000
424000	71808000
425000	71812000
426000	72843000
427000	72805000
428000	70810000
429000	70811000
430000	72865000
431000	72803000
432000	72803000
433000	72807000
434000	74815000
435000	73783000
436000	73807000
437000	73801000
438000	72804000
439000	74803000
440000	72805000
441000	77772000
442000	75734000
443000	75818000
444000	76797000
445000	75797000
446000	74798000
447000	75796000
448000	73808000
449000	77854000
450000	76856000
451000	75797000
452000	75866000
453000	76776000
454000	78856000
455000	78794000
456000	76823000
457000	77791000
458000	77793000
459000	77792000
460000	79795000
461000	77730000
462000	76800000
463000	77792000
464000	79766000
465000	77731000
466000	79786000
467000	79787000
468000	79791000
469000	79726000
470000	79726000
471000	79787000
472000	79725000
473000	81848000
474000	79854000
475000	80786000
476000	82751000
477000	80810000
478000	81785000
479000	80820000
480000	80781000
481000	80790000
482000	83782000
483000	81783000
484000	82779000
485000	82784000
486000	83778000
487000	85734000
488000	82807000
489000	82760000
490000	83755000
491000	85779000
492000	83755000
493000	87765000
494000	83777000
495000	85799000
496000	84748000
497000	84773000
498000	84748000
499000	84840000
500000	83837000
501000	85769000
502000	85770000
503000	87767000
504000	86766000
505000	84773000
506000	86793000
507000	87765000
508000	88761000
509000	86791000
510000	85751000
511000	86768000
512000	89767000
513000	87744000
514000	88726000
515000	87765000
516000	88763000
517000	88761000
518000	89759000
519000	90734000
520000	89759000
521000	89759000
522000	89758000
523000	137632000
524000	127656000
525000	96741000
526000	90755000
527000	90758000
528000	92750000
529000	91755000
530000	90788000
531000	91762000
532000	93685000
533000	96679000
534000	93814000
535000	93756000
536000	95747000
537000	92691000
538000	94746000
539000	93809000
540000	92781000
541000	93816000
542000	94729000
543000	96740000
544000	95744000
545000	95744000
546000	95681000
547000	94751000
548000	96739000
549000	96805000
550000	97738000
551000	96803000
552000	96742000
553000	97740000
554000	96740000
555000	95742000
556000	96742000
557000	95746000
558000	98738000
559000	98736000
560000	96741000
561000	97744000
562000	99796000
563000	99733000
564000	97718000
565000	98736000
566000	101726000
567000	100732000
568000	99796000
569000	100690000
570000	99732000
571000	101728000
572000	102729000
573000	99735000
574000	99734000
575000	100730000
576000	101728000
577000	103723000
578000	103723000
579000	102725000
580000	104719000
581000	102724000
582000	103722000
583000	103724000
584000	102725000
585000	101728000
586000	102751000
587000	103721000
588000	103788000
589000	107714000
590000	103722000
591000	104722000
592000	103718000
593000	104722000
594000	107712000
595000	103723000
596000	104717000
597000	106677000
598000	107711000
599000	104721000
600000	106735000
601000	107773000
602000	109705000
603000	107710000
604000	107778000
605000	106721000
606000	108731000
607000	108710000
608000	109646000
609000	107774000
610000	108709000
611000	107710000
612000	109707000
613000	106715000
614000	112673000
615000	109775000
616000	109644000
617000	108709000
618000	108689000
619000	112674000
620000	109707000
621000	109737000
622000	112728000
623000	109756000
624000	111701000
625000	112699000
626000	109767000
627000	109670000
628000	110727000
629000	110702000
630000	114655000
631000	114694000
632000	112698000
633000	112698000
634000	111724000
635000	112661000
636000	111701000
637000	112699000
638000	112702000
639000	112635000
640000	111762000
641000	113725000
642000	115717000
643000	114754000
644000	114731000
645000	112698000
646000	114690000
647000	115690000
648000	113696000
649000	115695000
650000	113696000
651000	114693000
652000	114756000
653000	115688000
654000	115692000
655000	115666000
656000	115694000
657000	116692000
658000	115690000
659000	118705000
660000	118679000
661000	119680000
662000	118683000
663000	116688000
664000	119680000
665000	117685000
666000	119680000
667000	117646000
668000	121699000
669000	120675000
670000	121673000
671000	120652000
672000	120686000
673000	119617000
674000	120675000
675000	119705000
676000	123607000
677000	120683000
678000	120655000
679000	121675000
680000	120675000
681000	122671000
682000	121674000
683000	121674000
684000	122671000
685000	121650000
686000	122689000
687000	122670000
688000	124666000
689000	123667000
690000	122670000
691000	125600000
692000	123670000
693000	124687000
694000	124647000
695000	124628000
696000	125639000
697000	125692000
698000	125664000
699000	127621000
700000	126661000
701000	123707000
702000	127660000
703000	126729000
704000	125670000
705000	126722000
706000	124664000
707000	126663000
708000	125662000
709000	127618000
710000	128658000
711000	130723000
712000	126638000
713000	128697000
714000	127660000
715000	129650000
716000	128717000
717000	129682000
718000	130652000
719000	130645000
720000	130671000
721000	130651000
722000	129657000
723000	129633000
724000	130651000
725000	134670000
726000	130650000
727000	132665000
728000	134643000
729000	130688000
730000	132645000
731000	132643000
732000	132646000
733000	133709000
734000	134643000
735000	132649000
736000	135636000
737000	133648000
738000	132686000
739000	132649000
740000	132681000
741000	133636000
742000	134638000
743000	135577000
744000	139626000
745000	135637000
746000	135638000
747000	135688000
748000	137631000
749000	139627000
750000	137632000
751000	134637000
752000	136635000
753000	138629000
754000	136634000
755000	138627000
756000	135697000
757000	137657000
758000	139627000
759000	139636000
760000	137633000
761000	139632000
762000	137644000
763000	143636000
764000	138604000
765000	140623000
766000	138563000
767000	137630000
768000	138629000
769000	137630000
770000	137632000
771000	139626000
772000	139631000
773000	140623000
774000	139627000
775000	141621000
776000	141621000
777000	140623000
778000	140624000
779000	141648000
780000	140626000
781000	143580000
782000	144617000
783000	144677000
784000	143580000
785000	141623000
786000	143614000
787000	141617000
788000	143615000
789000	145636000
790000	146544000
791000	144586000
792000	148600000
793000	142618000
794000	146608000
795000	144544000
796000	143615000
797000	145611000
798000	145595000
799000	147629000
800000	149597000
801000	146615000
802000	147590000
803000	146559000
804000	145612000
805000	149600000
806000	152655000
807000	149574000
808000	148602000
809000	147602000
810000	149602000
811000	149598000
812000	149598000
813000	147610000
814000	146585000
815000	148666000
816000	149580000
817000	150595000
818000	150576000
819000	149604000
820000	152596000
821000	152592000
822000	150535000
823000	151534000
824000	153590000
825000	155581000
826000	150623000
827000	151595000
828000	155554000
829000	152592000
830000	161506000
831000	165620000
832000	155585000
833000	149600000
834000	155588000
835000	152612000
836000	153591000
837000	156558000
838000	156608000
839000	155585000
840000	154587000
841000	154585000
842000	152594000
843000	159579000
844000	162586000
845000	153615000
846000	159574000
847000	157641000
848000	156582000
849000	153587000
850000	155584000
851000	155584000
852000	154561000
853000	157556000
854000	159638000
855000	159595000
856000	162594000
857000	160545000
858000	157558000
859000	157576000
860000	164560000
861000	160571000
862000	159641000
863000	161543000
864000	162564000
865000	160532000
866000	158578000
867000	161568000
868000	158576000
869000	160572000
870000	161506000
871000	162567000
872000	162563000
873000	159575000
874000	162564000
875000	163563000
876000	164537000
877000	165626000
878000	162546000
879000	162567000
880000	165581000
881000	163561000
882000	165558000
883000	163597000
884000	163563000
885000	167552000
886000	163565000
887000	164561000
888000	165519000
889000	167550000
890000	166536000
891000	166554000
892000	168548000
893000	166554000
894000	170542000
895000	165555000
896000	166489000
897000	168549000
898000	165555000
899000	165556000
900000	170523000
901000	165557000
902000	168611000
903000	170520000
904000	168547000
905000	168549000
906000	168617000
907000	168548000
908000	170549000
909000	168549000
910000	167552000
911000	170505000
912000	169547000
913000	172608000
914000	169488000
915000	167556000
916000	172512000
917000	170548000
918000	171516000
919000	170544000
920000	171542000
921000	172514000
922000	172600000
923000	173537000
924000	169521000
925000	174507000
926000	172512000
927000	173516000
928000	173509000
929000	172540000
930000	174532000
931000	175532000
932000	174535000
933000	173535000
934000	174533000
935000	175533000
936000	174508000
937000	174509000
938000	178522000
939000	176505000
940000	174564000
941000	175502000
942000	175556000
943000	176461000
944000	180517000
945000	175469000
946000	177525000
947000	174558000
948000	177517000
949000	178592000
950000	177526000
951000	176529000
952000	177525000
953000	181515000
954000	192486000
955000	178113000
956000	178497000
957000	181514000
958000	184509000
959000	178517000
960000	184487000
961000	181514000
962000	181476000
963000	178523000
964000	181540000
965000	182549000
966000	183532000
967000	180579000
968000	180516000
969000	181511000
970000	181514000
971000	182510000
972000	183510000
973000	181516000
974000	184507000
975000	183535000
976000	181515000
977000	185503000
978000	184505000
979000	184506000
980000	186499000
981000	182511000
982000	185461000
983000	185474000
984000	187460000
985000	182550000
986000	187561000
987000	191425000
988000	186432000
989000	190429000
990000	187503000
991000	184505000
992000	185477000
993000	187500000
994000	184507000
995000	186562000
996000	188521000
997000	185504000
998000	187472000
999000	190493000
1000000	189518000
1000	0
2000	997000
3000	0
4000	0
5000	0
6000	0
7000	0
8000	0
9000	1030000
10000	997000
11000	998000
12000	996000
13000	1994000
14000	1995000
15000	1995000
16000	1999000
17000	1994000
18000	1996000
19000	1998000
20000	2304000
21000	1997000
22000	1997000
23000	2995000
24000	2996000
25000	2996000
26000	2996000
27000	2996000
28000	3013000
29000	4048000
30000	3047000
31000	3996000
32000	4042000
33000	3991000
34000	3989000
35000	4988000
36000	3986000
37000	4985000
38000	5048000
39000	5050000
40000	5050000
41000	5048000
42000	6029000
43000	5051000
44000	6044000
45000	5983000
46000	5982000
47000	5946000
48000	6021000
49000	6982000
50000	7042000
51000	7042000
52000	6939000
53000	7047000
54000	7045000
55000	7978000
56000	7005000
57000	8039000
58000	8039000
59000	8040000
60000	8040000
61000	8043000
62000	9036000
63000	9039000
64000	9002000
65000	8976000
66000	8997000
67000	9036000
68000	9974000
69000	9001000
70000	8974000
71000	8974000
72000	8975000
73000	9995000
74000	10020000
75000	9985000
76000	9908000
77000	10971000
78000	10987000
79000	11034000
80000	9973000
81000	10929000
82000	11969000
83000	11969000
84000	11996000
85000	12923000
86000	11989000
87000	11969000
88000	11967000
89000	12029000
90000	13001000
91000	11969000
92000	13031000
93000	12963000
94000	13900000
95000	13963000
96000	12902000
97000	12964000
98000	13982000
99000	13973000
100000	15917000
101000	14023000
102000	14959000
103000	13982000
104000	13957000
105000	14958000
106000	14961000
107000	15914000
108000	14962000
109000	14959000
110000	15021000
111000	15953000
112000	15897000
113000	16952000
114000	15955000
115000	16955000
116000	16955000
117000	16955000
118000	15958000
119000	17974000
120000	16955000
121000	17016000
122000	17971000
123000	17890000
124000	17958000
125000	18887000
126000	17938000
127000	17975000
128000	18950000
129000	18952000
130000	18946000
131000	19946000
132000	18950000
133000	19010000
134000	18886000
135000	18948000
136000	20009000
137000	19949000
138000	19948000
139000	19906000
140000	20945000
141000	21945000
142000	19947000
143000	20945000
144000	20944000
145000	20943000
146000	20942000
147000	20937000
148000	21913000
149000	22877000
150000	21917000
151000	21979000
152000	22937000
153000	22936000
154000	22939000
155000	23001000
156000	22937000
157000	22939000
158000	23934000
159000	24001000
160000	24003000
161000	24932000
162000	26941000
163000	23936000
164000	23999000
165000	24908000
166000	24935000
167000	24934000
168000	24930000
169000	24995000
170000	25997000
171000	25008000
172000	24930000
173000	25935000
174000	26987000
175000	25971000
176000	26927000
177000	26926000
178000	26926000
179000	26929000
180000	27925000
181000	27863000
182000	27925000
183000	27924000
184000	27925000
185000	27925000
186000	27925000
187000	28930000
188000	28985000
189000	28967000
190000	28900000
191000	28926000
192000	28989000
193000	29962000
194000	29991000
195000	28929000
196000	29920000
197000	29985000
198000	29917000
199000	29921000
200000	29955000
201000	29924000
202000	31871000
203000	31952000
204000	30918000
205000	31955000
206000	30923000
207000	31913000
208000	31915000
209000	31915000
210000	31915000
211000	31917000
212000	32885000
213000	32979000
214000	33907000
215000	34972000
216000	33978000
217000	33900000
218000	33888000
219000	33910000
220000	34906000
221000	34907000
222000	33911000
223000	34901000
224000	34908000
225000	34907000
226000	35909000
227000	35902000
228000	35904000
229000	36908000
230000	35880000
231000	35908000
232000	36903000
233000	36893000
234000	35970000
235000	36938000
236000	36841000
237000	35969000
238000	36901000
239000	37933000
240000	37940000
241000	37921000
242000	38899000
243000	37940000
244000	38929000
245000	38938000
246000	38896000
247000	38895000
248000	38936000
249000	39954000
250000	39893000
251000	39894000
252000	39892000
253000	38896000
254000	39892000
255000	39892000
256000	40891000
257000	40890000
258000	39959000
259000	40932000
260000	40896000
261000	41887000
262000	41886000
263000	41888000
264000	41887000
265000	42886000
266000	41888000
267000	41889000
268000	42884000
269000	42822000
270000	42952000
271000	42866000
272000	42911000
273000	44917000
274000	42892000
275000	43821000
276000	43864000
277000	43864000
278000	43894000
279000	43821000
280000	44878000
281000	43882000
282000	44880000
283000	44878000
284000	44920000
285000	44880000
286000	44892000
287000	45876000
288000	44859000
289000	46877000
290000	45881000
291000	46916000
292000	45880000
293000	47870000
294000	47871000
295000	46879000
296000	46877000
297000	47939000
298000	47903000
299000	47878000
300000	47873000
301000	48807000
302000	48902000
303000	48854000
304000	48871000
305000	49869000
306000	49865000
307000	49865000
308000	48870000
309000	49866000
310000	49842000
311000	49928000
312000	49898000
313000	50801000
314000	49870000
315000	50840000
316000	51860000
317000	50864000
318000	50839000
319000	51860000
320000	51865000
321000	51862000
322000	51870000
323000	51927000
324000	52903000
325000	53832000
326000	52873000
327000	52858000
328000	52900000
329000	53792000
330000	53858000
331000	53816000
332000	53861000
333000	54850000
334000	53856000
335000	54853000
336000	53840000
337000	54916000
338000	56847000
339000	56848000
340000	54832000
341000	55876000
342000	55833000
343000	55918000
344000	55833000
345000	55851000
346000	55850000
347000	56854000
348000	55831000
349000	56915000
350000	56874000
351000	57850000
352000	58848000
353000	58819000
354000	58776000
355000	58843000
356000	57843000
357000	58841000
358000	59774000
359000	58847000
360000	59869000
361000	58843000
362000	58908000
363000	59839000
364000	60819000
365000	61898000
366000	60843000
367000	60836000
368000	60881000
369000	60843000
370000	61901000
371000	60777000
372000	61831000
373000	61835000
374000	61812000
375000	61818000
376000	62831000
377000	62833000
378000	61839000
379000	61835000
380000	62762000
381000	63805000
382000	61908000
383000	63829000
384000	64831000
385000	65822000
386000	63832000
387000	63858000
388000	64829000
389000	65833000
390000	64827000
391000	66756000
392000	65822000
393000	64825000
394000	64825000
395000	65785000
396000	65786000
397000	65804000
398000	65787000
399000	66756000
400000	66821000
401000	66819000
402000	66823000
403000	68815000
404000	67822000
405000	67756000
406000	67818000
407000	67756000
408000	67818000
409000	68816000
410000	68817000
411000	68814000
412000	68814000
413000	69811000
414000	69813000
415000	68884000
416000	70812000
417000	68853000
418000	70810000
419000	70810000
420000	69881000
421000	70815000
422000	70791000
423000	71812000
424000	71808000
425000	70811000
426000	71812000
427000	71807000
428000	70855000
429000	73848000
430000	71813000
431000	72805000
432000	72829000
433000	73778000
434000	73807000
435000	73778000
436000	72869000
437000	73801000
438000	72769000
439000	74800000
440000	77837000
441000	73806000
442000	74806000
443000	76861000
444000	75800000
445000	75863000
446000	74830000
447000	75799000
448000	75798000
449000	75737000
450000	75824000
451000	76862000
452000	77791000
453000	75801000
454000	77792000
455000	76796000
456000	75796000
457000	77729000
458000	76859000
459000	78795000
460000	77729000
461000	77754000
462000	76822000
463000	78858000
464000	79765000
465000	78864000
466000	79786000
467000	79725000
468000	79786000
469000	80784000
470000	78793000
471000	79786000
472000	80786000
473000	81746000
474000	80757000
475000	80118000
476000	81781000
477000	79814000
478000	81848000
479000	81787000
480000	82849000
481000	82758000
482000	83851000
483000	83836000
484000	83751000
485000	84773000
486000	81761000
487000	83775000
488000	83777000
489000	82777000
490000	85770000
491000	82781000
492000	84759000
493000	84774000
494000	83783000
495000	85772000
496000	83775000
497000	85709000
498000	84839000
499000	84813000
500000	87791000
501000	84777000
502000	85773000
503000	86767000
504000	87748000
505000	87747000
506000	85774000
507000	86773000
508000	86765000
509000	87769000
510000	87765000
511000	89764000
512000	87768000
513000	87704000
514000	87763000
515000	87745000
516000	87765000
517000	89795000
518000	88742000
519000	88762000
520000	89803000
521000	88771000
522000	88770000
523000	89696000
524000	89772000
525000	92728000
526000	90694000
527000	92821000
528000	89827000
529000	91755000
530000	91759000
531000	92749000
532000	92752000
533000	93748000
534000	92752000
535000	93689000
536000	93713000
537000	94747000
538000	93688000
539000	94748000
540000	92759000
541000	93687000
542000	94742000
543000	93751000
544000	91754000
545000	96726000
546000	95750000
547000	93690000
548000	93749000
549000	99671000
550000	94812000
551000	95744000
552000	96740000
553000	96720000
554000	97783000
555000	95742000
556000	97739000
557000	96706000
558000	95742000
559000	96726000
560000	97781000
561000	99733000
562000	97737000
563000	96743000
564000	98736000
565000	99732000
566000	98803000
567000	98761000
568000	97739000
569000	97740000
570000	100731000
571000	99733000
572000	98741000
573000	98710000
574000	102664000
575000	101666000
576000	99800000
577000	100696000
578000	101726000
579000	101730000
580000	100729000
581000	102729000
582000	100731000
583000	103724000
584000	102753000
585000	102768000
586000	103685000
587000	101726000
588000	103723000
589000	103693000
590000	104725000
591000	104719000
592000	103723000
593000	103791000
594000	103730000
595000	103723000
596000	104718000
597000	106713000
598000	106712000
599000	104682000
600000	105713000
601000	109743000
602000	104719000
603000	106716000
604000	106715000
605000	105655000
606000	105717000
607000	109704000
608000	107711000
609000	109711000
610000	106714000
611000	106715000
612000	108734000
613000	108684000
614000	109707000
615000	107740000
616000	106781000
617000	108649000
618000	110665000
619000	109737000
620000	108733000
621000	108713000
622000	109705000
623000	110705000
624000	109707000
625000	111766000
626000	109707000
627000	113694000
628000	110683000
629000	110709000
630000	113632000
631000	112719000
632000	114693000
633000	112724000
634000	113698000
635000	117729000
636000	112633000
637000	111702000
638000	114691000
639000	112700000
640000	113660000
641000	115691000
642000	113696000
643000	113699000
644000	113726000
645000	113696000
646000	115756000
647000	113727000
648000	115691000
649000	113764000
650000	117683000
651000	118681000
652000	115728000
653000	130651000
654000	116686000
655000	115693000
656000	115689000
657000	117686000
658000	116753000
659000	117690000
660000	118678000
661000	116688000
662000	116686000
663000	117688000
664000	117623000
665000	117686000
666000	120614000
667000	120677000
668000	117689000
669000	118745000
670000	119741000
671000	116687000
672000	120675000
673000	120675000
674000	122676000
675000	120677000
676000	119752000
677000	120675000
678000	121648000
679000	120684000
680000	121613000
681000	123664000
682000	123642000
683000	120702000
684000	121718000
685000	124641000
686000	124665000
687000	122670000
688000	122695000
689000	122672000
690000	124642000
691000	123668000
692000	123629000
693000	123673000
694000	124631000
695000	125642000
696000	123669000
697000	125665000
698000	125667000
699000	124726000
700000	126660000
701000	126662000
702000	128656000
703000	127657000
704000	128658000
705000	126659000
706000	125663000
707000	127659000
708000	128687000
709000	127662000
710000	127632000
711000	128655000
712000	129631000
713000	128684000
714000	127660000
715000	126692000
716000	127653000
717000	128683000
718000	126685000
719000	130655000
720000	128685000
721000	128654000
722000	129673000
723000	130650000
724000	129587000
725000	129618000
726000	133582000
727000	133581000
728000	131643000
729000	130651000
730000	131624000
731000	132708000
732000	132643000
733000	131677000
734000	132647000
735000	131648000
736000	132645000
737000	132706000
738000	134645000
739000	134645000
740000	135662000
741000	134645000
742000	143555000
743000	152591000
744000	145610000
745000	142653000
746000	142645000
747000	135635000
748000	133644000
749000	137641000
750000	134643000
751000	134688000
752000	137632000
753000	136668000
754000	136638000
755000	137660000
756000	136638000
757000	137634000
758000	135637000
759000	137632000
760000	141622000
761000	136633000
762000	138691000
763000	139604000
764000	138629000
765000	140624000
766000	140622000
767000	140623000
768000	141622000
769000	137632000
770000	139624000
771000	143617000
772000	141603000
773000	140587000
774000	140598000
775000	140648000
776000	139688000
777000	140626000
778000	141619000
779000	139634000
780000	141681000
781000	146607000
782000	144635000
783000	144622000
784000	146636000
785000	141687000
786000	143591000
787000	144612000
788000	143679000
789000	145673000
790000	141620000
791000	144616000
792000	144615000
793000	144611000
794000	144612000
795000	145611000
796000	145590000
797000	143614000
798000	144612000
799000	145610000
800000	146610000
801000	146606000
802000	145609000
803000	151595000
804000	148602000
805000	147603000
806000	147603000
807000	147604000
808000	148602000
809000	148603000
810000	147605000
811000	148603000
812000	148603000
813000	149604000
814000	150602000
815000	148600000
816000	150597000
817000	147605000
818000	151595000
819000	149599000
820000	151593000
821000	149538000
822000	152592000
823000	150641000
824000	153589000
825000	151593000
826000	152564000
827000	150623000
828000	153565000
829000	153588000
830000	152566000
831000	151615000
832000	152594000
833000	154589000
834000	152590000
835000	155585000
836000	152593000
837000	154584000
838000	155581000
839000	160570000
840000	153527000
841000	155586000
842000	157579000
843000	155585000
844000	153617000
845000	153628000
846000	155584000
847000	155585000
848000	154590000
849000	156649000
850000	157577000
851000	158605000
852000	157603000
853000	156579000
854000	160577000
855000	155583000
856000	158574000
857000	156643000
858000	158575000
859000	157576000
860000	161569000
861000	157641000
862000	158611000
863000	159574000
864000	158582000
865000	158582000
866000	161592000
867000	161572000
868000	160569000
869000	161568000
870000	161566000
871000	161507000
872000	160595000
873000	161508000
874000	162565000
875000	162565000
876000	161566000
877000	162567000
878000	161568000
879000	164585000
880000	165582000
881000	165556000
882000	163562000
883000	161542000
884000	163625000
885000	163518000
886000	163563000
887000	162565000
888000	164587000
889000	165557000
890000	164558000
891000	167552000
892000	164560000
893000	167553000
894000	165555000
895000	167551000
896000	166550000
897000	169585000
898000	170543000
899000	164619000
900000	167551000
901000	170517000
902000	167546000
903000	168553000
904000	169505000
905000	169515000
906000	168573000
907000	165581000
908000	166591000
909000	170546000
910000	167575000
911000	171607000
912000	171540000
913000	170520000
914000	168589000
915000	169573000
916000	174507000
917000	169612000
918000	170544000
919000	169552000
920000	169611000
921000	171553000
922000	171601000
923000	175469000
924000	175505000
925000	171512000
926000	175530000
927000	173534000
928000	172538000
929000	169547000
930000	171541000
931000	174532000
932000	176531000
933000	173537000
934000	177525000
935000	174530000
936000	174545000
937000	175596000
938000	173596000
939000	175531000
940000	183510000
941000	176528000
942000	175530000
943000	175592000
944000	175532000
945000	178520000
946000	180583000
947000	181484000
948000	179521000
949000	178493000
950000	178521000
951000	177550000
952000	180492000
953000	180517000
954000	181516000
955000	178523000
956000	179495000
957000	179561000
958000	181519000
959000	177525000
960000	178522000
961000	179457000
962000	180486000
963000	180515000
964000	180518000
965000	182514000
966000	180583000
967000	182512000
968000	180579000
969000	180558000
970000	181514000
971000	179518000
972000	183509000
973000	182512000
974000	186501000
975000	180515000
976000	182574000
977000	184513000
978000	182450000
979000	194480000
980000	199467000
981000	184508000
982000	184507000
983000	187560000
984000	183484000
985000	187496000
986000	209442000
987000	187498000
988000	187498000
989000	187498000
990000	184508000
991000	188496000
992000	198534000
993000	186500000
994000	188522000
995000	188495000
996000	187534000
997000	186476000
998000	186441000
999000	189518000
1000000	191488000
1000	0
2000	0
3000	0
4000	0
5000	998000
6000	997000
7000	0
8000	996000
9000	997000
10000	997000
11000	996000
12000	997000
13000	999000
14000	996000
15000	998000
16000	1995000
17000	1994000
18000	2056000
19000	1995000
20000	2012000
21000	2991000
22000	1999000
23000	2056000
24000	3029000
25000	3053000
26000	3013000
27000	2996000
28000	2996000
29000	3993000
30000	3993000
31000	3993000
32000	3993000
33000	3993000
34000	5048000
35000	4990000
36000	3992000
37000	4991000
38000	4985000
39000	4990000
40000	4990000
41000	5064000
42000	5007000
43000	5049000
44000	5984000
45000	6047000
46000	4926000
47000	6007000
48000	6001000
49000	6043000
50000	6002000
51000	7043000
52000	7042000
53000	6982000
54000	7006000
55000	7001000
56000	8041000
57000	6999000
58000	7003000
59000	7042000
60000	8004000
61000	8045000
62000	9017000
63000	7998000
64000	7999000
65000	8000000
66000	7999000
67000	8994000
68000	9013000
69000	9002000
70000	9038000
71000	8995000
72000	9928000
73000	10036000
74000	9991000
75000	10035000
76000	10989000
77000	10993000
78000	11032000
79000	11034000
80000	11034000
81000	10929000
82000	12006000
83000	11968000
84000	11007000
85000	11993000
86000	12029000
87000	11988000
88000	11944000
89000	13005000
90000	11964000
91000	13025000
92000	12984000
93000	12904000
94000	12960000
95000	13028000
96000	12970000
97000	13984000
98000	13899000
99000	14030000
100000	13900000
101000	13901000
102000	14897000
103000	14981000
104000	14025000
105000	15023000
106000	14951000
107000	14935000
108000	14960000
109000	15966000
110000	14896000
111000	15982000
112000	16974000
113000	15958000
114000	15957000
115000	15976000
116000	16893000
117000	16954000
118000	16951000
119000	16957000
120000	16929000
121000	17975000
122000	17952000
123000	17953000
124000	17883000
125000	17972000
126000	18943000
127000	17954000
128000	17952000
129000	18968000
130000	18926000
131000	18889000
132000	18920000
133000	18885000
134000	19948000
135000	19882000
136000	19884000
137000	19945000
138000	20010000
139000	19949000
140000	20945000
141000	20915000
142000	21918000
143000	20943000
144000	20947000
145000	21008000
146000	20980000
147000	20944000
148000	21978000
149000	22006000
150000	22939000
151000	21940000
152000	22940000
153000	22876000
154000	22914000
155000	23936000
156000	22962000
157000	23002000
158000	23938000
159000	22978000
160000	23936000
161000	23935000
162000	23934000
163000	23937000
164000	24909000
165000	24932000
166000	24935000
167000	24934000
168000	25931000
169000	25879000
170000	24937000
171000	25968000
172000	25971000
173000	25993000
174000	25973000
175000	26928000
176000	26928000
177000	25930000
178000	26928000
179000	27856000
180000	27971000
181000	27949000
182000	27987000
183000	26940000
184000	27993000
185000	27955000
186000	28908000
187000	27931000
188000	27887000
189000	30896000
190000	28859000
191000	29899000
192000	29891000
193000	28962000
194000	28903000
195000	29922000
196000	29986000
197000	29899000
198000	30922000
199000	29919000
200000	29919000
201000	30982000
202000	30918000
203000	30917000
204000	30917000
205000	31885000
206000	31988000
207000	30956000
208000	32856000
209000	33909000
210000	32952000
211000	32905000
212000	32910000
213000	32912000
214000	32910000
215000	32911000
216000	32915000
217000	33884000
218000	32955000
219000	34909000
220000	33909000
221000	34905000
222000	33905000
223000	34890000
224000	33975000
225000	34907000
226000	34971000
227000	34866000
228000	34902000
229000	35965000
230000	35885000
231000	35929000
232000	35942000
233000	35904000
234000	36886000
235000	37838000
236000	36968000
237000	37897000
238000	36864000
239000	36903000
240000	37897000
241000	37895000
242000	38938000
243000	37940000
244000	37898000
245000	37897000
246000	37967000
247000	38873000
248000	38895000
249000	38894000
250000	39894000
251000	38897000
252000	39895000
253000	39938000
254000	39936000
255000	39964000
256000	40892000
257000	39959000
258000	41864000
259000	40830000
260000	41826000
261000	40888000
262000	41888000
263000	40890000
264000	41888000
265000	41873000
266000	42887000
267000	43882000
268000	42953000
269000	42861000
270000	42883000
271000	42885000
272000	41917000
273000	43882000
274000	43943000
275000	43888000
276000	42889000
277000	43894000
278000	43952000
279000	44860000
280000	43886000
281000	44947000
282000	44881000
283000	45881000
284000	45919000
285000	44840000
286000	45861000
287000	44879000
288000	45817000
289000	44819000
290000	47871000
291000	46874000
292000	46877000
293000	46809000
294000	46876000
295000	46877000
296000	46878000
297000	47877000
298000	48932000
299000	47937000
300000	47943000
301000	47948000
302000	47876000
303000	49866000
304000	48870000
305000	48868000
306000	47912000
307000	49896000
308000	48856000
309000	49829000
310000	50895000
311000	50863000
312000	50874000
313000	49893000
314000	50863000
315000	50869000
316000	51925000
317000	52864000
318000	51926000
319000	51861000
320000	51864000
321000	52860000
322000	52866000
323000	51930000
324000	52903000
325000	52883000
326000	52890000
327000	52888000
328000	53885000
329000	53855000
330000	53857000
331000	53859000
332000	54833000
333000	53853000
334000	55850000
335000	54854000
336000	54851000
337000	55851000
338000	54855000
339000	56822000
340000	56787000
341000	54858000
342000	55849000
343000	56890000
344000	55831000
345000	56916000
346000	56847000
347000	55850000
348000	56850000
349000	56857000
350000	56829000
351000	58843000
352000	57846000
353000	57873000
354000	58846000
355000	58865000
356000	57846000
357000	58841000
358000	57852000
359000	59778000
360000	58848000
361000	59869000
362000	59849000
363000	60899000
364000	59845000
365000	60839000
366000	60837000
367000	60835000
368000	60836000
369000	60833000
370000	60837000
371000	61844000
372000	61843000
373000	62831000
374000	61838000
375000	63839000
376000	61837000
377000	62836000
378000	60844000
379000	62836000
380000	63829000
381000	62832000
382000	62832000
383000	63834000
384000	62831000
385000	62808000
386000	63835000
387000	62872000
388000	64828000
389000	64831000
390000	63872000
391000	64826000
392000	63896000
393000	66830000
394000	64829000
395000	64861000
396000	65821000
397000	66799000
398000	65828000
399000	66821000
400000	65824000
401000	66823000
402000	66850000
403000	66827000
404000	67823000
405000	68817000
406000	68795000
407000	67823000
408000	68790000
409000	68820000
410000	67843000
411000	68819000
412000	68821000
413000	67825000
414000	69855000
415000	70811000
416000	68816000
417000	68814000
418000	69812000
419000	70810000
420000	70793000
421000	70790000
422000	70851000
423000	70787000
424000	71808000
425000	72788000
426000	70815000
427000	71812000
428000	72806000
429000	72811000
430000	72783000
431000	72802000
432000	72871000
433000	73833000
434000	72785000
435000	73388000
436000	73801000
437000	74799000
438000	73803000
439000	74841000
440000	74805000
441000	75802000
442000	75839000
443000	74801000
444000	75736000
445000	74778000
446000	75736000
447000	75798000
448000	74805000
449000	75864000
450000	75797000
451000	75796000
452000	74799000
453000	76794000
454000	76794000
455000	76795000
456000	77792000
457000	77791000
458000	77794000
459000	78790000
460000	76800000
461000	77821000
462000	78768000
463000	77799000
464000	78856000
465000	77794000
466000	78787000
467000	79786000
468000	78799000
469000	80785000
470000	80764000
471000	79790000
472000	79856000
473000	80791000
474000	81848000
475000	80761000
476000	81781000
477000	80785000
478000	83739000
479000	80844000
480000	80784000
481000	80785000
482000	85710000
483000	82808000
484000	81743000
485000	81719000
486000	82805000
487000	84739000
488000	82753000
489000	83786000
490000	83816000
491000	84751000
492000	82777000
493000	83802000
494000	83805000
495000	85835000
496000	84778000
497000	83843000
498000	84752000
499000	83819000
500000	85750000
501000	88701000
502000	86751000
503000	84773000
504000	89763000
505000	85750000
506000	86773000
507000	86771000
508000	86768000
509000	87768000
510000	87771000
511000	87755000
512000	88762000
513000	89761000
514000	87769000
515000	87793000
516000	87765000
517000	88769000
518000	88767000
519000	89758000
520000	89761000
521000	88700000
522000	89826000
523000	91821000
524000	90738000
525000	90823000
526000	89766000
527000	91760000
528000	91782000
529000	90767000
530000	92752000
531000	91740000
532000	90757000
533000	92727000
534000	92754000
535000	91755000
536000	92752000
537000	92756000
538000	93732000
539000	92821000
540000	92775000
541000	94745000
542000	93751000
543000	98734000
544000	94813000
545000	93750000
546000	93730000
547000	95744000
548000	95805000
549000	95742000
550000	95744000
551000	106739000
552000	97744000
553000	98739000
554000	96802000
555000	95744000
556000	96741000
557000	97801000
558000	97701000
559000	94745000
560000	97739000
561000	98741000
562000	99734000
563000	98735000
564000	99802000
565000	98780000
566000	97804000
567000	100735000
568000	98802000
569000	98739000
570000	99733000
571000	99734000
572000	100668000
573000	99761000
574000	100735000
575000	101730000
576000	100732000
577000	101730000
578000	101727000
579000	101664000
580000	99732000
581000	101729000
582000	101728000
583000	102792000
584000	101771000
585000	103791000
586000	100709000
587000	101731000
588000	101792000
589000	102663000
590000	101727000
591000	104720000
592000	104720000
593000	106715000
594000	104720000
595000	105746000
596000	104720000
597000	106691000
598000	104719000
599000	105716000
600000	104720000
601000	104719000
602000	105720000
603000	103720000
604000	105717000
605000	106714000
606000	104720000
607000	106673000
608000	106713000
609000	106713000
610000	107712000
611000	109709000
612000	107709000
613000	107713000
614000	106715000
615000	108709000
616000	108710000
617000	107713000
618000	109705000
619000	109707000
620000	109707000
621000	109745000
622000	109736000
623000	110727000
624000	110682000
625000	110704000
626000	110703000
627000	113697000
628000	110705000
629000	113694000
630000	110730000
631000	110701000
632000	113659000
633000	111699000
634000	112701000
635000	110702000
636000	110765000
637000	112697000
638000	115691000
639000	115692000
640000	114693000
641000	113761000
642000	112724000
643000	113700000
644000	113692000
645000	116692000
646000	115669000
647000	117624000
648000	114633000
649000	114697000
650000	113697000
651000	116755000
652000	114676000
653000	114763000
654000	116754000
655000	117752000
656000	115692000
657000	117626000
658000	118683000
659000	119685000
660000	117659000
661000	118683000
662000	116690000
663000	117689000
664000	119746000
665000	119680000
666000	120675000
667000	118686000
668000	117690000
669000	122703000
670000	120700000
671000	118713000
672000	122700000
673000	119680000
674000	120676000
675000	119683000
676000	120614000
677000	122673000
678000	119678000
679000	119656000
680000	121715000
681000	122694000
682000	121613000
683000	123672000
684000	123647000
685000	123672000
686000	122737000
687000	126640000
688000	122652000
689000	125662000
690000	123667000
691000	122677000
692000	123670000
693000	124730000
694000	125662000
695000	128657000
696000	124666000
697000	123730000
698000	126666000
699000	125729000
700000	125687000
701000	128723000
702000	128661000
703000	127704000
704000	129655000
705000	126661000
706000	128655000
707000	126682000
708000	126690000
709000	126643000
710000	125663000
711000	127658000
712000	127660000
713000	132619000
714000	127730000
715000	129657000
716000	128631000
717000	130651000
718000	128626000
719000	128681000
720000	131645000
721000	129656000
722000	130650000
723000	130648000
724000	130614000
725000	131624000
726000	132645000
727000	130653000
728000	129654000
729000	144614000
730000	131647000
731000	134638000
732000	137633000
733000	136659000
734000	133637000
735000	132668000
736000	132712000
737000	132675000
738000	136676000
739000	132671000
740000	133705000
741000	138629000
742000	137612000
743000	143648000
744000	134640000
745000	135679000
746000	134640000
747000	135639000
748000	134639000
749000	136634000
750000	136640000
751000	139627000
752000	137629000
753000	136632000
754000	137636000
755000	136702000
756000	136636000
757000	171482000
758000	145611000
759000	135638000
760000	138629000
761000	135617000
762000	138628000
763000	139626000
764000	139668000
765000	139631000
766000	137609000
767000	137631000
768000	139628000
769000	142659000
770000	140624000
771000	140624000
772000	139689000
773000	139566000
774000	139626000
775000	147606000
776000	141620000
777000	145611000
778000	140628000
779000	140624000
780000	143553000
781000	141626000
782000	140624000
783000	141622000
784000	143651000
785000	144613000
786000	143615000
787000	143599000
788000	143616000
789000	144614000
790000	142582000
791000	144613000
792000	146607000
793000	143621000
794000	146609000
795000	146606000
796000	145631000
797000	146608000
798000	148605000
799000	145610000
800000	147605000
801000	143616000
802000	144593000
803000	147544000
804000	145613000
805000	148601000
806000	148560000
807000	147603000
808000	147584000
809000	149599000
810000	148601000
811000	149667000
812000	150596000
813000	152529000
814000	149663000
815000	149601000
816000	148601000
817000	150597000
818000	150601000
819000	148600000
820000	151593000
821000	151657000
822000	150536000
823000	150601000
824000	149666000
825000	150597000
826000	152592000
827000	153590000
828000	153614000
829000	153547000
830000	151596000
831000	151598000
832000	149604000
833000	152617000
834000	154592000
835000	151596000
836000	152634000
837000	154584000
838000	153587000
839000	151595000
840000	157576000
841000	154586000
842000	153589000
843000	153625000
844000	153589000
845000	155585000
846000	155559000
847000	153626000
848000	156647000
849000	154566000
850000	156520000
851000	157641000
852000	161573000
853000	158576000
854000	157577000
855000	159573000
856000	158574000
857000	158576000
858000	158574000
859000	160570000
860000	159573000
861000	159573000
862000	158574000
863000	159599000
864000	160646000
865000	158532000
866000	162564000
867000	159635000
868000	161568000
869000	160569000
870000	160593000
871000	163567000
872000	162564000
873000	163567000
874000	161564000
875000	162592000
876000	161567000
877000	163562000
878000	162565000
879000	165557000
880000	160569000
881000	162601000
882000	161632000
883000	163533000
884000	165582000
885000	164558000
886000	165528000
887000	164560000
888000	166583000
889000	166555000
890000	165557000
891000	162563000
892000	166555000
893000	165553000
894000	164559000
895000	167613000
896000	166492000
897000	167552000
898000	166593000
899000	165529000
900000	167576000
901000	174537000
902000	168520000
903000	169546000
904000	166582000
905000	169547000
906000	167553000
907000	168575000
908000	170546000
909000	169545000
910000	167553000
911000	182510000
912000	170536000
913000	168623000
914000	171544000
915000	171520000
916000	168611000
917000	170544000
918000	169538000
919000	174531000
920000	170544000
921000	167552000
922000	171539000
923000	173536000
924000	172539000
925000	176528000
926000	172537000
927000	171542000
928000	172514000
929000	173534000
930000	172515000
931000	172539000
932000	171542000
933000	174533000
934000	176528000
935000	176517000
936000	172578000
937000	176528000
938000	174512000
939000	174534000
940000	176526000
941000	174533000
942000	176504000
943000	180519000
944000	175532000
945000	177525000
946000	177527000
947000	177489000
948000	175469000
949000	181453000
950000	179488000
951000	181489000
952000	183506000
953000	178585000
954000	179458000
955000	179517000
956000	177525000
957000	181514000
958000	180455000
959000	181514000
960000	180518000
961000	180516000
962000	182512000
963000	180455000
964000	179555000
965000	178521000
966000	182510000
967000	181514000
968000	179521000
969000	180516000
970000	182486000
971000	180539000
972000	183507000
973000	184506000
974000	182510000
975000	180516000
976000	181549000
977000	185478000
978000	186504000
979000	184506000
980000	185478000
981000	187436000
982000	186503000
983000	185504000
984000	185503000
985000	186473000
986000	184482000
987000	189493000
988000	186499000
989000	186438000
990000	184505000
991000	187498000
992000	188497000
993000	185479000
994000	190490000
995000	188521000
996000	188495000
997000	187475000
998000	186478000
999000	187498000
1000000	189493000
1000	0
2000	0
3000	0
4000	0
5000	0
6000	0
7000	0
8000	0
9000	1000000
10000	996000
11000	1994000
12000	997000
13000	997000
14000	1995000
15000	1994000
16000	1993000
17000	2035000
18000	1993000
19000	2059000
20000	2059000
21000	2058000
22000	2056000
23000	2058000
24000	2999000
25000	3054000
26000	3061000
27000	3053000
28000	2992000
29000	2979000
30000	3961000
31000	4052000
32000	3989000
33000	4054000
34000	4050000
35000	4987000
36000	5046000
37000	4010000
38000	4986000
39000	5047000
40000	5030000
41000	5049000
42000	5053000
43000	5009000
44000	6046000
45000	5941000
46000	6007000
47000	6004000
48000	6051000
49000	6006000
50000	6053000
51000	6046000
52000	7043000
53000	7043000
54000	7045000
55000	6979000
56000	6974000
57000	7980000
58000	8002000
59000	8027000
60000	8042000
61000	8039000
62000	7938000
63000	8913000
64000	8975000
65000	9038000
66000	8996000
67000	9037000
68000	8997000
69000	9039000
70000	8981000
71000	10034000
72000	10037000
73000	11009000
74000	9998000
75000	11034000
76000	11032000
77000	11035000
78000	9974000
79000	9977000
80000	10994000
81000	11035000
82000	10990000
83000	10908000
84000	11947000
85000	12028000
86000	11971000
87000	12030000
88000	12924000
89000	12970000
90000	12964000
91000	12962000
92000	12928000
93000	12965000
94000	13922000
95000	13965000
96000	12923000
97000	12992000
98000	13960000
99000	12924000
100000	13980000
101000	14918000
102000	13899000
103000	13968000
104000	14916000
105000	13963000
106000	14980000
107000	14977000
108000	14983000
109000	15978000
110000	14963000
111000	17020000
112000	15957000
113000	15897000
114000	15957000
115000	17018000
116000	15932000
117000	15933000
118000	16958000
119000	16915000
120000	17970000
121000	16932000
122000	16932000
123000	18015000
124000	17949000
125000	16955000
126000	17953000
127000	18889000
128000	18889000
129000	18016000
130000	21879000
131000	19009000
132000	19003000
133000	19924000
134000	18985000
135000	19918000
136000	19939000
137000	19944000
138000	19885000
139000	19965000
140000	19947000
141000	20905000
142000	20941000
143000	21879000
144000	21916000
145000	21917000
146000	23893000
147000	24977000
148000	25929000
149000	25927000
150000	23892000
151000	23971000
152000	22975000
153000	21939000
154000	22939000
155000	23936000
156000	22938000
157000	23954000
158000	24911000
159000	22999000
160000	23935000
161000	23971000
162000	23935000
163000	23999000
164000	24995000
165000	24994000
166000	24934000
167000	25927000
168000	28883000
169000	28921000
170000	29921000
171000	29916000
172000	27925000
173000	28923000
174000	28878000
175000	28958000
176000	28922000
177000	26928000
178000	26892000
179000	28923000
180000	29919000
181000	29919000
182000	27986000
183000	27924000
184000	28977000
185000	27922000
186000	27860000
187000	28959000
188000	29957000
189000	28958000
190000	28960000
191000	29980000
192000	29958000
193000	29920000
194000	28923000
195000	29922000
196000	29984000
197000	30913000
198000	30879000
199000	30952000
200000	30918000
201000	30917000
202000	30917000
203000	30917000
204000	31915000
205000	32910000
206000	31914000
207000	31915000
208000	32912000
209000	32913000
210000	31853000
211000	31979000
212000	32977000
213000	32913000
214000	32910000
215000	32910000
216000	32911000
217000	32911000
218000	32977000
219000	33910000
220000	33909000
221000	34907000
222000	33909000
223000	34904000
224000	34886000
225000	35852000
226000	34887000
227000	33915000
228000	34904000
229000	35843000
230000	35903000
231000	36906000
232000	35908000
233000	35969000
234000	35904000
235000	35904000
236000	36900000
237000	36901000
238000	36900000
239000	37899000
240000	37963000
241000	37899000
242000	37900000
243000	37961000
244000	38961000
245000	37963000
246000	38962000
247000	38961000
248000	38936000
249000	38895000
250000	39892000
251000	40892000
252000	39895000
253000	39894000
254000	39934000
255000	39894000
256000	39898000
257000	40829000
258000	41889000
259000	41890000
260000	39894000
261000	40892000
262000	40896000
263000	40958000
264000	41892000
265000	41867000
266000	42925000
267000	41888000
268000	41956000
269000	41955000
270000	43883000
271000	42885000
272000	42886000
273000	42887000
274000	43883000
275000	42827000
276000	43884000
277000	44853000
278000	44819000
279000	43948000
280000	45875000
281000	43861000
282000	44859000
283000	44863000
284000	45908000
285000	44858000
286000	44859000
287000	45859000
288000	46936000
289000	45857000
290000	46874000
291000	46873000
292000	46856000
293000	47918000
294000	46853000
295000	46857000
296000	46850000
297000	47938000
298000	47870000
299000	47874000
300000	48939000
301000	47850000
302000	47903000
303000	47870000
304000	47872000
305000	50865000
306000	50862000
307000	50864000
308000	49867000
309000	49888000
310000	50842000
311000	49929000
312000	49935000
313000	49878000
314000	49866000
315000	50829000
316000	51903000
317000	51859000
318000	51930000
319000	50864000
320000	51922000
321000	51866000
322000	51863000
323000	52919000
324000	52858000
325000	53838000
326000	52859000
327000	53855000
328000	53837000
329000	54878000
330000	53837000
331000	54856000
332000	53837000
333000	53848000
334000	54854000
335000	53859000
336000	54853000
337000	55915000
338000	55849000
339000	54851000
340000	53855000
341000	55849000
342000	55848000
343000	54856000
344000	58812000
345000	56849000
346000	56847000
347000	57782000
348000	57785000
349000	57846000
350000	57846000
351000	56873000
352000	56831000
353000	56846000
354000	57848000
355000	57851000
356000	58847000
357000	57914000
358000	57892000
359000	58841000
360000	58843000
361000	60838000
362000	60837000
363000	59841000
364000	58884000
365000	59840000
366000	60837000
367000	61835000
368000	61834000
369000	60899000
370000	61782000
371000	61772000
372000	60818000
373000	61839000
374000	62898000
375000	62830000
376000	61876000
377000	61836000
378000	61835000
379000	62811000
380000	62858000
381000	63808000
382000	61904000
383000	62831000
384000	62837000
385000	63810000
386000	64790000
387000	63769000
388000	64827000
389000	65763000
390000	64897000
391000	65829000
392000	65825000
393000	65824000
394000	64827000
395000	66833000
396000	65803000
397000	64870000
398000	66826000
399000	66825000
400000	66825000
401000	66830000
402000	70840000
403000	66865000
404000	67821000
405000	68844000
406000	66806000
407000	68814000
408000	68823000
409000	67860000
410000	68800000
411000	67820000
412000	68818000
413000	69813000
414000	69815000
415000	69816000
416000	70783000
417000	70846000
418000	69843000
419000	71814000
420000	70815000
421000	69817000
422000	71806000
423000	71808000
424000	69812000
425000	72829000
426000	70811000
427000	71837000
428000	72744000
429000	75828000
430000	73808000
431000	72806000
432000	73803000
433000	72805000
434000	72872000
435000	73805000
436000	73802000
437000	72847000
438000	73798000
439000	73802000
440000	72805000
441000	75795000
442000	74800000
443000	74801000
444000	73807000
445000	75802000
446000	76800000
447000	75807000
448000	74841000
449000	74805000
450000	75778000
451000	75741000
452000	75803000
453000	76825000
454000	76759000
455000	76732000
456000	77769000
457000	76800000
458000	76798000
459000	77859000
460000	77855000
461000	77801000
462000	77773000
463000	77753000
464000	77768000
465000	78835000
466000	79786000
467000	78829000
468000	79789000
469000	79774000
470000	79789000
471000	81782000
472000	78820000
473000	80783000
474000	81787000
475000	80830000
476000	80793000
477000	80846000
478000	81760000
479000	82846000
480000	81781000
481000	82751000
482000	82763000
483000	81786000
484000	81719000
485000	80755000
486000	82822000
487000	83778000
488000	84814000
489000	83778000
490000	82778000
491000	82779000
492000	83777000
493000	83778000
494000	83776000
495000	85771000
496000	83755000
497000	84748000
498000	85770000
499000	86770000
500000	86766000
501000	85803000
502000	86797000
503000	85798000
504000	88766000
505000	86775000
506000	85767000
507000	88806000
508000	86772000
509000	86793000
510000	87770000
511000	87744000
512000	89763000
513000	87765000
514000	86752000
515000	87769000
516000	90757000
517000	88746000
518000	89826000
519000	88761000
520000	89758000
521000	88700000
522000	89764000
523000	90800000
524000	90757000
525000	88787000
526000	89734000
527000	90761000
528000	90760000
529000	91753000
530000	90822000
531000	90764000
532000	91756000
533000	91758000
534000	92732000
535000	93749000
536000	92717000
537000	92728000
538000	92750000
539000	92753000
540000	94687000
541000	91757000
542000	93750000
543000	96704000
544000	93747000
545000	95749000
546000	93710000
547000	95767000
548000	94748000
549000	94757000
550000	96741000
551000	95749000
552000	95749000
553000	95745000
554000	96782000
555000	96769000
556000	95718000
557000	96774000
558000	96720000
559000	97801000
560000	97803000
561000	97714000
562000	97745000
563000	98766000
564000	98736000
565000	97799000
566000	97721000
567000	98777000
568000	99732000
569000	100710000
570000	99731000
571000	98738000
572000	101664000
573000	98735000
574000	99733000
575000	101692000
576000	99760000
577000	99731000
578000	100730000
579000	102726000
580000	100730000
581000	99761000
582000	102730000
583000	101796000
584000	102724000
585000	101726000
586000	103725000
587000	102725000
588000	102723000
589000	103701000
590000	103788000
591000	101730000
592000	103682000
593000	103722000
594000	104697000
595000	110703000
596000	104721000
597000	105719000
598000	104720000
599000	105759000
600000	105769000
601000	105677000
602000	105714000
603000	106715000
604000	106676000
605000	107712000
606000	107710000
607000	106714000
608000	110682000
609000	107748000
610000	105680000
611000	108708000
612000	107714000
613000	108730000
614000	107710000
615000	109705000
616000	108709000
617000	108707000
618000	108711000
619000	110642000
620000	108710000
621000	110730000
622000	109646000
623000	110731000
624000	109769000
625000	111721000
626000	109730000
627000	110706000
628000	112705000
629000	110707000
630000	111745000
631000	113675000
632000	112767000
633000	113694000
634000	111701000
635000	111702000
636000	117660000
637000	112698000
638000	115666000
639000	114692000
640000	112700000
641000	113696000
642000	114712000
643000	112705000
644000	114721000
645000	113694000
646000	114691000
647000	113695000
648000	115692000
649000	114689000
650000	114713000
651000	115719000
652000	117713000
653000	116688000
654000	122670000
655000	118683000
656000	116688000
657000	115720000
658000	118705000
659000	114697000
660000	117689000
661000	117686000
662000	117683000
663000	117650000
664000	119682000
665000	118683000
666000	118681000
667000	120679000
668000	117685000
669000	118685000
670000	119680000
671000	119680000
672000	118682000
673000	124666000
674000	119662000
675000	121742000
676000	121740000
677000	119704000
678000	123732000
679000	120676000
680000	124672000
681000	120679000
682000	122672000
683000	121673000
684000	122672000
685000	123670000
686000	124604000
687000	123668000
688000	121678000
689000	124628000
690000	123705000
691000	126663000
692000	124665000
693000	126661000
694000	126599000
695000	123606000
696000	124665000
697000	124665000
698000	124732000
699000	126667000
700000	125693000
701000	127668000
702000	125663000
703000	125694000
704000	126665000
705000	128657000
706000	128654000
707000	125626000
708000	127690000
709000	126600000
710000	128657000
711000	129673000
712000	125679000
713000	128664000
714000	128595000
715000	128631000
716000	128654000
717000	134638000
718000	128661000
719000	129719000
720000	132675000
721000	130650000
722000	129651000
723000	129653000
724000	132643000
725000	130650000
726000	131647000
727000	128655000
728000	132646000
729000	134639000
730000	130651000
731000	133622000
732000	132671000
733000	131675000
734000	135639000
735000	132643000
736000	134639000
737000	133668000
738000	132716000
739000	135642000
740000	135575000
741000	134640000
742000	134650000
743000	132645000
744000	133642000
745000	134638000
746000	135642000
747000	134638000
748000	138568000
749000	138604000
750000	134681000
751000	135637000
752000	137603000
753000	135613000
754000	136613000
755000	139630000
756000	138654000
757000	136672000
758000	136633000
759000	136634000
760000	137631000
761000	136636000
762000	139631000
763000	136635000
764000	138628000
765000	139564000
766000	137655000
767000	142617000
768000	138627000
769000	139627000
770000	140622000
771000	141600000
772000	140620000
773000	141625000
774000	140629000
775000	140623000
776000	146608000
777000	139626000
778000	140630000
779000	145618000
780000	140628000
781000	143667000
782000	143640000
783000	142617000
784000	143591000
785000	144612000
786000	143616000
787000	144651000
788000	142593000
789000	143614000
790000	143615000
791000	143620000
792000	146630000
793000	145637000
794000	144636000
795000	147542000
796000	146670000
797000	147580000
798000	145586000
799000	144615000
800000	147667000
801000	145548000
802000	144633000
803000	146613000
804000	147583000
805000	148602000
806000	147626000
807000	147543000
808000	148602000
809000	149606000
810000	147605000
811000	149599000
812000	147666000
813000	147642000
814000	152657000
815000	147609000
816000	151595000
817000	151593000
818000	151593000
819000	151595000
820000	149586000
821000	154568000
822000	150625000
823000	151592000
824000	150596000
825000	151593000
826000	153589000
827000	151599000
828000	151595000
829000	151596000
830000	152591000
831000	151597000
832000	156580000
833000	152654000
834000	152611000
835000	153585000
836000	153586000
837000	152590000
838000	154587000
839000	153588000
840000	156581000
841000	155584000
842000	154588000
843000	161568000
844000	159573000
845000	156581000
846000	155583000
847000	154591000
848000	158510000
849000	156609000
850000	158573000
851000	158573000
852000	159573000
853000	158614000
854000	158515000
855000	157519000
856000	160567000
857000	162566000
858000	160569000
859000	156559000
860000	159574000
861000	157579000
862000	161953000
863000	159639000
864000	160585000
865000	162563000
866000	161566000
867000	159573000
868000	160569000
869000	162591000
870000	163567000
871000	160568000
872000	164559000
873000	163561000
874000	161569000
875000	162603000
876000	162591000
877000	161548000
878000	164583000
879000	162565000
880000	163562000
881000	163562000
882000	163583000
883000	164584000
884000	164561000
885000	162503000
886000	166559000
887000	162564000
888000	164584000
889000	163525000
890000	170507000
891000	167614000
892000	165555000
893000	183484000
894000	166529000
895000	165559000
896000	183444000
897000	176566000
898000	164536000
899000	166556000
900000	167551000
901000	166554000
902000	164560000
903000	167551000
904000	165556000
905000	170540000
906000	169584000
907000	171539000
908000	169546000
909000	167552000
910000	169569000
911000	167529000
912000	171541000
913000	169548000
914000	177523000
915000	167532000
916000	170516000
917000	175529000
918000	173535000
919000	172539000
920000	170548000
921000	172563000
922000	172560000
923000	176531000
924000	171567000
925000	171539000
926000	179454000
927000	213366000
928000	173598000
929000	170544000
930000	173511000
931000	174473000
932000	192485000
933000	174597000
934000	173512000
935000	177527000
936000	174508000
937000	175525000
938000	175555000
939000	172537000
940000	174595000
941000	178459000
942000	177549000
943000	179459000
944000	174492000
945000	177568000
946000	173537000
947000	176528000
948000	180515000
949000	180515000
950000	179520000
951000	177522000
952000	177526000
953000	175531000
954000	181479000
955000	178494000
956000	178494000
957000	177522000
958000	179503000
959000	182507000
960000	181516000
961000	180516000
962000	183511000
963000	180517000
964000	182513000
965000	180542000
966000	182485000
967000	180517000
968000	181516000
969000	180515000
970000	179521000
971000	185504000
972000	179518000
973000	182511000
974000	181519000
975000	183507000
976000	184504000
977000	183507000
978000	184512000
979000	190515000
980000	186496000
981000	183510000
982000	184505000
983000	186526000
984000	185528000
985000	187500000
986000	183507000
987000	184548000
988000	188496000
989000	184506000
990000	186477000
991000	185540000
992000	186514000
993000	189518000
994000	188557000
995000	185526000
996000	187495000
997000	187458000
998000	185543000
999000	187519000
1000000	189529000
1000	0
2000	997000
3000	0
4000	0
5000	0
6000	997000
7000	998000
8000	996000
9000	998000
10000	999000
11000	997000
12000	997000
13000	1995000
14000	1995000
15000	1994000
16000	1995000
17000	1995000
18000	1994000
19000	2058000
20000	2057000
21000	2057000
22000	3053000
23000	2022000
24000	3052000
25000	2993000
26000	4052000
27000	3989000
28000	3987000
29000	3015000
30000	3054000
31000	3991000
32000	4051000
33000	4053000
34000	4053000
35000	4050000
36000	4987000
37000	4010000
38000	5048000
39000	5052000
40000	5052000
41000	5052000
42000	5007000
43000	5071000
44000	6039000
45000	6048000
46000	5941000
47000	6006000
48000	6047000
49000	6009000
50000	6008000
51000	6982000
52000	5966000
53000	7008000
54000	7008000
55000	6983000
56000	7004000
57000	7978000
58000	8041000
59000	7977000
60000	7006000
61000	7997000
62000	8977000
63000	7995000
64000	9037000
65000	9038000
66000	9021000
67000	9041000
68000	8932000
69000	8933000
70000	8997000
71000	10042000
72000	8977000
73000	9973000
74000	10929000
75000	10037000
76000	9973000
77000	10971000
78000	11033000
79000	11041000
80000	10973000
81000	10992000
82000	10990000
83000	10968000
84000	10995000
85000	11901000
86000	11996000
87000	13002000
88000	12033000
89000	12986000
90000	13029000
91000	13028000
92000	12901000
93000	12934000
94000	12968000
95000	12966000
96000	13028000
97000	13922000
98000	13960000
99000	13960000
100000	12970000
101000	14983000
102000	14984000
103000	13966000
104000	14898000
105000	13960000
106000	14899000
107000	15895000
108000	14963000
109000	15957000
110000	14897000
111000	14988000
112000	15976000
113000	15918000
114000	16967000
115000	15957000
116000	16911000
117000	16890000
118000	16954000
119000	16975000
120000	16972000
121000	16954000
122000	17951000
123000	17925000
124000	17953000
125000	17951000
126000	17955000
127000	18889000
128000	18949000
129000	18951000
130000	18949000
131000	18972000
132000	18925000
133000	19967000
134000	19947000
135000	19948000
136000	19945000
137000	19983000
138000	19914000
139000	19946000
140000	20945000
141000	20944000
142000	20943000
143000	20943000
144000	20944000
145000	20877000
146000	21961000
147000	21940000
148000	21942000
149000	21943000
150000	21942000
151000	22938000
152000	22939000
153000	22896000
154000	22941000
155000	26865000
156000	24970000
157000	23998000
158000	23936000
159000	23931000
160000	22938000
161000	23936000
162000	24909000
163000	23909000
164000	24932000
165000	24932000
166000	24916000
167000	24907000
168000	24913000
169000	25992000
170000	25956000
171000	24914000
172000	25934000
173000	25928000
174000	25954000
175000	26989000
176000	25936000
177000	26990000
178000	26989000
179000	26993000
180000	26930000
181000	27884000
182000	27925000
183000	27931000
184000	27861000
185000	27904000
186000	27925000
187000	28967000
188000	28984000
189000	27991000
190000	28922000
191000	28921000
192000	29900000
193000	29892000
194000	29961000
195000	29961000
196000	29987000
197000	30953000
198000	29986000
199000	30983000
200000	30917000
201000	30987000
202000	30988000
203000	30919000
204000	31913000
205000	30895000
206000	30916000
207000	30955000
208000	31980000
209000	32977000
210000	32967000
211000	32912000
212000	31941000
213000	32936000
214000	33910000
215000	32849000
216000	33949000
217000	32977000
218000	32874000
219000	33909000
220000	33908000
221000	33910000
222000	33976000
223000	34937000
224000	34904000
225000	34950000
226000	34950000
227000	34972000
228000	34969000
229000	34948000
230000	35877000
231000	35902000
232000	35908000
233000	36901000
234000	36945000
235000	35965000
236000	36899000
237000	37875000
238000	36967000
239000	37897000
240000	37899000
241000	37875000
242000	37900000
243000	37897000
244000	37897000
245000	38873000
246000	39930000
247000	38894000
248000	37928000
249000	37966000
250000	38900000
251000	41888000
252000	39832000
253000	39898000
254000	39894000
255000	40889000
256000	39897000
257000	40889000
258000	39937000
259000	40888000
260000	41890000
261000	40933000
262000	41888000
263000	40830000
264000	41892000
265000	42891000
266000	41867000
267000	41954000
268000	42945000
269000	41899000
270000	42923000
271000	42824000
272000	41883000
273000	43888000
274000	43883000
275000	43881000
276000	43886000
277000	43883000
278000	44859000
279000	43888000
280000	44878000
281000	44843000
282000	44864000
283000	45906000
284000	44819000
285000	44880000
286000	46874000
287000	45878000
288000	45876000
289000	46872000
290000	46811000
291000	46942000
292000	45945000
293000	46877000
294000	46873000
295000	46874000
296000	46875000
297000	46874000
298000	51801000
299000	48845000
300000	47873000
301000	49867000
302000	48868000
303000	48909000
304000	48937000
305000	48936000
306000	50865000
307000	49863000
308000	50863000
309000	49868000
310000	49933000
311000	49847000
312000	49871000
313000	50866000
314000	50868000
315000	50869000
316000	50928000
317000	51864000
318000	51834000
319000	50907000
320000	51931000
321000	52901000
322000	51868000
323000	52865000
324000	52894000
325000	52859000
326000	53856000
327000	52857000
328000	53856000
329000	54854000
330000	53856000
331000	53856000
332000	53856000
333000	54810000
334000	54853000
335000	55850000
336000	54793000
337000	54853000
338000	54831000
339000	54854000
340000	54790000
341000	56787000
342000	55856000
343000	55788000
344000	56832000
345000	56888000
346000	56874000
347000	57886000
348000	56858000
349000	56856000
350000	57850000
351000	57906000
352000	57845000
353000	58780000
354000	58822000
355000	58915000
356000	57828000
357000	58781000
358000	58907000
359000	57778000
360000	59841000
361000	59875000
362000	60843000
363000	58821000
364000	59880000
365000	61816000
366000	60844000
367000	60900000
368000	62836000
369000	60838000
370000	61875000
371000	61838000
372000	60836000
373000	60899000
374000	61833000
375000	61832000
376000	61899000
377000	61901000
378000	62839000
379000	62830000
380000	62831000
381000	61834000
382000	62836000
383000	62862000
384000	62811000
385000	64827000
386000	64893000
387000	64828000
388000	63811000
389000	63830000
390000	63827000
391000	64827000
392000	65824000
393000	66823000
394000	65825000
395000	65829000
396000	65827000
397000	64826000
398000	67815000
399000	65804000
400000	66867000
401000	66819000
402000	66827000
403000	67819000
404000	66820000
405000	67818000
406000	68755000
407000	67820000
408000	67817000
409000	67859000
410000	68816000
411000	69820000
412000	68796000
413000	68820000
414000	68816000
415000	69817000
416000	70793000
417000	69856000
418000	68799000
419000	70773000
420000	70813000
421000	71808000
422000	71808000
423000	70809000
424000	69815000
425000	71746000
426000	72833000
427000	71871000
428000	70790000
429000	70792000
430000	71806000
431000	73804000
432000	73801000
433000	71806000
434000	72805000
435000	74805000
436000	74801000
437000	74800000
438000	75839000
439000	75798000
440000	75804000
441000	73831000
442000	74840000
443000	75862000
444000	73783000
445000	75758000
446000	75795000
447000	75802000
448000	74798000
449000	75857000
450000	74801000
451000	75737000
452000	75777000
453000	74799000
454000	76796000
455000	77793000
456000	76734000
457000	77792000
458000	76822000
459000	81782000
460000	77791000
461000	77790000
462000	77794000
463000	78791000
464000	79785000
465000	78763000
466000	80784000
467000	79787000
468000	79791000
469000	78857000
470000	78854000
471000	82718000
472000	80759000
473000	80784000
474000	81781000
475000	80786000
476000	80783000
477000	81779000
478000	82778000
479000	81738000
480000	81809000
481000	80762000
482000	83775000
483000	83715000
484000	81758000
485000	82785000
486000	81740000
487000	82821000
488000	82779000
489000	83776000
490000	83786000
491000	83755000
492000	85752000
493000	83779000
494000	85705000
495000	84836000
496000	85814000
497000	85769000
498000	84773000
499000	84773000
500000	85710000
501000	84772000
502000	85798000
503000	85776000
504000	86768000
505000	86707000
506000	87750000
507000	87763000
508000	86768000
509000	87747000
510000	87770000
511000	86809000
512000	89822000
513000	86810000
514000	87807000
515000	88742000
516000	88804000
517000	88739000
518000	89765000
519000	87765000
520000	90760000
521000	89743000
522000	90758000
523000	89762000
524000	89761000
525000	90759000
526000	90695000
527000	90756000
528000	89764000
529000	91734000
530000	92716000
531000	90757000
532000	91752000
533000	90781000
534000	91821000
535000	92769000
536000	94749000
537000	91733000
538000	93754000
539000	94746000
540000	96743000
541000	93725000
542000	94785000
543000	94813000
544000	94765000
545000	94750000
546000	95744000
547000	94756000
548000	95678000
549000	94749000
550000	94749000
551000	96742000
552000	94746000
553000	95733000
554000	94748000
555000	97736000
556000	96739000
557000	95744000
558000	95748000
559000	96744000
560000	96739000
561000	95744000
562000	97717000
563000	97740000
564000	98735000
565000	98734000
566000	99735000
567000	99713000
568000	98737000
569000	99799000
570000	100790000
571000	98736000
572000	100729000
573000	100731000
574000	99731000
575000	99800000
576000	99755000
577000	102725000
578000	100730000
579000	101730000
580000	99794000
581000	101727000
582000	102725000
583000	101727000
584000	101790000
585000	103722000
586000	104721000
587000	101690000
588000	101729000
589000	102726000
590000	105719000
591000	102664000
592000	104720000
593000	102785000
594000	103727000
595000	103697000
596000	106713000
597000	105718000
598000	104720000
599000	105718000
600000	104720000
601000	104658000
602000	106714000
603000	104721000
604000	105782000
605000	106714000
606000	105778000
607000	105719000
608000	112702000
609000	105748000
610000	109726000
611000	107712000
612000	109737000
613000	109711000
614000	108708000
615000	107675000
616000	108715000
617000	108710000
618000	108715000
619000	108708000
620000	107675000
621000	109773000
622000	108709000
623000	108670000
624000	109704000
625000	110666000
626000	109645000
627000	109707000
628000	110703000
629000	108734000
630000	113702000
631000	109706000
632000	113658000
633000	111702000
634000	111699000
635000	111699000
636000	110678000
637000	113698000
638000	112697000
639000	113695000
640000	115706000
641000	111767000
642000	112699000
643000	113719000
644000	118686000
645000	112699000
646000	113738000
647000	114693000
648000	115664000
649000	115714000
650000	117686000
651000	114691000
652000	114757000
653000	115681000
654000	116686000
655000	116691000
656000	118720000
657000	115687000
658000	116688000
659000	116686000
660000	117686000
661000	118682000
662000	119680000
663000	116688000
664000	121675000
665000	119746000
666000	117657000
667000	118682000
668000	118647000
669000	117751000
670000	119681000
671000	119678000
672000	120703000
673000	117751000
674000	120676000
675000	120677000
676000	119679000
677000	120675000
678000	121676000
679000	122670000
680000	119680000
681000	119680000
682000	120677000
683000	123604000
684000	151657000
685000	139624000
686000	135576000
687000	151638000
688000	141620000
689000	164540000
690000	156544000
691000	122709000
692000	125621000
693000	123668000
694000	125668000
695000	122675000
696000	126660000
697000	128656000
698000	126661000
699000	124666000
700000	124666000
701000	124666000
702000	128653000
703000	125668000
704000	125668000
705000	130649000
706000	127671000
707000	126635000
708000	126659000
709000	128653000
710000	127639000
711000	127698000
712000	126636000
713000	127712000
714000	128684000
715000	127661000
716000	129655000
717000	127659000
718000	130651000
719000	130653000
720000	130587000
721000	128655000
722000	129610000
723000	128722000
724000	131648000
725000	128657000
726000	133670000
727000	131650000
728000	133642000
729000	132647000
730000	133641000
731000	130712000
732000	134640000
733000	132646000
734000	134640000
735000	131626000
736000	134602000
737000	133704000
738000	132579000
739000	133642000
740000	135699000
741000	134604000
742000	135705000
743000	132708000
744000	136702000
745000	136572000
746000	135659000
747000	133649000
748000	134615000
749000	135668000
750000	138629000
751000	136634000
752000	136636000
753000	137638000
754000	135637000
755000	138630000
756000	135636000
757000	137632000
758000	136634000
759000	138627000
760000	140626000
761000	137607000
762000	138620000
763000	137695000
764000	142660000
765000	139587000
766000	140619000
767000	138653000
768000	139601000
769000	139624000
770000	142637000
771000	139623000
772000	142619000
773000	139625000
774000	142620000
775000	141625000
776000	139643000
777000	143640000
778000	142620000
779000	143614000
780000	142618000
781000	141657000
782000	143616000
783000	145610000
784000	141619000
785000	145612000
786000	142625000
787000	143678000
788000	144612000
789000	144641000
790000	142632000
791000	144619000
792000	149598000
793000	146606000
794000	143616000
795000	145608000
796000	145607000
797000	144615000
798000	146606000
799000	145609000
800000	145671000
801000	147605000
802000	149605000
803000	145611000
804000	145608000
805000	146613000
806000	144548000
807000	147605000
808000	149601000
809000	150598000
810000	147605000
811000	148602000
812000	150603000
813000	147567000
814000	151619000
815000	149599000
816000	148542000
817000	148632000
818000	150621000
819000	155608000
820000	150579000
821000	155559000
822000	148580000
823000	153590000
824000	151594000
825000	151598000
826000	151594000
827000	149665000
828000	152567000
829000	154584000
830000	155520000
831000	154584000
832000	152591000
833000	154590000
834000	154652000
835000	152630000
836000	154583000
837000	151595000
838000	157580000
839000	156521000
840000	153548000
841000	155582000
842000	155578000
843000	157577000
844000	156578000
845000	156580000
846000	154587000
847000	157578000
848000	155583000
849000	156579000
850000	156579000
851000	159575000
852000	157583000
853000	162563000
854000	158576000
855000	158574000
856000	157578000
857000	158575000
858000	156579000
859000	158637000
860000	157558000
861000	156605000
862000	158604000
863000	157615000
864000	159574000
865000	160638000
866000	159574000
867000	160596000
868000	159572000
869000	160570000
870000	161591000
871000	160574000
872000	161542000
873000	162590000
874000	166554000
875000	163523000
876000	161540000
877000	161574000
878000	163589000
879000	162602000
880000	164558000
881000	162502000
882000	163563000
883000	162565000
884000	162565000
885000	167551000
886000	166559000
887000	164620000
888000	163560000
889000	165617000
890000	163625000
891000	167554000
892000	169547000
893000	165559000
894000	166556000
895000	165556000
896000	165557000
897000	168549000
898000	168548000
899000	170545000
900000	169547000
901000	165594000
902000	166552000
903000	168549000
904000	169565000
905000	168545000
906000	171540000
907000	169548000
908000	169589000
909000	167517000
910000	170544000
911000	171541000
912000	169547000
913000	171603000
914000	168489000
915000	168550000
916000	170521000
917000	170568000
918000	169544000
919000	175467000
920000	172576000
921000	173508000
922000	173598000
923000	173536000
924000	174534000
925000	170544000
926000	175529000
927000	173511000
928000	173536000
929000	173537000
930000	176528000
931000	173561000
932000	172576000
933000	175589000
934000	176565000
935000	172518000
936000	176567000
937000	174533000
938000	173513000
939000	173536000
940000	174537000
941000	175530000
942000	172538000
943000	176527000
944000	175530000
945000	176500000
946000	177525000
947000	179520000
948000	176528000
949000	179519000
950000	177531000
951000	177525000
952000	177585000
953000	179544000
954000	177546000
955000	178517000
956000	181514000
957000	180516000
958000	184481000
959000	177550000
960000	179498000
961000	181539000
962000	179520000
963000	181513000
964000	181493000
965000	185565000
966000	182511000
967000	177551000
968000	180517000
969000	185528000
970000	182514000
971000	181512000
972000	184542000
973000	180518000
974000	184507000
975000	183575000
976000	180579000
977000	184512000
978000	188465000
979000	184509000
980000	184505000
981000	185505000
982000	184568000
983000	184570000
984000	185505000
985000	189493000
986000	188495000
987000	185505000
988000	188464000
989000	185509000
990000	186563000
991000	189555000
992000	187524000
993000	189555000
994000	186499000
995000	186496000
996000	191488000
997000	189428000
998000	187520000
999000	187499000
1000000	187494000
